Профиль	Подтип	h, мм	b, мм	s, мм	t, мм	R, мм	А, см2	M, кг	Ix, см4	Wx, см3	ix, см	Sx, см3	Iy, см4
10Б1	нормальный (балочный)	100.0	55.0	4.1	5.7	7.0	10.32	8.1	171.0	34.2	40.7	19.7	15.9
12Б1	нормальный (балочный)	117.6	64.0	3.8	5.1	7.0	11.03	8.7	257.0	43.8	48.3	24.9	22.4
12Б2	нормальный (балочный)	120.0	64.0	4.4	6.3	7.0	13.21	10.4	318.0	53.0	49.0	30.4	27.7
14Б1	нормальный (балочный)	137.4	73.0	3.8	5.6	7.0	13.39	10.5	435.0	63.3	57.0	35.8	36.4
14Б2	нормальный (балочный)	140.0	73.0	4.7	6.9	7.0	16.43	12.9	541.0	77.3	57.4	44.2	44.9
16Б1	нормальный (балочный)	157.0	82.0	4.0	5.9	9.0	16.18	12.7	689.0	87.8	65.3	49.6	54.4
16Б2	нормальный (балочный)	160.0	82.0	5.0	7.4	9.0	20.09	15.8	869.0	108.7	65.3	61.9	69.3
18Б1	нормальный (балочный)	177.0	91.0	4.3	6.5	9.0	19.58	15.4	1063.0	120.1	73.7	67.7	81.9
18Б2	нормальный (балочный)	180.0	91.0	5.3	8.0	9.0	23.95	18.8	1317.0	146.3	74.2	83.2	100.8
20Б1	нормальный (балочный)	200.0	100.0	5.5	8.0	11.0	27.16	21.3	1844.0	184.4	82.4	104.7	133.9
25Б1	нормальный (балочный)	248.0	124.0	5.0	8.0	12.0	32.68	25.7	3537.0	285.3	104.0	159.7	254.8
25Б2	нормальный (балочный)	250.0	125.0	6.0	9.0	12.0	37.66	29.6	4052.0	324.2	103.7	182.9	293.8
30Б1	нормальный (балочный)	298.0	149.0	5.5	8.0	13.0	40.6	32.0	6319.0	424.1	124.4	237.5	441.9
30Б2	нормальный (балочный)	300.0	150.0	6.5	9.0	13.0	46.78	36.7	7210.0	480.6	124.1	271.1	507.4
35Б1	нормальный (балочный)	346.0	174.0	6.0	9.0	14.0	52.68	41.4	11095.0	641.3	145.1	358.1	791.4
35Б2	нормальный (балочный)	350.0	175.0	7.0	11.0	14.0	63.14	49.6	13560.0	774.8	146.5	434.0	984.2
40Б1	нормальный (балочный)	396.0	199.0	7.0	11.0	16.0	72.16	56.6	20020.0	1011.1	166.6	564.0	1446.9
40Б2	нормальный (балочный)	400.0	200.0	8.0	13.0	16.0	84.12	66.0	23706.0	1185.3	167.9	663.2	1736.2
45Б1	нормальный (балочный)	446.0	199.0	8.0	12.0	18.0	84.3	66.2	28699.0	1287.0	184.5	725.1	1579.7
45Б2	нормальный (балочный)	450.0	200.0	9.0	14.0	18.0	96.76	76.0	33453.0	1496.8	185.9	839.6	1871.3
50Б1	нормальный (балочный)	492.0	199.0	8.8	12.0	20.0	92.38	72.5	36845.0	1497.8	199.7	853.5	1581.5
50Б2	нормальный (балочный)	496.0	199.0	9.0	14.0	20.0	101.27	79.5	41872.0	1688.4	203.3	937.3	1844.4
50Б3	нормальный (балочный)	500.0	200.0	10.0	16.0	20.0	114.23	89.7	47849.0	1914.0	204.7	1087.7	2140.3
55Б1	нормальный (балочный)	543.0	220.0	9.5	13.5	24.0	113.36	89.0	55682.0	2050.9	221.0	1165.1	2404.5
55Б2	нормальный (балочный)	547.0	220.0	10.0	15.5	24.0	124.75	97.9	62790.0	2295.8	224.4	1301.6	2760.3
60Б1	нормальный (балочный)	596.0	199.0	10.0	15.0	22.0	120.45	94.6	68721.0	2306.1	236.9	1325.5	1979.0
60Б2	нормальный (балочный)	600.0	200.0	11.0	17.0	22.0	134.45	105.5	77638.0	2587.9	240.3	1489.5	2277.5
70Б0	нормальный (балочный)	693.0	230.0	11.3	15.2	24.0	153.05	120.1	115187.0	3295.5	273.1	1913.1	3097.7
70Б1	нормальный (балочный)	691.0	260.0	12.0	15.5	24.0	164.74	129.3	125931.0	3644.9	276.5	2094.9	4556.4
70Б2	нормальный (балочный)	697.0	260.0	12.5	18.5	24.0	183.64	144.2	145913.0	4186.9	291.9	2392.8	5436.7
20Ш1	широкополочный	194.0	150.0	6.0	9.0	13.0	39.01	30.6	2690.0	277.3	83.0	154.3	507.1
25Ш1	широкополочный	244.0	175.0	7.0	11.0	16.0	56.24	44.1	6122.0	501.8	104.3	279.2	984.3
30Ш1	широкополочный	294.0	200.0	8.0	12.0	18.0	72.38	56.8	11339.0	771.4	125.2	429.5	1602.9
30Ш2	широкополочный	300.0	201.0	9.0	15.0	18.0	87.38	68.6	14210.0	947.4	127.5	529.9	2033.8
35Ш1	широкополочный	334.0	249.0	8.0	11.0	20.0	83.17	65.3	17108.0	1024.4	143.4	565.8	2834.1
35Ш2	широкополочный	340.0	250.0	9.0	14.0	20.0	101.51	79.7	21678.0	1275.2	146.1	706.1	3650.5
40Ш1	широкополочный	383.0	299.0	9.5	12.5	22.0	112.91	88.6	30556.0	1595.6	164.5	880.8	5575.4
40Ш2	широкополочный	390.0	300.0	10.0	16.0	22.0	135.95	106.7	38676.0	1983.4	168.7	1094.0	7207.1
45Ш1	широкополочный	440.0	300.0	11.0	18.0	24.0	157.39	123.5	56072.0	2546.7	188.8	1412.0	8110.3
50Ш1	широкополочный	482.0	300.0	11.0	15.0	26.0	145.52	114.2	60371.0	2505.0	203.7	1395.7	6762.4
50Ш2	широкополочный	487.0	300.0	14.5	17.5	26.0	176.34	138.4	71867.0	2951.4	201.9	1666.7	7896.4
50Ш3	широкополочный	493.0	300.0	15.5	20.5	26.0	198.86	156.1	83441.0	3395.0	204.8	1912.8	9249.7
50Ш4	широкополочный	499.0	300.0	16.5	23.5	26.0	221.38	173.8	95282.0	3818.9	207.5	2161.5	10603.4
60Ш1	широкополочный	582.0	300.0	12.0	17.0	28.0	174.49	137.0	102717.0	3529.8	242.3	1981.5	7669.0
60Ш2	широкополочный	589.0	300.0	16.0	20.5	28.0	217.41	170.7	126201.0	4285.3	240.9	2439.0	9257.4
60Ш3	широкополочный	597.0	300.0	18.0	24.5	28.0	252.37	198.1	150043.0	5026.6	243.8	2869.9	11067.3
60Ш4	широкополочный	605.0	300.0	20.0	28.5	28.0	287.33	225.6	174459.0	5767.2	246.4	3305.6	12879.3
70Ш1	широкополочный	692.0	300.0	13.0	20.0	28.0	211.49	166.0	172435.0	4983.7	285.3	2814.6	9022.9
70Ш2	широкополочный	698.0	300.0	15.0	23.0	28.0	242.53	190.4	198791.0	5696.0	286.3	3233.6	10381.1
70Ш3	широкополочный	707.0	300.0	18.0	27.5	28.0	289.09	226.9	239032.0	6731.9	287.6	3867.2	12422.4
70Ш4	широкополочный	715.0	300.0	20.5	31.5	28.0	329.39	258.6	275138.0	7696.2	289.0	4426.7	14240.2
70Ш5	широкополочный	725.0	300.0	23.0	36.5	28.0	375.69	294.9	319793.0	8821.9	291.9	5099.5	16512.3
80Ш1	широкополочный	782.0	300.0	13.5	17.0	28.0	209.71	164.6	205458.0	5254.7	313.0	3018.9	7676.7
80Ш2	широкополочный	792.0	300.0	14.0	22.0	28.0	243.45	191.1	253655.0	6405.4	322.8	3644.1	9928.9
90Ш1	широкополочный	881.0	299.0	15.0	18.5	28.0	243.96	191.5	292583.0	6642.1	346.3	3861.2	8278.5
90Ш2	широкополочный	890.0	299.0	15.0	23.0	28.0	270.87	212.6	345335.0	7770.3	357.1	4457.0	10223.3
100Ш1	широкополочный	990.0	320.0	16.0	21.0	30.0	293.8	230.6	446039.0	9010.9	389.6	5234.1	11517.9
100Ш2	широкополочный	998.0	320.0	17.0	25.0	30.0	328.88	258.2	516372.0	10348.2	396.2	5982.6	13710.0
100Ш3	широкополочный	1006.0	320.0	18.0	29.0	30.0	363.96	285.7	557730.0	11684.5	401.8	6736.2	15903.0
100Ш4	широкополочный	1013.0	320.0	19.5	32.5	30.0	400.58	314.5	655449.0	12940.7	404.5	7470.0	17828.8
20К1	колонный	196.0	199.0	6.5	10.0	13.0	52.69	41.4	3846.0	392.5	85.4	216.4	1341.4
20К2	колонный	200.0	200.0	8.0	12.0	13.0	63.53	49.9	4716.0	471.6	86.2	262.8	1601.4
25К1	колонный	246.0	249.0	8.0	12.0	16.0	79.72	62.6	9171.0	745.6	107.3	410.7	3089.9
25К2	колонный	250.0	250.0	9.0	14.0	16.0	92.18	72.4	10833.0	866.6	108.4	480.3	3648.6
25К3	колонный	253.0	251.0	10.0	15.5	16.0	102.21	80.2	12154.0	960.8	109.0	535.4	4088.6
30К1	колонный	298.0	299.0	9.0	14.0	18.0	110.8	87.0	18849.0	1265.1	130.4	694.7	6240.9
30К2	колонный	300.0	300.0	10.0	15.0	18.0	119.78	94.0	20411.0	1360.7	130.5	750.6	6754.5
30К3	колонный	300.0	305.0	15.0	15.0	18.0	134.79	105.9	21536.0	1435.7	126.4	806.9	7104.4
30К4	колонный	304.0	301.0	11.0	17.0	18.0	134.62	105.8	23381.0	1538.2	131.7	852.8	7732.3
35К1	колонный	342.0	348.0	10.0	15.0	20.0	139.03	107.1	31249.0	1827.14	149.9	1001.2	10541.7
35К2	колонный	350.0	350.0	12.0	19.0	20.0	173.87	136.5	40296.0	2302.6	152.2	1272.7	13585.3
40К1	колонный	394.0	398.0	11.0	18.0	22.0	186.81	146.6	56147.0	2850.1	173.4	1559.3	18921.9
40К2	колонный	400.0	400.0	13.0	21.0	22.0	218.67	171.7	66623.0	3331.2	174.5	1836.3	22412.0
40К3	колонный	406.0	403.0	16.0	24.0	22.0	254.87	200.1	78041.0	3844.4	175.0	2139.9	26199.5
40К4	колонный	414.0	405.0	18.0	28.0	22.0	295.39	231.9	92773.0	4481.8	177.2	2513.2	31026.2
40К5	колонный	429.0	400.0	23.0	35.5	22.0	370.49	290.8	120292.0	5608.0	180.2	3198.6	37914.2
10Б1	балочный нормальный	100.0	55.0	4.1	5.7	7.0	10.32	8.1	171.01	34.2	40.7	19.7	15.92
12Б1	балочный нормальный	117.6	64.0	3.8	5.1	7.0	11.03	8.7	257.36	43.8	48.3	24.94	22.39
12Б2	балочный нормальный	120.0	64.0	4.4	6.3	7.0	13.21	10.4	317.75	53.0	49.04	30.36	27.67
14Б1	балочный нормальный	137.4	73.0	3.8	5.6	7.0	13.39	10.5	434.86	63.3	56.98	35.8	36.42
14Б2	балочный нормальный	140.0	73.0	4.7	6.9	7.0	16.43	12.9	541.22	77.3	57.4	44.17	44.92
16Б1	балочный нормальный	157.0	82.0	4.0	5.9	9.0	16.18	12.7	689.28	87.8	65.27	49.55	54.43
16Б2	балочный нормальный	160.0	82.0	5.0	7.4	9.0	20.09	15.8	869.29	108.7	65.78	61.93	68.31
18Б1	балочный нормальный	177.0	91.0	4.3	6.5	9.0	19.58	15.4	1062.74	120.1	73.68	67.66	81.89
18Б2	балочный нормальный	180.0	91.0	5.3	8.0	9.0	23.95	18.8	1316.96	146.3	74.16	83.21	100.85
20Б0	балочный нормальный	198.0	99.0	4.5	7.0	11.0	23.18	18.2	1581.56	159.8	82.6	89.88	113.62
20Б1	балочный нормальный	200.0	100.0	5.5	8.0	11.0	27.16	21.3	1844.26	184.4	82.41	104.73	133.91
20Б2	балочный нормальный	203.0	101.0	6.5	9.5	11.0	32.19	25.3	2218.49	218.6	83.02	124.99	163.93
20Б3	балочный нормальный	208.0	102.0	8.0	12.0	11.0	40.24	31.6	2852.62	274.3	84.2	158.46	213.5
25Б1	балочный нормальный	248.0	124.0	5.0	8.0	12.0	32.68	25.7	3537.11	285.3	104.04	159.68	254.85
25Б2	балочный нормальный	250.0	125.0	6.0	9.0	12.0	37.66	29.6	4051.73	324.1	103.73	182.93	293.85
25Б3	балочный нормальный	255.0	126.0	7.5	11.5	12.0	47.62	37.4	5238.16	410.8	104.88	233.88	384.79
25Б4	балочный нормальный	260.0	127.0	9.0	14.0	12.0	57.68	45.3	6481.01	498.5	106.0	286.25	480.07
30Б1	балочный нормальный	298.0	149.0	5.5	8.0	13.0	40.8	32.0	6318.22	424.0	124.44	237.53	442.0
30Б2	балочный нормальный	300.0	150.0	6.5	9.0	13.0	46.78	36.7	7209.26	480.6	124.14	271.06	507.53
30Б3	балочный нормальный	305.0	151.0	8.0	11.5	13.0	58.74	46.1	9254.92	606.9	125.52	344.37	661.88
30Б4	балочный нормальный	310.0	152.0	9.5	14.0	13.0	70.8	55.6	11381.41	734.3	126.79	419.4	822.37
35Б1	балочный нормальный	346.0	174.0	6.0	9.0	14.0	52.68	41.4	11094.49	641.3	145.12	358.09	791.54
35Б2	балочный нормальный	350.0	175.0	7.0	11.0	14.0	63.14	49.6	13559.01	774.8	146.54	433.96	984.34
35Б3	балочный нормальный	355.0	176.0	8.5	13.5	14.0	77.08	60.5	16797.02	946.3	147.62	533.54	1229.36
35Б4	балочный нормальный	361.0	177.0	10.0	16.5	14.0	92.89	72.9	20719.71	1147.9	149.35	651.07	1528.9
40Б1	балочный нормальный	396.0	199.0	7.0	11.0	16.0	72.16	56.6	20018.83	1011.1	166.56	563.93	1447.14
40Б2	балочный нормальный	400.0	200.0	8.0	13.0	16.0	84.12	66.0	23704.43	1185.2	167.87	663.13	1736.39
40Б3	балочный нормальный	406.0	201.0	9.5	16.0	16.0	102.05	80.1	29352.45	1445.9	169.6	813.38	2169.89
40Б4	балочный нормальный	412.0	202.0	11.0	19.0	16.0	120.1	94.3	35196.83	1708.6	171.19	966.65	2616.25
45Б1	балочный нормальный	446.0	199.0	8.0	12.0	18.0	84.3	66.2	28697.35	1286.9	184.5	725.06	1580.03
45Б2	балочный нормальный	450.0	200.0	9.0	14.0	18.0	96.76	76.0	33450.76	1486.7	185.93	839.53	1871.57
45Б3	балочный нормальный	456.0	201.0	10.5	17.0	18.0	115.43	90.6	40710.41	1785.5	187.8	1012.55	2307.62
45Б4	балочный нормальный	462.0	202.0	12.0	20.0	18.0	134.22	105.4	48197.42	2086.5	189.5	1188.75	2756.66
50Б1	балочный нормальный	492.0	199.0	8.8	12.0	20.0	92.38	72.5	36841.89	1497.6	199.7	853.45	1581.96
50Б2	балочный нормальный	496.0	199.0	9.0	14.0	20.0	101.27	79.5	41869.08	1688.3	203.33	957.23	1844.89
50Б3	балочный нормальный	500.0	200.0	10.0	16.0	20.0	114.23	89.7	47846.05	1913.8	204.66	1087.59	2140.79
50Б4	балочный нормальный	508.0	201.0	12.0	20.0	20.0	139.99	109.9	59953.57	2360.4	206.94	1348.82	2717.85
50Б5	балочный нормальный	516.0	202.0	15.0	24.0	20.0	170.59	133.9	73345.26	2842.8	207.35	1642.68	3315.53
55Б1	балочный нормальный	543.0	220.0	9.5	13.5	24.0	113.36	89.0	55677.42	2050.7	221.62	1164.94	2405.54
55Б2	балочный нормальный	547.0	220.0	10.0	15.5	24.0	124.74	97.9	62784.45	2295.6	224.34	1301.49	2761.34
55Б3	балочный нормальный	553.0	221.0	12.0	18.5	24.0	148.63	116.7	75321.22	2724.1	225.11	1554.49	3342.92
55Б4	балочный нормальный	560.0	222.0	14.0	22.0	24.0	174.86	137.3	89907.09	3211.0	226.75	1842.2	4032.07
60Б1	балочный нормальный	596.0	199.0	10.0	15.0	22.0	120.45	94.6	68715.9	2305.9	238.85	1325.36	1979.66
60Б2	балочный нормальный	600.0	200.0	11.0	17.0	22.0	134.41	105.5	77632.25	2587.7	240.32	1489.36	2278.16
60Б3	балочный нормальный	604.0	201.0	12.5	19.0	22.0	151.28	118.8	87472.1	2896.4	240.46	1675.38	2586.62
60Б4	балочный нормальный	612.0	202.0	15.0	23.0	22.0	181.97	142.9	106509.5	3480.7	241.93	2026.68	3182.62
70Б1	балочный нормальный	691.0	260.0	12.0	15.5	24.0	164.74	129.3	125922.2	3644.6	276.47	2094.79	4557.35
70Б2	балочный нормальный	697.0	260.0	13.0	18.5	24.0	186.94	146.8	147101.92	4221.0	280.51	2419.9	5439.31
70Б3	балочный нормальный	702.0	261.0	14.5	21.0	24.0	210.26	165.1	167085.05	4760.3	281.89	2736.06	6248.49
70Б4	балочный нормальный	710.0	262.0	17.0	25.0	24.0	248.14	194.8	199679.98	5624.8	283.67	3249.28	7531.16
20Ш0	балочный широкополочный	190.0	149.0	5.0	7.0	13.0	31.11	24.4	2079.6	218.9	81.76	120.97	386.62
20Ш1	балочный широкополочный	194.0	150.0	6.0	9.0	13.0	39.01	30.6	2689.74	277.3	83.04	154.28	507.16
20Ш2	балочный широкополочный	199.0	151.0	7.5	11.5	13.0	49.38	38.8	3502.14	352.0	84.21	198.01	661.25
20Ш3	балочный широкополочный	204.0	152.0	9.0	14.0	13.0	59.85	47.0	4362.01	427.7	85.37	243.18	821.37
20Ш4	балочный широкополочный	211.0	155.0	11.0	17.5	13.0	75.06	58.9	5696.83	540.0	87.12	311.2	1089.19
20Ш5	балочный широкополочный	218.0	157.0	13.0	21.0	13.0	90.27	70.9	7117.64	653.0	88.8	381.26	1359.05
20Ш6	балочный широкополочный	228.0	159.0	16.0	26.0	13.0	112.29	88.2	9312.8	816.9	91.07	485.66	1749.68
25Ш0	балочный широкополочный	240.0	174.0	6.0	9.0	16.0	46.84	36.8	4981.13	415.1	103.13	229.64	791.75
25Ш1	балочный широкополочный	244.0	175.0	7.0	11.0	16.0	56.24	44.2	6121.23	501.7	104.33	279.19	984.48
25Ш2	балочный широкополочный	249.0	176.0	8.5	13.5	16.0	68.59	53.8	7624.69	612.4	105.44	343.94	1229.33
25Ш3	балочный широкополочный	256.0	177.0	10.5	17.0	16.0	85.69	67.3	9819.49	767.2	107.05	436.06	1575.2
25Ш4	балочный широкополочный	264.0	182.0	13.0	21.0	16.0	107.5	84.4	12751.44	966.0	108.91	556.26	2116.49
25Ш5	балочный широкополочный	274.0	184.0	16.0	26.0	16.0	133.4	104.7	16478.26	1202.8	111.14	703.59	2710.17
25Ш6	балочный широкополочный	286.0	186.0	19.0	32.0	16.0	163.42	128.3	21287.68	1488.7	114.13	884.76	3448.57
30Ш0	балочный широкополочный	290.0	199.0	7.0	10.0	18.0	61.48	48.3	9429.75	650.3	123.85	360.6	1316.09
30Ш1	балочный широкополочный	294.0	200.0	8.0	12.0	18.0	72.38	56.8	11338.3	771.3	125.16	429.51	1603.26
30Ш2	балочный широкополочный	300.0	201.0	9.0	15.0	18.0	87.38	68.6	14209.66	947.3	127.52	529.86	2034.13
30Ш3	балочный широкополочный	306.0	203.0	11.0	18.0	18.0	105.56	82.9	17455.33	1140.9	128.59	644.63	2515.46
30Ш4	балочный широкополочный	314.0	206.0	13.0	22.0	18.0	128.52	100.9	21967.16	1399.2	130.74	798.35	3213.67
30Ш5	балочный широкополочный	326.0	208.0	16.0	28.0	18.0	162.46	127.5	29037.68	1781.5	133.69	1031.79	4213.04
30Ш6	балочный широкополочный	342.0	210.0	20.0	36.0	18.0	207.98	163.3	39315.66	2299.2	137.49	1357.14	5580.38
35Ш1	балочный широкополочный	334.0	249.0	8.0	11.0	20.0	83.17	65.3	17107.05	1024.4	143.42	565.71	2834.62
35Ш2	балочный широкополочный	340.0	250.0	9.0	14.0	20.0	101.51	79.7	21676.5	1275.1	146.13	706.03	3650.97
35Ш3	балочный широкополочный	347.0	252.0	11.0	17.5	20.0	125.95	98.9	27535.21	1587.0	147.86	886.41	4674.9
35Ш4	балочный широкополочный	354.0	254.0	13.0	21.0	20.0	150.67	118.3	33692.45	1903.5	149.54	1072.31	5745.8
35Ш5	балочный широкополочный	364.0	258.0	16.0	26.0	20.0	187.51	147.2	43231.44	2375.4	151.84	1354.36	7458.32
35Ш6	балочный широкополочный	376.0	260.0	19.0	32.0	20.0	229.11	179.9	54967.48	2923.8	154.89	1688.25	9398.88
35Ш7	балочный широкополочный	392.0	262.0	23.0	40.0	20.0	284.79	223.6	71815.25	3664.0	158.8	2150.36	12030.69
40Ш1	балочный широкополочный	383.0	299.0	9.5	12.5	22.0	112.91	88.6	30554.32	1595.5	164.5	880.73	5576.08
40Ш2	балочный широкополочный	390.0	300.0	10.0	16.0	22.0	135.95	106.7	38674.1	1983.3	168.66	1093.97	7207.77
40Ш3	балочный широкополочный	397.0	302.0	12.0	19.5	22.0	164.89	129.4	47846.38	2410.4	170.34	1339.96	8962.48
40Ш4	балочный широкополочный	406.0	304.0	14.5	24.0	22.0	201.98	158.6	60107.1	2960.9	172.51	1662.0	11253.74
40Ш5	балочный широкополочный	418.0	309.0	17.5	30.0	22.0	252.2	198.0	77867.25	3725.7	175.71	2114.9	14776.27
40Ш6	балочный широкополочный	430.0	311.0	21.0	36.0	22.0	303.25	238.1	96432.24	4485.2	178.32	2578.21	18086.35
40Ш7	балочный широкополочный	446.0	313.0	25.0	44.0	22.0	369.09	289.7	122543.61	5495.2	182.21	3204.85	22547.07
45Ш0	балочный широкополочный	434.0	299.0	10.0	15.0	24.0	135.04	106.0	46794.17	2156.4	186.15	1192.24	6692.4
45Ш1	балочный широкополочный	440.0	300.0	11.0	18.0	24.0	157.38	123.6	56069.13	2548.6	188.75	1412.44	8111.31
45Ш2	балочный широкополочный	446.0	302.0	13.0	21.0	24.0	184.3	144.7	66379.08	2976.6	189.78	1661.51	9655.62
45Ш3	балочный широкополочный	452.0	304.0	15.0	24.0	24.0	211.46	166.0	77050.83	3409.3	190.88	1915.99	11258.33
45Ш4	балочный широкополочный	464.0	308.0	18.0	30.0	24.0	262.46	206.0	98962.82	4265.6	194.18	2420.93	14639.89
45Ш5	балочный широкополочный	476.0	310.0	21.0	36.0	24.0	312.98	245.7	121722.09	5114.4	197.21	2932.26	17919.22
45Ш6	балочный широкополочный	492.0	312.0	25.0	44.0	24.0	380.5	298.7	153856.39	6254.3	201.08	3633.74	22341.69
50Ш1	балочный широкополочный	482.0	300.0	11.0	15.0	26.0	145.52	114.2	60366.76	2504.8	203.67	1395.56	6763.81
50Ш2	балочный широкополочный	487.0	300.0	14.5	17.5	26.0	176.34	138.4	71863.01	2951.3	201.87	1666.63	7897.76
50Ш3	балочный широкополочный	493.0	300.0	15.5	20.5	26.0	198.86	156.1	83437.19	3384.9	204.83	1912.66	9251.07
50Ш4	балочный широкополочный	499.0	300.0	16.5	23.5	26.0	221.38	173.8	95277.59	3818.7	207.45	2161.4	10604.77
50Ш5	балочный широкополочный	508.0	302.0	19.0	28.0	26.0	260.8	204.7	114959.83	4526.0	209.95	2578.55	12894.5
50Ш6	балочный широкополочный	518.0	310.0	22.0	33.0	26.0	309.84	243.2	140248.12	5415.0	212.75	3106.5	16442.93
50Ш7	балочный широкополочный	532.0	312.0	26.0	40.0	26.0	372.92	292.7	174203.77	6549.0	216.13	3797.96	20335.66
50Ш8	балочный широкополочный	548.0	314.0	30.0	48.0	26.0	442.84	347.6	214879.98	7842.3	220.28	4598.03	24895.52
60Ш1	балочный широкополочный	582.0	300.0	12.0	17.0	28.0	174.49	137.0	102709.98	3529.6	242.62	1981.3	7669.85
60Ш2	балочный широкополочный	589.0	300.0	16.0	20.5	28.0	217.41	170.7	126193.28	4285.0	240.92	2438.84	9259.23
60Ш3	балочный широкополочный	597.0	300.0	18.0	24.5	28.0	252.37	198.1	150035.32	5026.3	243.82	2869.72	11069.15
60Ш4	балочный широкополочный	605.0	300.0	20.0	28.5	28.0	287.33	225.6	174450.48	5767.0	246.4	3305.39	12881.17
60Ш5	балочный широкополочный	616.0	302.0	23.0	34.0	28.0	338.13	265.4	210467.04	6833.4	249.49	3941.46	15686.68
60Ш6	балочный широкополочный	630.0	315.0	27.0	41.0	28.0	412.99	324.2	266239.93	8452.1	253.9	4907.09	21476.18
60Ш7	балочный широкополочный	644.0	317.0	31.0	48.0	28.0	480.93	377.5	318172.04	9881.1	257.21	5788.14	25653.76
60Ш8	балочный широкополочный	664.0	319.0	36.0	58.0	28.0	574.05	450.6	394963.73	11896.5	262.3	7047.57	31634.21
70Ш1	балочный широкополочный	692.0	300.0	13.0	20.0	28.0	211.49	166.0	172424.05	4983.4	285.53	2814.39	9024.74
70Ш2	балочный широкополочный	698.0	300.0	15.0	23.0	28.0	242.53	190.4	198779.77	5695.7	286.29	3233.41	10382.92
70Ш3	балочный широкополочный	707.0	300.0	18.0	27.5	28.0	289.09	226.9	239021.1	6761.6	287.54	3867.01	12424.2
70Ш4	балочный широкополочный	715.0	300.0	20.5	31.5	28.0	329.39	258.6	275127.01	7695.9	289.01	4426.46	14242.0
70Ш5	балочный широкополочный	725.0	300.0	23.0	36.5	28.0	375.69	294.9	319781.96	8821.6	291.75	5099.3	16514.18
70Ш6	балочный широкополочный	740.0	313.0	27.0	44.0	28.0	458.21	359.7	403258.33	10898.9	296.66	6334.98	22622.21
70Ш7	балочный широкополочный	758.0	315.0	32.0	53.0	28.0	549.27	431.2	496466.98	13099.4	300.64	7693.0	27822.58
70Ш8	балочный широкополочный	780.0	317.0	38.0	64.0	28.0	660.25	518.3	616075.38	15796.8	305.47	9389.94	34321.6
15К1	колонный	147.0	149.0	6.0	8.5	11.0	34.17	26.8	1366.76	186.0	63.25	103.63	469.21
15К2	колонный	150.0	150.0	7.0	10.0	11.0	40.14	31.5	1641.33	218.8	63.95	123.04	563.28
15К3	колонный	155.0	151.0	8.5	12.5	11.0	49.84	39.1	2117.61	273.2	65.18	155.69	718.46
15К4	колонный	160.0	152.0	10.0	15.0	11.0	59.64	46.8	2629.16	328.6	66.4	189.67	879.66
15К5	колонный	166.0	153.0	12.0	18.0	11.0	71.72	56.3	3291.43	396.6	67.74	232.39	1077.13
20К1	колонный	196.0	199.0	6.5	10.0	13.0	52.69	41.4	3846.06	392.5	85.44	216.41	1314.47
20К2	колонный	200.0	200.0	8.0	12.0	13.0	63.53	49.9	4715.63	471.6	86.15	262.75	1601.53
20К3	колонный	204.0	201.0	9.0	14.0	13.0	73.57	57.8	5602.48	549.3	87.26	308.35	1896.76
20К4	колонный	210.0	201.0	10.5	17.0	13.0	88.27	69.3	6962.62	663.1	88.81	376.57	2303.59
20К5	колонный	214.0	202.0	12.0	19.0	13.0	99.33	78.0	7970.4	744.9	89.58	426.84	2613.87
20К6	колонный	220.0	202.0	14.0	22.0	13.0	114.97	90.3	9488.15	862.6	90.84	500.34	3027.75
20К7	колонный	226.0	203.0	16.0	25.0	13.0	131.11	102.9	11136.66	985.6	92.16	578.16	3493.41
20К8	колонный	234.0	203.0	18.0	29.0	13.0	150.87	118.4	13375.48	1143.2	94.16	679.29	4053.99
25К1	колонный	246.0	249.0	8.0	12.0	16.0	79.72	62.6	9170.92	745.6	107.26	410.68	3090.06
25К10	колонный	298.0	261.0	23.0	38.0	16.0	251.62	197.5	36112.37	2423.7	119.8	1442.84	11288.1
25К2	колонный	250.0	250.0	9.0	14.0	16.0	92.18	72.4	10832.61	866.6	108.41	480.25	3648.81
25К3	колонный	253.0	251.0	10.0	15.5	16.0	102.21	80.2	12153.56	960.8	109.05	535.41	4088.75
25К4	колонный	257.0	252.0	11.0	17.5	16.0	114.82	90.1	13927.17	1083.8	110.14	607.67	4672.01
25К5	колонный	262.0	253.0	12.5	20.0	16.0	131.15	103.0	16243.92	1240.0	111.29	701.07	5404.02
25К6	колонный	267.0	253.0	14.0	22.5	16.0	147.13	115.5	18593.24	1392.8	112.42	793.96	6080.59
25К7	колонный	274.0	258.0	16.0	26.0	16.0	171.88	134.9	22416.62	1636.3	114.2	942.16	7452.57
25К8	колонный	281.0	259.0	18.0	29.5	16.0	194.97	153.1	26169.72	1862.6	115.86	1083.49	8556.67
25К9	колонный	288.0	260.0	20.0	33.0	16.0	218.2	171.3	30128.76	2092.3	117.51	1228.96	9685.85
30К1	колонный	298.0	299.0	9.0	14.0	18.0	110.8	87.0	18848.66	1265.0	130.43	694.64	6241.19
30К10	колонный	328.0	359.0	18.0	29.0	18.0	259.6	203.8	50113.52	3055.7	138.94	1738.68	22381.16
30К11	колонный	334.0	360.0	20.0	32.0	18.0	287.18	225.4	56488.07	3382.5	140.25	1939.98	24906.98
30К12	колонный	341.0	361.0	22.0	35.5	18.0	318.49	250.0	64158.87	3763.0	141.93	2176.26	27866.03
30К13	колонный	350.0	362.0	24.0	40.0	18.0	357.18	280.4	74376.59	4250.1	144.3	2481.31	31663.84
30К14	колонный	356.0	371.0	27.0	43.0	18.0	394.74	309.9	83542.72	4693.4	145.48	2760.9	36649.59
30К15	колонный	364.0	372.0	30.0	47.0	18.0	433.46	340.3	93889.39	5158.8	147.17	3062.8	40396.23
30К16	колонный	374.0	373.0	33.0	52.0	18.0	479.8	376.6	107317.14	5738.9	149.56	3441.68	45068.65
30К17	колонный	384.0	374.0	36.0	57.0	18.0	526.34	413.2	121512.35	6328.8	151.94	3831.76	49816.72
30К18	колонный	396.0	375.0	39.0	63.0	18.0	580.58	455.8	139424.86	7041.7	154.97	4307.16	55520.26
30К19	колонный	408.0	385.0	43.0	69.0	18.0	650.18	510.4	162282.28	7955.0	157.99	4912.82	65823.94
30К2	колонный	300.0	300.0	10.0	15.0	18.0	119.78	94.0	20410.21	1360.7	130.54	750.59	6754.83
30К20	колонный	422.0	387.0	47.0	76.0	18.0	717.92	563.6	187072.37	8866.0	161.42	5534.78	73671.75
30К21	колонный	440.0	389.0	52.0	85.0	18.0	804.48	631.5	221339.16	10060.9	165.87	6361.1	83732.23
30К3	колонный	300.0	305.0	15.0	15.0	18.0	134.78	105.8	21535.21	1435.7	126.4	806.84	7104.76
30К4	колонный	304.0	301.0	11.0	17.0	18.0	134.82	105.8	23380.49	1538.2	131.69	852.74	7732.59
30К5	колонный	308.0	301.0	12.0	19.0	18.0	149.56	117.4	26362.99	1711.9	132.77	953.96	8642.78
30К6	колонный	312.0	302.0	13.0	21.0	18.0	164.72	129.3	29508.74	1891.6	133.84	1059.44	9648.6
30К7	колонный	316.0	302.0	14.5	23.0	18.0	180.85	142.0	32732.42	2071.7	134.53	1167.93	10569.09
30К8	колонный	316.0	357.0	14.5	23.0	18.0	206.15	161.8	38173.52	2416.1	136.08	1353.26	17452.1
30К9	колонный	322.0	358.0	16.0	26.0	18.0	232.14	182.2	43983.21	2731.9	137.65	1541.6	19896.06
35К1	колонный	342.0	348.0	10.0	15.0	20.0	139.03	109.1	31247.91	1827.4	149.92	1001.17	10542.21
35К1.5	колонный	346.0	349.0	11.0	17.0	20.0	156.41	122.8	35711.23	2064.2	151.1	1135.84	12051.44
35К10	колонный	396.0	364.0	26.5	42.0	20.0	391.87	307.6	103736.94	5239.2	162.7	3054.44	33819.63
35К11	колонный	404.0	374.0	29.0	46.0	20.0	437.99	343.8	118982.06	5890.2	164.82	3458.4	40183.36
35К12	колонный	414.0	375.0	32.0	51.0	20.0	485.77	381.3	135721.11	6556.6	167.15	3886.58	44924.28
35К13	колонный	424.0	376.0	35.0	56.0	20.0	533.75	419.0	153322.14	7232.2	169.49	4326.2	49742.08
35К14	колонный	434.0	377.0	38.0	61.0	20.0	581.93	456.8	171810.18	7917.5	171.83	4777.34	54637.74
35К15	колонный	446.0	378.0	42.0	67.0	20.0	640.99	503.2	195206.29	8753.7	174.51	5336.35	60526.72
35К16	колонный	458.0	392.0	46.0	73.0	20.0	719.27	564.6	227053.17	9915.0	177.67	6094.32	73566.95
35К17	колонный	472.0	393.0	50.0	80.0	20.0	788.23	618.8	258357.05	10947.3	181.04	6796.66	81286.57
35К18	колонный	488.0	394.0	55.0	88.0	20.0	868.47	681.8	296560.11	12154.1	184.79	7629.66	90173.86
35К19	колонный	506.0	395.0	60.0	97.0	20.0	956.93	751.2	342451.59	13535.6	189.17	8591.51	100237.84
35К2	колонный	350.0	350.0	12.0	19.0	20.0	173.87	136.5	40295.09	2302.6	152.23	1272.61	13585.82
35К20	колонный	520.0	409.0	65.0	104.0	20.0	1056.95	829.7	392963.38	15114.0	192.82	9664.42	119352.51
35К21	колонный	540.0	411.0	71.0	114.0	20.0	1162.03	912.2	454051.02	16816.7	197.67	10869.85	132896.31
35К22	колонный	562.0	413.0	77.0	125.0	20.0	1276.17	1001.8	526659.93	18742.4	203.15	12243.01	148011.27
35К23	колонный	580.0	426.0	84.0	134.0	20.0	1407.19	1104.7	606878.23	20926.8	207.67	13777.86	174271.92
35К24	колонный	604.0	430.0	92.0	146.0	20.0	1546.07	1213.7	704826.44	23338.6	213.51	15522.09	195579.56
35К3	колонный	355.0	351.0	13.5	21.5	20.0	196.48	154.2	46230.77	2604.6	153.39	1448.66	15506.81
35К4	колонный	360.0	352.0	15.0	24.0	20.0	219.19	172.1	52353.7	2908.5	154.55	1627.8	17459.86
35К5	колонный	365.0	353.0	16.5	26.5	20.0	242.0	190.0	58667.44	3214.7	155.7	1810.04	19445.3
35К6	колонный	369.0	360.0	18.0	28.5	20.0	264.79	207.9	64960.86	3520.9	156.63	1991.8	22183.47
35К7	колонный	376.0	361.0	20.0	32.0	20.0	296.87	233.1	74398.83	3957.4	158.31	2256.32	25119.61
35К8	колонный	382.0	362.0	22.0	35.0	20.0	325.47	255.5	82894.78	4340.0	159.59	2491.96	27708.51
35К9	колонный	389.0	363.0	24.0	38.5	20.0	357.82	280.9	93053.12	4784.2	161.26	2767.25	30738.03
40К1	колонный	394.0	398.0	11.0	18.0	22.0	186.81	146.7	56145.31	2850.0	173.36	1559.22	18922.62
40К10	колонный	484.0	374.0	39.0	63.0	22.0	615.01	482.8	226537.95	9361.1	191.92	5620.76	55131.74
40К11	колонный	494.0	392.0	43.0	68.0	22.0	691.21	542.6	261626.63	10592.2	194.55	6402.77	68534.68
40К12	колонный	510.0	393.0	48.0	76.0	22.0	773.35	607.1	303779.05	11912.9	198.19	7286.5	77250.09
40К13	колонный	528.0	394.0	53.0	85.0	22.0	863.69	678.0	354176.39	13415.8	202.5	8303.29	87133.42
40К14	колонный	548.0	395.0	59.0	95.0	22.0	965.87	758.2	414486.6	15127.3	207.15	9480.79	98243.26
40К15	колонный	564.0	410.0	65.0	103.0	22.0	1081.45	848.9	482318.02	17103.5	211.18	10811.51	119192.55
40К16	колонный	588.0	412.0	72.0	115.0	22.0	1209.51	949.5	569246.79	19362.1	216.94	12395.01	135224.96
40К17	колонный	616.0	414.0	80.0	129.0	22.0	1358.67	1066.6	679972.83	22077.0	223.71	14322.16	154171.56
40К18	колонный	638.0	430.0	87.0	140.0	22.0	1519.61	1192.9	800682.16	25099.8	229.54	16419.75	187578.96
40К19	колонный	668.0	435.0	96.0	155.0	22.0	1696.33	1331.6	952172.58	28508.2	236.92	18868.64	215398.09
40К2	колонный	400.0	400.0	13.0	21.0	22.0	218.69	171.7	66621.41	3331.1	174.54	1836.23	22412.67
40К3	колонный	406.0	403.0	16.0	24.0	22.0	254.87	200.1	78039.22	3844.3	174.98	2139.84	26200.19
40К4	колонный	414.0	405.0	18.0	28.0	22.0	295.39	231.9	92771.14	4481.7	177.22	2513.15	31026.87
40К4.5	колонный	420.0	403.0	20.0	31.0	22.0	325.61	255.6	103629.7	4934.8	178.4	2786.46	33850.08
40К5	колонный	429.0	400.0	23.0	35.5	22.0	370.49	290.8	120290.27	5607.9	180.19	3198.49	37914.87
40К6	колонный	438.0	370.0	25.0	40.0	22.0	389.65	305.9	128432.35	5864.5	181.55	3381.88	33828.59
40К7	колонный	448.0	371.0	28.0	45.0	22.0	438.29	344.1	148100.16	6611.6	183.82	3848.78	38379.67
40К8	колонный	458.0	372.0	31.0	50.0	22.0	487.13	382.4	168699.38	7366.8	186.09	4327.2	43005.94
40К9	колонный	470.0	373.0	35.0	56.0	22.0	547.21	429.6	194740.01	8286.8	188.65	4920.7	48584.93
13С1	свайный	128.0	118.0	9.0	9.0	12.0	32.38	25.4	887.11	138.6	52.35	80.04	247.82
20С1	свайный	200.0	204.0	12.0	12.0	13.0	71.53	56.2	4982.3	498.2	83.46	282.75	1701.7
25С1	свайный	244.0	252.0	11.0	11.0	16.0	82.06	64.4	8786.78	720.2	103.48	402.51	2938.35
25С2	свайный	250.0	255.0	14.0	14.0	16.0	104.68	82.2	11483.65	918.7	104.74	519.31	3876.72
30С1	свайный	294.0	302.0	12.0	12.0	18.0	107.66	84.5	16864.2	1147.2	125.16	638.55	5515.72
30С2	свайный	300.0	305.0	15.0	15.0	18.0	134.78	105.8	21535.21	1435.7	126.4	806.84	7104.76
32С1	свайный	326.7	319.7	24.8	24.8	15.2	229.28	180.0	40972.83	2508.3	133.68	1448.25	13546.38
32С2	свайный	337.9	325.7	30.3	30.4	15.2	283.97	222.9	52698.77	3119.2	136.23	1826.55	17576.76
35С1	свайный	338.0	351.0	13.0	13.0	20.0	135.25	106.2	28190.34	1668.1	144.37	925.69	9379.76
35С2	свайный	344.0	354.0	16.0	16.0	20.0	166.63	130.8	35330.38	2054.1	145.61	1149.6	11846.3
35С3	свайный	350.0	357.0	19.0	19.0	20.0	198.37	155.7	42796.14	2445.5	146.88	1379.79	14433.12
40С1	свайный	388.0	402.0	15.0	15.0	22.0	178.45	140.1	48965.17	2524.0	165.65	1401.07	16258.38
40С2	свайный	394.0	405.0	18.0	18.0	22.0	214.39	168.3	59713.15	3031.1	166.89	1695.05	19955.19
40С3	свайный	400.0	408.0	21.0	21.0	22.0	250.69	196.8	70888.08	3544.4	168.16	1996.23	23809.27
20ДБ1	дополнительной серии балочный	207.0	133.0	5.8	8.4	7.6	33.87	26.6	2580.37	249.3	87.28	139.48	329.79
20ДБ2	дополнительной серии балочный	210.0	134.0	6.4	10.2	7.6	39.97	31.4	3137.0	298.8	88.6	167.61	409.58
25ДБ1	дополнительной серии балочный	251.0	146.0	6.0	8.6	7.6	39.64	31.1	4395.18	350.2	105.3	196.03	446.61
25ДБ2	дополнительной серии балочный	256.0	146.0	6.3	10.9	7.6	47.08	37.0	5523.69	431.5	108.32	241.08	565.99
25ДБ3	дополнительной серии балочный	260.0	147.0	7.2	12.7	7.6	54.73	43.0	6554.72	504.2	109.44	283.24	673.24
25ДБ4	дополнительной серии балочный	258.0	146.0	6.1	9.1	7.6	41.7	32.7	4887.5	378.9	108.27	212.12	472.58
25ДБ5	дополнительной серии балочный	262.0	147.0	6.6	11.2	7.6	49.24	38.7	6007.11	458.6	110.45	256.75	593.66
25ДБ6	дополнительной серии балочный	266.0	148.0	7.6	13.0	7.6	57.22	44.9	7108.01	534.4	111.46	301.04	703.43
30ДБ1	дополнительной серии балочный	309.0	102.0	6.0	8.9	7.6	36.12	28.4	5426.36	351.2	122.56	203.38	158.06
30ДБ2	дополнительной серии балочный	313.0	102.0	6.6	10.8	7.6	41.76	32.8	6496.06	415.1	124.72	240.08	191.85
30ДБ3	дополнительной серии балочный	310.0	165.0	5.8	9.7	8.9	49.54	38.9	8544.97	551.3	131.33	306.41	726.88
30ДБ4	дополнительной серии балочный	313.0	166.0	6.6	11.2	8.9	57.04	44.8	9960.39	636.5	132.14	355.1	854.77
30ДБ5	дополнительной серии балочный	317.0	167.0	7.6	13.2	8.9	66.85	52.5	11873.01	749.1	133.27	419.95	1025.95
30ДБ6	дополнительной серии балочный	303.0	165.0	6.0	10.2	8.9	51.3	40.3	8477.69	559.6	128.56	311.02	764.36
30ДБ7	дополнительной серии балочный	307.0	166.0	6.7	11.8	8.9	58.84	46.2	9942.92	647.8	129.99	361.13	900.53
30ДБ8	дополнительной серии балочный	310.0	167.0	7.9	13.7	8.9	68.76	54.0	11668.1	752.8	130.26	422.55	1064.87
35ДБ1	дополнительной серии балочный	349.0	127.0	5.8	8.5	10.2	41.74	32.8	8267.33	473.8	140.74	271.01	291.0
35ДБ10	дополнительной серии балочный	363.0	257.0	13.0	21.7	16.0	155.28	121.9	36598.33	2016.4	153.52	1134.85	6147.42
35ДБ2	дополнительной серии балочный	353.0	128.0	6.5	10.7	10.2	49.84	39.1	10240.24	580.2	143.34	331.05	375.06
35ДБ3	дополнительной серии балочный	352.0	171.0	6.9	9.8	10.2	57.34	45.0	12166.36	691.3	145.66	389.35	817.94
35ДБ4	дополнительной серии балочный	355.0	171.0	7.2	11.6	10.2	64.45	50.6	14130.93	796.1	148.07	446.97	968.08
35ДБ5	дополнительной серии балочный	358.0	172.0	7.9	13.1	10.2	72.17	56.7	16051.94	896.8	149.14	504.59	1112.72
35ДБ6	дополнительной серии балочный	363.0	173.2	9.1	15.7	10.2	85.45	67.1	19414.43	1069.7	150.73	604.58	1362.07
35ДБ7	дополнительной серии балочный	353.0	254.0	9.5	16.4	16.0	115.93	91.0	26754.31	1515.8	151.92	840.02	4483.14
35ДБ8	дополнительной серии балочный	357.0	255.0	10.5	18.3	16.0	129.17	101.4	30209.8	1692.4	152.93	942.22	5062.32
35ДБ9	дополнительной серии балочный	360.0	256.0	11.4	19.9	16.0	140.59	110.4	33153.98	1841.9	153.57	1029.6	5570.48
40ДБ1	дополнительной серии балочный	399.0	140.0	6.4	8.8	10.2	49.94	39.2	12656.64	634.4	159.19	365.15	403.59
40ДБ2	дополнительной серии балочный	403.0	140.0	7.0	11.2	10.2	58.9	46.2	15570.06	772.7	162.59	442.32	513.63
40ДБ3	дополнительной серии балочный	403.0	177.0	7.5	10.9	10.2	68.07	53.4	18613.44	923.7	165.36	522.88	1009.08
40ДБ4	дополнительной серии балочный	407.0	178.0	7.7	12.8	10.2	75.83	59.5	21585.78	1060.7	168.72	597.5	1204.97
40ДБ5	дополнительной серии балочный	410.0	179.0	8.8	14.4	10.2	85.99	67.5	24557.5	1197.9	168.99	678.1	1379.08
40ДБ6	дополнительной серии балочный	413.0	180.0	9.7	16.0	10.2	95.45	74.9	27495.01	1331.5	169.72	756.09	1558.58
40ДБ7	дополнительной серии балочный	417.0	181.0	10.9	18.2	10.2	108.26	85.0	31537.51	1512.6	170.68	862.63	1803.36
45ДБ1	дополнительной серии балочный	450.0	152.0	7.6	10.8	10.2	66.28	52.0	21216.72	943.0	178.91	544.31	634.06
45ДБ10	дополнительной серии балочный	466.0	193.0	11.4	19.0	10.2	123.03	96.6	44505.67	1910.1	190.2	1090.07	2282.42
45ДБ11	дополнительной серии балочный	469.0	194.0	12.6	20.6	10.2	134.72	105.8	48825.33	2082.1	190.37	1193.69	2514.63
45ДБ2	дополнительной серии балочный	455.0	153.0	8.0	13.3	10.2	75.86	59.6	25498.98	1120.8	183.34	642.4	796.13
45ДБ3	дополнительной серии балочный	459.0	154.0	9.1	15.4	10.2	87.29	68.5	29698.29	1294.0	184.45	744.05	940.55
45ДБ4	дополнительной серии балочный	462.0	154.4	9.6	17.0	10.2	94.48	74.2	32674.03	1414.5	185.97	813.29	1046.53
45ДБ5	дополнительной серии балочный	466.0	155.3	10.5	18.9	10.2	104.56	82.1	36624.87	1571.9	187.16	906.27	1184.51
45ДБ6	дополнительной серии балочный	453.0	189.9	8.5	12.7	10.2	85.47	67.1	29321.46	1294.6	185.22	734.66	1452.13
45ДБ7	дополнительной серии балочный	457.0	190.0	9.0	14.5	10.2	94.51	74.2	33262.54	1455.7	187.6	825.08	1660.63
45ДБ8	дополнительной серии балочный	460.0	191.0	9.9	16.0	10.2	104.39	81.9	37004.02	1608.9	188.28	914.58	1862.06
45ДБ9	дополнительной серии балочный	463.0	192.0	10.5	17.7	10.2	113.76	89.3	40952.17	1769.0	189.73	1006.08	2092.64
53ДБ3	дополнительной серии балочный	533.0	209.0	10.2	15.6	12.7	117.78	92.5	55246.34	2073.0	216.58	1181.69	2379.01
53ДБ4	дополнительной серии балочный	537.0	210.0	10.9	17.4	12.7	129.2	101.4	61702.67	2298.1	218.53	1310.12	2692.14
53ДБ5	дополнительной серии балочный	539.0	211.0	11.6	18.8	12.7	138.88	109.0	66731.56	2476.1	219.2	1413.46	2951.06
53ДБ6	дополнительной серии балочный	544.0	212.0	13.1	21.2	12.7	156.98	123.2	76082.72	2797.2	220.15	1604.0	3377.3
53ДБ7	дополнительной серии балочный	549.0	214.0	14.7	23.6	12.7	176.16	138.3	86084.33	3136.0	221.06	1806.6	3869.6
60ДБ1	дополнительной серии балочный	599.0	178.0	10.0	12.8	12.7	104.29	81.9	55978.87	1869.1	231.68	1098.43	1208.85
60ДБ2	дополнительной серии балочный	603.0	179.0	10.9	15.0	12.7	117.54	92.3	64629.04	2143.6	234.49	1256.38	1441.05
60ДБ3	дополнительной серии балочный	603.0	228.0	10.5	14.9	12.7	129.51	101.7	76354.38	2532.5	242.81	1449.82	2949.85
60ДБ4	дополнительной серии балочный	608.0	228.0	11.2	17.3	12.7	144.49	113.4	87546.5	2879.8	246.15	1644.93	3425.21
60ДБ5	дополнительной серии балочный	612.0	229.0	11.9	19.6	12.7	159.32	125.1	98536.48	3220.2	248.7	1837.14	3932.13
60ДБ6	дополнительной серии балочный	617.0	230.0	13.1	22.2	12.7	178.52	140.1	111971.15	3629.5	250.45	2075.04	4513.82
10ДК1	дополнительной серии колонный	96.0	100.0	5.0	8.0	12.0	21.24	16.7	349.23	72.8	40.55	41.51	133.81
10ДК2	дополнительной серии колонный	100.0	100.0	6.0	10.0	12.0	26.04	20.4	449.55	89.9	41.55	52.11	167.27
10ДК3	дополнительной серии колонный	120.0	106.0	12.0	20.0	12.0	53.24	41.8	1142.61	190.4	46.33	117.91	399.15
12ДК1	дополнительной серии колонный	114.0	120.0	5.0	8.0	12.0	25.34	19.9	606.15	106.3	48.91	59.75	230.9
12ДК2	дополнительной серии колонный	120.0	120.0	6.5	11.0	12.0	34.01	26.7	864.37	144.1	50.42	82.61	317.52
12ДК3	дополнительной серии колонный	140.0	126.0	12.5	21.0	12.0	66.41	52.1	2017.57	288.2	55.12	175.31	702.78
14ДК1	дополнительной серии колонный	133.0	140.0	5.5	8.5	12.0	31.42	24.7	1033.13	155.4	57.35	86.75	389.32
14ДК2	дополнительной серии колонный	140.0	140.0	7.0	12.0	12.0	42.96	33.7	1509.23	215.6	59.27	122.71	549.67
14ДК3	дополнительной серии колонный	160.0	145.0	13.0	22.0	12.0	80.12	62.9	3270.24	408.8	63.89	245.4	1121.06
15ДК1	дополнительной серии колонный	152.0	152.0	5.8	6.6	7.6	28.61	22.5	1213.15	159.6	65.12	88.58	386.64
15ДК2	дополнительной серии колонный	157.0	153.0	6.6	9.3	7.6	38.09	29.9	1722.51	219.4	67.25	122.56	555.61
15ДК3	дополнительной серии колонный	162.0	154.0	8.1	11.6	7.6	47.47	37.3	2227.67	275.0	68.51	155.52	706.89
16ДК1	дополнительной серии колонный	152.0	160.0	6.0	9.0	15.0	38.77	30.4	1672.98	220.1	65.69	122.57	615.57
16ДК2	дополнительной серии колонный	160.0	160.0	8.0	13.0	15.0	54.25	42.6	2492.0	311.5	67.77	176.98	889.23
16ДК3	дополнительной серии колонный	180.0	166.0	14.0	23.0	15.0	97.05	76.2	5098.27	566.5	72.48	337.28	1758.77
18ДК1	дополнительной серии колонный	171.0	180.0	6.0	9.5	15.0	45.25	35.5	2510.29	293.6	74.48	162.43	924.61
18ДК2	дополнительной серии колонный	180.0	180.0	8.3	14.0	15.0	64.95	51.0	3825.28	425.0	76.75	240.15	1362.76
18ДК3	дополнительной серии колонный	200.0	186.0	14.5	24.0	15.0	113.25	88.9	7483.13	748.3	81.29	441.72	2580.13
20ДК1	дополнительной серии колонный	203.0	203.0	7.2	11.0	10.2	58.59	46.0	4545.7	447.9	88.09	247.79	1534.57
20ДК2	дополнительной серии колонный	206.0	204.0	7.9	12.6	10.2	66.58	52.3	5272.37	511.9	88.99	284.77	1783.95
20ДК3	дополнительной серии колонный	210.0	205.0	9.1	14.2	10.2	75.64	59.4	6114.0	582.3	89.91	326.45	2040.5
20ДК4	дополнительной серии колонный	216.0	206.0	10.2	17.4	10.2	91.06	71.5	7662.28	709.5	91.73	401.74	2537.25
20ДК5	дополнительной серии колонный	222.0	209.0	13.0	20.6	10.2	110.51	86.8	9471.87	853.3	92.58	490.61	3138.43
20ДК6	дополнительной серии колонный	229.0	210.0	14.5	23.7	10.2	126.77	99.5	11328.82	989.4	94.53	574.62	3663.55
25ДК1	дополнительной серии колонный	253.0	254.0	8.6	14.2	12.7	92.84	72.9	11274.05	891.2	110.2	492.46	3880.25
25ДК2	дополнительной серии колонный	256.0	255.0	9.4	15.6	12.7	102.08	80.1	12567.16	981.8	110.96	545.12	4313.58
25ДК3	дополнительной серии колонный	260.0	256.0	10.7	17.3	12.7	114.08	89.6	14253.92	1096.5	111.78	612.99	4840.74
25ДК4	дополнительной серии колонный	264.0	257.0	11.9	19.6	12.7	128.88	101.2	16369.03	1240.1	112.7	698.3	5549.34
10x10x0.8	квадратная	10.0	10.0		0.8	1.2	0.28	0.22	0.04	0.08	0.372		0.04
10x10x0.9	квадратная	10.0	10.0		0.9	1.35	0.31	0.246	0.042	0.085	0.368		0.042
10x10x1	квадратная	10.0	10.0		1.0	1.5	0.34	0.27	0.045	0.09	0.364		0.045
10x10x1.2	квадратная	10.0	10.0		1.2	1.8	0.39	0.31	0.05	0.1	0.355		0.05
10x10x1.4	квадратная	10.0	10.0		1.4	2.1	0.44	0.35	0.054	0.107	0.346		0.054
15x15x0.8	квадратная	15.0	15.0		0.8	1.2	0.44	0.35	0.15	0.2	0.576		0.15
15x15x0.9	квадратная	15.0	15.0		0.9	1.35	0.49	0.39	0.16	0.21	0.572		0.16
15x15x1	квадратная	15.0	15.0		1.0	1.5	0.54	0.43	0.17	0.23	0.567		0.17
15x15x1.2	квадратная	15.0	15.0		1.2	1.8	0.64	0.5	0.2	0.26	0.559		0.2
15x15x1.4	квадратная	15.0	15.0		1.4	2.1	0.73	0.57	0.22	0.29	0.55		0.22
15x15x1.5	квадратная	15.0	15.0		1.5	2.25	0.77	0.61	0.23	0.31	0.545		0.23
20x20x0.8	квадратная	20.0	20.0		0.8	1.2	0.6	0.47	0.37	0.368	0.78		0.37
20x20x0.9	квадратная	20.0	20.0		0.9	1.35	0.67	0.53	0.406	0.406	0.776		0.406
20x20x1	квадратная	20.0	20.0		1.0	1.5	0.74	0.58	0.44	0.45	0.772		0.44
20x20x1.2	квадратная	20.0	20.0		1.2	1.8	0.89	0.68	0.51	0.51	0.763		0.51
20x20x1.4	квадратная	20.0	20.0		1.4	2.1	1.01	0.79	0.57	0.57	0.754		0.57
20x20x1.5	квадратная	20.0	20.0		1.5	2.25	1.07	0.84	0.6	0.6	0.749		0.6
20x20x2	квадратная	20.0	20.0		2.0	3.0	1.37	1.08	0.72	0.72	0.727		0.72
25x25x0.8	квадратная	25.0	25.0		0.8	1.2	0.76	0.6	0.74	0.59	0.985		0.74
25x25x0.9	квадратная	25.0	25.0		0.9	1.35	0.85	0.67	0.82	0.65	0.98		0.82
25x25x1	квадратная	25.0	25.0		1.0	1.5	0.94	0.74	0.9	0.72	0.976		0.9
25x25x1.2	квадратная	25.0	25.0		1.2	1.8	1.12	0.83	1.04	0.835	0.967		1.04
25x25x1.4	квадратная	25.0	25.0		1.4	2.1	1.29	0.94	1.18	0.945	0.958		1.18
25x25x1.5	квадратная	25.0	25.0		1.5	2.25	1.37	1.08	1.25	1.0	0.953		1.25
25x25x2	квадратная	25.0	25.0		2.0	3.0	1.77	1.39	1.54	1.23	0.931		1.54
25x25x2.5	квадратная	25.0	25.0		2.5	3.75	2.14	1.68	1.77	1.42	0.909		1.77
25x25x3	квадратная	25.0	25.0		3.0	6.0	2.41	1.89	1.84	1.47	0.874		1.84
30x30x0.8	квадратная	30.0	30.0		0.8	1.2	0.92	0.725	1.3	0.87	1.189		1.3
30x30x0.9	квадратная	30.0	30.0		0.9	1.35	1.03	0.811	1.45	0.96	1.184		1.45
30x30x1	квадратная	30.0	30.0		1.0	1.5	1.14	0.897	1.59	1.06	1.18		1.59
30x30x1.2	квадратная	30.0	30.0		1.2	1.8	1.36	1.066	1.86	1.24	1.171		1.86
30x30x1.3	квадратная	30.0	30.0		1.3	1.95	1.46	1.149	1.99	1.33	1.166		1.99
30x30x1.4	квадратная	30.0	30.0		1.4	2.1	1.57	1.231	2.12	1.41	1.162		2.12
30x30x1.5	квадратная	30.0	30.0		1.5	2.25	1.67	1.312	2.24	1.49	1.157		2.24
30x30x2	квадратная	30.0	30.0		2.0	3.0	2.17	1.7	2.8	1.86	1.135		2.8
30x30x2.5	квадратная	30.0	30.0		2.5	3.75	2.64	2.07	3.27	2.18	1.113		3.27
30x30x3	квадратная	30.0	30.0		3.0	6.0	3.01	2.36	3.5	2.34	1.079		3.5
30x30x3.5	квадратная	30.0	30.0		3.5	7.0	3.39	2.66	3.77	2.52	1.054		3.77
30x30x4	квадратная	30.0	30.0		4.0	8.0	3.75	2.94	3.97	2.64	1.029		3.97
35x35x0.8	квадратная	35.0	35.0		0.8	1.2	1.08	0.85	2.1	1.2	1.393		2.1
35x35x0.9	квадратная	35.0	35.0		0.9	1.35	1.21	0.95	2.34	1.34	1.388		2.34
35x35x1.4	квадратная	35.0	35.0		1.4	2.1	1.85	1.45	3.45	1.97	1.366		3.45
35x35x1.5	квадратная	35.0	35.0		1.5	2.25	1.97	1.55	3.65	2.09	1.361		3.65
35x35x2	квадратная	35.0	35.0		2.0	3.0	2.57	2.02	4.61	2.63	1.339		4.61
35x35x2.5	квадратная	35.0	35.0		2.5	3.75	3.14	2.47	5.45	3.11	1.317		5.45
35x35x3	квадратная	35.0	35.0		3.0	6.0	3.61	2.83	5.95	3.398	1.284		5.95
35x35x3.5	квадратная	35.0	35.0		3.5	7.0	4.09	3.21	6.49	3.71	1.259		6.49
35x35x4	квадратная	35.0	35.0		4.0	8.0	4.55	3.57	6.93	3.96	1.234		6.93
35x35x4.5	квадратная	35.0	35.0		4.5	9.0	4.97	3.9	7.26	4.15	1.209		7.26
35x35x5	квадратная	35.0	35.0		5.0	10.0	5.36	4.2	7.5	4.29	1.183		7.5
40x40x1.4	квадратная	40.0	40.0		1.4	2.1	2.13	1.67	5.24	2.62	1.57		5.24
40x40x1.5	квадратная	40.0	40.0		1.5	2.25	2.27	1.78	5.57	2.78	1.565		5.57
40x40x2	квадратная	40.0	40.0		2.0	3.0	2.97	2.33	7.07	3.54	1.543		7.07
40x40x2.5	квадратная	40.0	40.0		2.5	3.75	3.64	2.86	8.42	4.21	1.521		8.42
40x40x3	квадратная	40.0	40.0		3.0	6.0	4.21	3.3	9.32	4.66	1.488		9.32
40x40x3.5	квадратная	40.0	40.0		3.5	7.0	4.79	3.76	10.27	5.14	1.464		10.27
40x40x4	квадратная	40.0	40.0		4.0	8.0	5.35	4.2	11.07	5.54	1.439		11.07
40x40x4.5	квадратная	40.0	40.0		4.5	9.0	5.87	4.61	11.73	5.87	1.414		11.73
40x40x5	квадратная	40.0	40.0		5.0	10.0	6.36	4.99	12.26	6.13	1.389		12.26
40x40x5.5	квадратная	40.0	40.0		5.5	11.0	6.81	5.35	12.66	6.33	1.363		12.66
40x40x6	квадратная	40.0	40.0		6.0	12.0	7.23	5.68	12.94	6.47	1.337		12.94
42x42x3	квадратная	42.0	42.0		3.0	6.0	4.45	3.49	10.97	5.22	1.57		10.97
42x42x3.5	квадратная	42.0	42.0		3.5	7.0	5.07	3.98	12.12	5.77	1.546		12.12
42x42x4	квадратная	42.0	42.0		4.0	8.0	5.67	4.45	13.11	6.24	1.521		13.11
42x42x4.5	квадратная	42.0	42.0		4.5	9.0	6.23	4.89	13.94	6.64	1.496		13.94
42x42x5	квадратная	42.0	42.0		5.0	10.0	6.76	5.3	14.62	6.96	1.471		14.62
42x42x5.5	квадратная	42.0	42.0		5.5	11.0	7.25	5.69	15.15	7.21	1.445		15.15
42x42x6	квадратная	42.0	42.0		6.0	12.0	7.71	6.05	15.55	7.4	1.42		15.55
45x45x2	квадратная	45.0	45.0		2.0	3.0	3.37	2.65	10.29	4.57	1.747		10.29
45x45x3	квадратная	45.0	45.0		3.0	6.0	4.81	3.77	13.78	6.12	1.693		13.78
45x45x3.5	квадратная	45.0	45.0		3.5	7.0	5.49	4.31	15.29	6.8	1.668		15.29
45x45x4	квадратная	45.0	45.0		4.0	8.0	6.15	4.83	16.61	7.38	1.644		16.61
45x45x4.5	квадратная	45.0	45.0		4.5	9.0	6.77	5.31	17.74	7.88	1.619		17.74
45x45x5	квадратная	45.0	45.0		5.0	10.0	7.36	5.77	18.69	8.31	1.594		18.69
45x45x5.5	квадратная	45.0	45.0		5.5	11.0	7.91	6.21	19.47	8.65	1.568		19.47
45x45x6	квадратная	45.0	45.0		6.0	12.0	8.43	6.62	20.09	8.93	1.543		20.09
45x45x6.5	квадратная	45.0	45.0		6.5	16.25	8.56	6.72	18.74	8.33	1.479		18.74
45x45x7	квадратная	45.0	45.0		7.0	17.5	8.96	7.03	18.78	8.35	1.447		18.78
45x45x7.5	квадратная	45.0	45.0		7.5	18.75	9.32	7.32	18.67	8.3	1.415		18.67
45x45x8	квадратная	45.0	45.0		8.0	20.0	9.64	7.57	18.42	8.19	1.381		18.42
50x50x2	квадратная	50.0	50.0		2.0	3.0	3.77	2.96	14.36	5.74	1.951		14.36
50x50x2.5	квадратная	50.0	50.0		2.5	3.75	4.64	3.64	17.27	6.91	1.929		17.27
50x50x3	квадратная	50.0	50.0		3.0	6.0	5.41	4.25	19.47	7.79	1.897		19.47
50x50x3.5	квадратная	50.0	50.0		3.5	7.0	6.19	4.86	21.73	8.69	1.873		21.73
50x50x4	квадратная	50.0	50.0		4.0	8.0	6.95	5.45	23.74	9.49	1.848		23.74
50x50x4.5	квадратная	50.0	50.0		4.5	9.0	7.67	6.02	25.5	10.2	1.823		25.5
50x50x5	квадратная	50.0	50.0		5.0	10.0	8.36	6.56	27.04	10.82	1.799		27.04
50x50x5.5	квадратная	50.0	50.0		5.5	11.0	9.01	7.07	28.35	11.34	1.774		28.35
50x50x6	квадратная	50.0	50.0		6.0	12.0	9.63	7.56	29.45	11.78	1.748		29.45
50x50x6.5	квадратная	50.0	50.0		6.5	16.25	9.86	7.74	28.1	11.24	1.688		28.1
50x50x7	квадратная	50.0	50.0		7.0	17.5	10.36	8.13	28.47	11.39	1.657		28.47
50x50x7.5	квадратная	50.0	50.0		7.5	18.75	10.82	8.49	28.62	11.45	1.626		28.62
50x50x8	квадратная	50.0	50.0		8.0	20.0	11.24	8.83	28.59	11.43	1.594		28.59
55x55x3	квадратная	55.0	55.0		3.0	4.5	6.09	4.78	27.1	9.85	2.11		27.1
60x60x2	квадратная	60.0	60.0		2.0	3.0	4.57	3.59	25.45	8.48	2.359		25.45
60x60x2.5	квадратная	60.0	60.0		2.5	3.75	5.64	4.43	30.82	10.27	2.337		30.82
60x60x3	квадратная	60.0	60.0		3.0	6.0	6.61	5.19	35.13	11.71	2.306		35.13
60x60x3.5	квадратная	60.0	60.0		3.5	7.0	7.59	5.96	39.53	13.18	2.281		39.53
60x60x4	квадратная	60.0	60.0		4.0	8.0	8.55	6.71	43.55	14.52	2.257		43.55
60x60x4.5	квадратная	60.0	60.0		4.5	9.0	9.47	7.43	47.2	15.73	2.233		47.2
60x60x5	квадратная	60.0	60.0		5.0	10.0	10.36	8.13	50.49	16.83	2.208		50.49
60x60x5.5	квадратная	60.0	60.0		5.5	11.0	11.21	8.8	53.45	17.82	2.183		53.45
60x60x6	квадратная	60.0	60.0		6.0	12.0	12.03	9.45	56.07	18.69	2.158		56.07
60x60x6.5	квадратная	60.0	60.0		6.5	16.25	12.46	9.78	55.1	18.37	2.103		55.1
60x60x7	квадратная	60.0	60.0		7.0	17.5	13.16	10.33	56.58	18.86	2.073		56.58
60x60x7.5	квадратная	60.0	60.0		7.5	18.75	13.82	10.85	57.74	19.25	2.044		57.74
60x60x8	квадратная	60.0	60.0		8.0	20.0	14.44	11.34	58.57	19.52	2.013		58.57
70x70x2	квадратная	70.0	70.0		2.0	3.0	5.37	4.22	41.14	11.75	2.768		41.14
70x70x2.5	квадратная	70.0	70.0		2.5	3.75	6.64	5.21	50.06	14.3	2.745		50.06
70x70x3	квадратная	70.0	70.0		3.0	6.0	7.81	6.13	57.53	16.44	2.714		57.53
70x70x3.5	квадратная	70.0	70.0		3.5	7.0	8.99	7.06	65.09	18.6	2.69		65.09
70x70x4	квадратная	70.0	70.0		4.0	8.0	10.15	7.97	72.12	20.61	2.666		72.12
70x70x4.5	квадратная	70.0	70.0		4.5	9.0	11.27	8.85	78.63	22.47	2.641		78.63
70x70x5	квадратная	70.0	70.0		5.0	10.0	12.36	9.7	84.63	24.18	2.617		84.63
70x70x5.5	квадратная	70.0	70.0		5.5	11.0	13.41	10.53	90.14	25.75	2.592		90.14
70x70x6	квадратная	70.0	70.0		6.0	12.0	14.43	11.33	95.17	27.19	2.568		95.17
70x70x6.5	квадратная	70.0	70.0		6.5	16.25	15.06	11.82	95.28	27.22	2.515		95.28
70x70x7	квадратная	70.0	70.0		7.0	17.5	15.96	12.53	98.7	28.2	2.487		98.7
70x70x7.5	квадратная	70.0	70.0		7.5	18.75	16.82	13.2	101.64	29.04	2.458		101.64
70x70x8	квадратная	70.0	70.0		8.0	20.0	17.64	13.85	104.11	29.74	2.429		104.11
80x80x3	квадратная	80.0	80.0		3.0	6.0	9.01	7.07	87.84	21.96	3.123		87.84
80x80x3.5	квадратная	80.0	80.0		3.5	7.0	10.39	8.16	99.8	24.95	3.099		99.8
80x80x4	квадратная	80.0	80.0		4.0	8.0	11.75	9.22	111.04	27.76	3.074		111.04
80x80x4.5	квадратная	80.0	80.0		4.5	9.0	13.07	10.26	121.58	30.4	3.05		121.58
80x80x5	квадратная	80.0	80.0		5.0	10.0	14.36	11.27	131.44	32.86	3.026		131.44
80x80x5.5	квадратная	80.0	80.0		5.5	11.0	15.61	12.25	140.63	35.16	3.001		140.63
80x80x6	квадратная	80.0	80.0		6.0	12.0	16.83	13.21	149.18	37.29	2.977		149.18
80x80x6.5	квадратная	80.0	80.0		6.5	16.25	17.66	13.86	151.25	37.81	2.926		151.25
80x80x7	квадратная	80.0	80.0		7.0	17.5	18.76	14.72	157.61	39.4	2.898		157.61
80x80x7.5	квадратная	80.0	80.0		7.5	18.75	19.82	15.56	163.32	40.83	2.87		163.32
80x80x8	квадратная	80.0	80.0		8.0	20.0	20.84	16.36	168.38	42.09	2.842		168.38
80x80x9	квадратная	80.0	80.0		9.0	22.5	22.97	17.86	176.513	44.41	2.784		176.513
80x80x10	квадратная	80.0	80.0		10.0	25.0	24.56	19.53	182.347	45.587	2.725		182.347
80x80x11	квадратная	80.0	80.0		11.0	33.0	25.157	19.748	168.538	42.134	2.588		168.538
90x90x3	квадратная	90.0	90.0		3.0	6.0	10.21	8.01	127.28	28.29	3.531		127.28
90x90x3.5	квадратная	90.0	90.0		3.5	7.0	11.79	9.26	145.06	32.24	3.507		145.06
90x90x4	квадратная	90.0	90.0		4.0	8.0	13.35	10.48	161.92	35.98	3.483		161.92
90x90x4.5	квадратная	90.0	90.0		4.5	9.0	14.67	11.67	177.87	39.53	3.459		177.87
90x90x5	квадратная	90.0	90.0		5.0	10.0	16.36	12.84	192.93	42.87	3.434		192.93
90x90x5.5	квадратная	90.0	90.0		5.5	11.0	17.81	13.98	207.13	46.03	3.41		207.13
90x90x6	квадратная	90.0	90.0		6.0	12.0	19.23	15.1	220.48	48.99	3.386		220.48
90x90x6.5	квадратная	90.0	90.0		6.5	16.25	20.26	15.9	225.6	50.13	3.337		225.6
90x90x7	квадратная	90.0	90.0		7.0	17.5	21.56	16.92	236.13	52.47	3.309		236.13
90x90x7.5	квадратная	90.0	90.0		7.5	18.75	22.82	17.91	245.79	54.62	3.282		245.79
90x90x8	квадратная	90.0	90.0		8.0	20.0	24.04	18.87	254.59	56.58	3.254		254.59
100x100x3	квадратная	100.0	100.0		3.0	6.0	11.41	8.96	177.05	35.41	3.939		177.05
100x100x3.5	квадратная	100.0	100.0		3.5	7.0	13.19	10.36	202.28	40.46	3.915		202.28
100x100x4	квадратная	100.0	100.0		4.0	8.0	14.95	11.73	226.35	45.27	3.891		226.35
100x100x4.5	квадратная	100.0	100.0		4.5	9.0	16.67	13.08	249.29	49.86	3.867		249.29
100x100x5	квадратная	100.0	100.0		5.0	10.0	18.36	14.41	271.1	54.22	3.843		271.1
100x100x5.5	квадратная	100.0	100.0		5.5	11.0	20.01	15.71	291.82	58.36	3.819		291.82
100x100x6	квадратная	100.0	100.0		6.0	12.0	21.63	16.98	311.47	62.29	3.794		311.47
100x100x6.5	квадратная	100.0	100.0		6.5	16.25	22.86	17.94	320.93	64.19	3.747		320.93
100x100x7	квадратная	100.0	100.0		7.0	17.5	24.36	19.12	337.04	67.41	3.72		337.04
100x100x7.5	квадратная	100.0	100.0		7.5	18.75	25.82	20.27	352.04	70.41	3.692		352.04
100x100x8	квадратная	100.0	100.0		8.0	20.0	27.24	21.39	365.94	73.19	3.665		365.94
100x100x9	квадратная	100.0	100.0		9.0	13.5	31.37	24.62	424.11	84.82	3.679		424.11
110x110x6	квадратная	110.0	110.0		6.0	12.0	24.03	18.87	424.57	77.19	4.203		424.57
110x110x6.5	квадратная	110.0	110.0		6.5	16.25	25.46	19.99	439.85	79.97	4.156		439.85
110x110x7	квадратная	110.0	110.0		7.0	17.5	27.16	21.32	463.15	84.21	4.129		463.15
110x110x7.5	квадратная	110.0	110.0		7.5	18.75	28.82	22.62	485.07	88.2	4.102		485.07
110x110x8	квадратная	110.0	110.0		8.0	20.0	30.44	23.9	505.64	91.93	4.075		505.64
110x110x8.5	квадратная	110.0	110.0		8.5	21.25	32.03	25.14	524.87	95.43	4.048		524.87
110x110x9	квадратная	110.0	110.0		9.0	22.5	33.58	26.36	542.79	98.69	4.02		542.79
120x120x3	квадратная	120.0	120.0		3.0	6.0	13.81	10.64	312.35	52.06	4.756		312.35
120x120x3.5	квадратная	120.0	120.0		3.5	7.0	15.99	12.56	358.17	59.69	4.732		358.17
120x120x4	квадратная	120.0	120.0		4.0	8.0	18.15	14.25	402.28	67.05	4.708		402.28
120x120x4.5	квадратная	120.0	120.0		4.5	9.0	20.27	15.91	444.7	74.12	4.684		444.7
120x120x5	квадратная	120.0	120.0		5.0	10.0	22.36	17.55	485.47	80.91	4.66		485.47
120x120x5.5	квадратная	120.0	120.0		5.5	11.0	24.41	19.16	524.62	87.44	4.636		524.62
120x120x6	квадратная	120.0	120.0		6.0	12.0	26.43	20.75	562.16	92.69	4.612		562.16
120x120x6.5	квадратная	120.0	120.0		6.5	16.25	28.06	22.03	584.95	97.49	4.566		584.95
120x120x7	квадратная	120.0	120.0		7.0	17.5	29.96	23.52	617.26	102.88	4.539		617.26
120x120x7.5	квадратная	120.0	120.0		7.5	18.75	31.82	24.98	647.0	107.98	4.512		647.0
120x120x8	квадратная	120.0	120.0		8.0	20.0	33.64	26.41	676.88	112.81	4.485		676.88
120x120x9	квадратная	120.0	120.0		9.0	13.5	38.57	30.28	778.82	129.8	4.495		778.82
140x140x4	квадратная	140.0	140.0		4.0	8.0	21.35	16.76	651.62	93.09	5.525		651.62
140x140x4.5	квадратная	140.0	140.0		4.5	9.0	23.87	18.74	722.24	103.18	5.501		722.24
140x140x5	квадратная	140.0	140.0		5.0	10.0	26.36	20.69	790.56	112.94	5.477		790.56
140x140x5.5	квадратная	140.0	140.0		5.5	11.0	28.81	22.62	856.61	122.37	5.453		856.61
140x140x6	квадратная	140.0	140.0		6.0	12.0	31.23	24.52	920.43	131.49	5.428		920.43
140x140x6.5	квадратная	140.0	140.0		6.5	16.25	33.26	26.11	964.11	137.73	5.384		964.11
140x140x7	квадратная	140.0	140.0		7.0	17.5	35.56	27.91	1020.68	145.81	5.357		1020.68
140x140x7.5	квадратная	140.0	140.0		7.5	18.75	37.82	29.96	1074.89	153.56	5.331		1074.89
140x140x8	квадратная	140.0	140.0		8.0	20.0	40.04	31.43	1126.77	160.97	5.304		1126.77
140x140x9	квадратная	140.0	140.0		9.0	13.5	45.77	35.93	1290.58	184.37	5.311		1290.58
150x150x4	квадратная	150.0	150.0		4.0	8.0	22.95	18.01	807.82	107.71	5.933		807.82
150x150x4.5	квадратная	150.0	150.0		4.5	9.0	25.67	20.15	896.3	119.51	5.909		896.3
150x150x5	квадратная	150.0	150.0		5.0	10.0	28.36	22.26	982.12	130.95	5.885		982.12
150x150x5.5	квадратная	150.0	150.0		5.5	11.0	31.01	24.34	1065.31	142.04	5.861		1065.31
150x150x6	квадратная	150.0	150.0		6.0	12.0	33.63	26.4	1145.91	152.79	5.837		1145.91
150x150x6.5	квадратная	150.0	150.0		6.5	16.25	35.86	28.15	1203.37	160.45	5.793		1203.37
150x150x7	квадратная	150.0	150.0		7.0	17.5	38.36	30.11	1275.59	170.08	5.766		1275.59
150x150x7.5	квадратная	150.0	150.0		7.5	18.75	40.82	32.04	1345.06	179.34	5.74		1345.06
150x150x8	квадратная	150.0	150.0		8.0	20.0	43.24	33.95	1411.83	188.24	5.714		1411.83
150x150x9	квадратная	150.0	150.0		9.0	13.5	49.37	38.75	1614.37	215.25	5.719		1614.37
150x150x10	квадратная	150.0	150.0		10.0	15.0	54.28	42.61	1747.21	232.96	5.675		1747.21
160x160x4	квадратная	160.0	160.0		4.0	8.0	24.55	19.27	987.17	123.4	6.341		987.17
160x160x4.5	квадратная	160.0	160.0		4.5	9.0	27.47	21.56	1096.29	137.04	6.317		1096.29
160x160x5	квадратная	160.0	160.0		5.0	10.0	30.36	23.83	1202.36	150.29	6.293		1202.36
160x160x5.5	квадратная	160.0	160.0		5.5	11.0	33.21	26.07	1305.41	163.18	6.269		1305.41
160x160x6	квадратная	160.0	160.0		6.0	12.0	36.03	28.29	1405.48	175.69	6.245		1405.48
160x160x6.5	квадратная	160.0	160.0		6.5	16.25	38.46	30.19	1479.21	184.9	6.202		1479.21
160x160x7	квадратная	160.0	160.0		7.0	17.5	41.16	32.31	1569.69	196.21	6.175		1569.69
160x160x7.5	квадратная	160.0	160.0		7.5	18.75	43.82	34.4	1657.02	207.13	6.149		1657.02
160x160x8	квадратная	160.0	160.0		8.0	20.0	46.44	36.46	1741.23	217.65	6.123		1741.23
180x180x3	квадратная	180.0	180.0		3.0	6.0	21.01	16.49	1090.83	121.2	7.206		1090.83
180x180x3.5	квадратная	180.0	180.0		3.5	7.0	24.39	19.15	1258.28	139.81	7.182		1258.28
180x180x4	квадратная	180.0	180.0		4.0	8.0	27.75	21.78	1421.74	157.97	7.158		1421.74
180x180x4.5	квадратная	180.0	180.0		4.5	9.0	31.07	24.39	1581.26	175.7	7.134		1581.26
180x180x5	квадратная	180.0	180.0		5.0	10.0	34.36	26.97	1736.87	192.99	7.11		1736.87
180x180x5.5	квадратная	180.0	180.0		5.5	11.0	37.61	29.52	1888.61	209.85	7.086		1888.61
180x180x6	квадратная	180.0	180.0		6.0	12.0	40.83	32.05	2036.52	226.28	7.062		2036.52
180x180x6.5	квадратная	180.0	180.0		6.5	16.25	43.66	34.27	2151.05	239.01	7.019		2151.05
180x180x7	квадратная	180.0	180.0		7.0	17.5	46.76	36.7	2286.7	254.08	6.993		2286.7
180x180x7.5	квадратная	180.0	180.0		7.5	18.75	49.82	39.11	2418.29	268.7	6.967		2418.29
180x180x8	квадратная	180.0	180.0		8.0	20.0	52.84	41.48	2545.86	282.87	6.941		2545.86
180x180x8.5	квадратная	180.0	180.0		8.5	21.25	55.83	43.83	2669.46	296.61	6.915		2669.46
180x180x9	квадратная	180.0	180.0		9.0	22.5	58.78	46.14	2789.12	309.9	6.888		2789.12
180x180x9.5	квадратная	180.0	180.0		9.5	23.75	61.69	48.43	2904.89	322.77	6.862		2904.89
180x180x10	квадратная	180.0	180.0		10.0	25.0	64.57	50.68	3016.8	335.2	6.835		3016.8
180x180x10.5	квадратная	180.0	180.0		10.5	31.5	66.46	52.17	3045.13	338.35	6.769		3045.13
180x180x11	квадратная	180.0	180.0		11.0	33.0	69.17	54.3	3141.58	349.06	6.739		3141.58
180x180x11.5	квадратная	180.0	180.0		11.5	34.5	71.83	56.39	3233.92	359.32	6.709		3233.92
180x180x12	квадратная	180.0	180.0		12.0	36.0	74.46	58.45	3322.19	369.13	6.679		3322.19
180x180x12.5	квадратная	180.0	180.0		12.5	37.5	77.04	60.48	3406.43	378.49	6.649		3406.43
180x180x13	квадратная	180.0	180.0		13.0	39.0	79.59	62.48	3486.69	387.41	6.618		3486.69
180x180x13.5	квадратная	180.0	180.0		13.5	40.5	82.09	64.44	3562.99	395.89	6.587		3562.99
180x180x14	квадратная	180.0	180.0		14.0	42.0	84.55	66.37	3635.39	403.93	6.556		3635.39
180x180x14.5	квадратная	180.0	180.0		14.5	43.5	86.97	68.27	3703.93	411.55	6.525		3703.93
180x180x15	квадратная	180.0	180.0		15.0	45.0	89.34	70.13	3768.64	418.74	6.494		3768.64
180x180x15.5	квадратная	180.0	180.0		15.5	46.5	91.68	71.97	3829.561	425.51	6.462		3829.561
180x180x16	квадратная	180.0	180.0		16.0	48.0	93.97	73.77	3886.74	431.86	6.43		3886.74
200x200x5	квадратная	200.0	200.0		5.0	10.0	38.36	30.11	2410.09	241.01	7.927		2410.09
200x200x5.5	квадратная	200.0	200.0		5.5	11.0	42.01	32.98	2623.81	262.38	7.903		2623.81
200x200x6	квадратная	200.0	200.0		6.0	12.0	45.63	35.82	2832.75	283.27	7.879		2832.75
200x200x6.5	квадратная	200.0	200.0		6.5	16.25	48.86	38.35	3000.43	300.04	7.836		3000.43
200x200x7	квадратная	200.0	200.0		7.0	17.5	52.36	41.1	3194.1	319.41	7.81		3194.1
200x200x7.5	квадратная	200.0	200.0		7.5	18.75	55.82	43.82	3382.69	338.27	7.784		3382.69
200x200x8	квадратная	200.0	200.0		8.0	20.0	59.24	46.51	3566.25	356.63	7.758		3566.25
200x200x8.5	квадратная	200.0	200.0		8.5	21.25	62.63	49.16	3744.831	374.48	7.732		3744.831
200x200x9	квадратная	200.0	200.0		9.0	22.5	65.98	51.79	3918.45	391.85	7.706		3918.45
200x200x9.5	квадратная	200.0	200.0		9.5	23.75	69.29	54.39	4087.18	408.72	7.68		4087.18
200x200x10	квадратная	200.0	200.0		10.0	25.0	72.57	56.96	4251.06	425.11	7.654		4251.06
200x200x10.5	квадратная	200.0	200.0		10.5	31.5	74.86	58.76	4311.9	431.19	7.589		4311.9
200x200x11	квадратная	200.0	200.0		11.0	33.0	77.97	61.2	4456.51	445.65	7.56		4456.51
200x200x11.5	квадратная	200.0	200.0		11.5	34.5	81.03	63.61	4595.931	459.59	7.53		4595.931
200x200x12	квадратная	200.0	200.0		12.0	36.0	84.06	65.99	4730.22	473.02	7.501		4730.22
250x250x6	квадратная	250.0	250.0		6.0	12.0	57.63	45.24	5672.0	453.76	9.92		5672.0
250x250x6.5	квадратная	250.0	250.0		6.5	16.25	61.86	48.56	6037.1	482.97	9.879		6037.1
250x250x7	квадратная	250.0	250.0		7.0	17.5	66.36	52.09	6442.581	515.41	9.853		6442.581
250x250x7.5	квадратная	250.0	250.0		7.5	18.75	70.82	55.59	6839.93	547.19	9.828		6839.93
250x250x8	квадратная	250.0	250.0		8.0	20.0	75.24	59.07	7229.2	578.34	9.802		7229.2
250x250x8.5	квадратная	250.0	250.0		8.5	21.25	79.63	62.51	7610.46	608.84	9.776		7610.46
250x250x9	квадратная	250.0	250.0		9.0	22.5	83.98	65.92	7983.75	638.7	9.75		7983.75
250x250x9.5	квадратная	250.0	250.0		9.5	23.75	88.29	69.31	8349.14	667.93	9.724		8349.14
250x250x10	квадратная	250.0	250.0		10.0	25.0	92.57	72.66	8706.67	696.53	9.698		8706.67
250x250x10.5	квадратная	250.0	250.0		10.5	31.5	95.86	75.25	8903.751	712.3	9.637		8903.751
250x250x11	квадратная	250.0	250.0		11.0	33.0	99.97	78.47	9230.69	738.46	9.609		9230.69
250x250x11.5	квадратная	250.0	250.0		11.5	34.5	104.03	81.67	9549.221	763.94	9.58		9549.221
250x250x12	квадратная	250.0	250.0		12.0	36.0	108.06	84.83	9859.411	788.75	9.551		9859.411
300x300x4	квадратная	300.0	300.0		4.0	8.0	46.95	36.85	6825.311	455.02	12.057		6825.311
300x300x4.5	квадратная	300.0	300.0		4.5	9.0	52.67	41.34	7626.731	508.45	12.033		7626.731
300x300x5	квадратная	300.0	300.0		5.0	10.0	58.36	45.81	8416.881	561.13	12.01		8416.881
300x300x5.5	квадратная	300.0	300.0		5.5	11.0	64.01	50.25	9195.841	613.06	11.986		9195.841
300x300x6	квадратная	300.0	300.0		6.0	12.0	69.63	54.66	9963.671	664.24	11.962		9963.671
300x300x6.5	квадратная	300.0	300.0		6.5	16.25	74.86	58.76	10638.39	709.23	11.921		10638.39
300x300x7	квадратная	300.0	300.0		7.0	17.5	80.36	63.08	11371.031	758.07	11.895		11371.031
300x300x7.5	квадратная	300.0	300.0		7.5	18.75	85.82	67.37	12091.78	806.12	11.87		12091.78
300x300x8	квадратная	300.0	300.0		8.0	20.0	91.24	71.63	12800.69	853.38	11.844		12800.69
300x300x8.5	квадратная	300.0	300.0		8.5	21.25	96.63	75.85	13497.831	899.86	11.819		13497.831
300x300x9	квадратная	300.0	300.0		9.0	22.5	101.98	80.05	14183.28	945.55	11.793		14183.28
300x300x9.5	квадратная	300.0	300.0		9.5	23.75	107.29	84.22	14857.1	990.47	11.767		14857.1
300x300x10	квадратная	300.0	300.0		10.0	25.0	112.57	88.36	15519.36	1034.62	11.741		15519.36
300x300x10.5	квадратная	300.0	300.0		10.5	31.5	116.86	91.73	15951.201	1063.41	11.683		15951.201
300x300x11	квадратная	300.0	300.0		11.0	33.0	121.97	95.74	16568.949	1104.6	11.655		16568.949
300x300x11.5	квадратная	300.0	300.0		11.5	34.5	127.03	99.72	17174.311	1144.95	11.627		17174.311
300x300x12	квадратная	300.0	300.0		12.0	36.0	132.06	103.67	17767.352	1184.49	11.599		17767.352
300x300x12.5	квадратная	300.0	300.0		12.5	37.5	137.04	107.58	18348.133	1223.21	11.57		18348.133
300x300x13	квадратная	300.0	300.0		13.0	39.0	141.99	111.46	18916.721	1261.11	11.542		18916.721
300x300x13.5	квадратная	300.0	300.0		13.5	40.5	146.89	115.31	19473.18	1298.21	11.513		19473.18
300x300x14	квадратная	300.0	300.0		14.0	42.0	151.75	119.12	20017.592	1334.51	11.485		20017.592
300x300x14.5	квадратная	300.0	300.0		14.5	43.5	156.57	122.9	20550.01	1370.0	11.456		20550.01
300x300x15	квадратная	300.0	300.0		15.0	45.0	161.34	126.65	21070.5	1404.7	11.427		21070.5
300x300x15.5	квадратная	300.0	300.0		15.5	46.5	166.08	130.37	21579.133	1438.61	11.398		21579.133
300x300x16	квадратная	300.0	300.0		16.0	48.0	170.77	134.06	22075.973	1471.73	11.369		22075.973
300x300x16.5	квадратная	300.0	300.0		16.5	49.5	175.42	137.71	22561.082	1504.07	11.34		22561.082
300x300x17	квадратная	300.0	300.0		17.0	51.0	180.04	141.33	23034.531	1535.64	11.31		23034.531
300x300x17.5	квадратная	300.0	300.0		17.5	52.5	184.61	144.92	23496.4	1566.43	11.281		23496.4
300x300x18	квадратная	300.0	300.0		18.0	54.0	189.13	148.47	23946.742	1596.45	11.251		23946.742
300x300x18.5	квадратная	300.0	300.0		18.5	55.5	193.62	151.99	24385.621	1625.71	11.222		24385.621
300x300x19	квадратная	300.0	300.0		19.0	57.0	198.07	155.48	24813.107	1654.21	11.192		24813.107
300x300x20	квадратная	300.0	300.0		20.0	60.0	206.83	162.36	25634.18	1708.95	11.132		25634.18
300x300x21	квадратная	300.0	300.0		21.0	63.0	215.43	169.11	26410.502	1760.7	11.071		26410.502
300x300x22	квадратная	300.0	300.0		22.0	66.0	223.87	175.74	27142.6	1809.51	11.01		27142.6
350x350x5	квадратная	350.0	350.0		5.0	10.0	68.36	53.66	13495.709	771.18	14.051		13495.709
350x350x5.5	квадратная	350.0	350.0		5.5	11.0	75.01	58.88	14759.37	843.39	14.027		14759.37
350x350x6	квадратная	350.0	350.0		6.0	12.0	81.63	64.08	16007.74	914.73	14.003		16007.74
350x350x6.5	квадратная	350.0	350.0		6.5	16.25	87.86	68.97	17129.301	978.82	13.963		17129.301
350x350x7	квадратная	350.0	350.0		7.0	17.5	94.36	74.07	18329.461	1047.4	13.937		18329.461
350x350x7.5	квадратная	350.0	350.0		7.5	18.75	100.82	79.14	19513.23	1115.04	13.912		19513.23
350x350x8	квадратная	350.0	350.0		8.0	20.0	107.24	84.19	20680.699	1181.75	13.887		20680.699
350x350x8.5	квадратная	350.0	350.0		8.5	21.25	113.63	89.2	21831.941	1247.54	13.861		21831.941
350x350x9	квадратная	350.0	350.0		9.0	22.5	119.98	94.18	22967.053	1312.4	13.835		22967.053
350x350x9.5	квадратная	350.0	350.0		9.5	23.75	126.29	99.14	24086.082	1376.35	13.81		24086.082
350x350x10	квадратная	350.0	350.0		10.0	25.0	132.57	104.06	25189.131	1439.38	13.784		25189.131
350x350x10.5	квадратная	350.0	350.0		10.5	31.5	137.86	108.22	25979.25	1484.53	13.727		25979.25
350x350x11	квадратная	350.0	350.0		11.0	33.0	143.97	113.01	27021.301	1544.07	13.7		27021.301
350x350x11.5	квадратная	350.0	350.0		11.5	34.5	150.03	117.78	28046.203	1602.64	13.672		28046.203
350x350x12	квадратная	350.0	350.0		12.0	36.0	156.06	122.51	29054.029	1660.23	13.644		29054.029
350x350x12.5	квадратная	350.0	350.0		12.5	37.5	162.04	127.2	30044.869	1716.85	13.616		30044.869
350x350x13	квадратная	350.0	350.0		13.0	39.0	167.99	131.87	31018.791	1772.5	13.588		31018.791
350x350x13.5	квадратная	350.0	350.0		13.5	40.5	173.89	136.5	31975.883	1827.19	13.56		31975.883
350x350x14	квадратная	350.0	350.0		14.0	42.0	179.75	141.1	32916.211	1880.93	13.532		32916.211
350x350x14.5	квадратная	350.0	350.0		14.5	43.5	185.57	145.67	33839.852	1933.71	13.503		33839.852
350x350x15	квадратная	350.0	350.0		15.0	45.0	191.34	150.2	34746.895	1985.54	13.475		34746.895
350x350x15.5	квадратная	350.0	350.0		15.5	46.5	197.08	154.71	35637.398	2036.42	13.447		35637.398
350x350x16	квадратная	350.0	350.0		16.0	48.0	202.77	159.18	36511.449	2086.37	13.418		36511.449
350x350x16.5	квадратная	350.0	350.0		16.5	49.5	208.42	163.61	37369.141	2135.38	13.389		37369.141
350x350x17	квадратная	350.0	350.0		17.0	51.0	214.04	168.02	38210.531	2183.46	13.36		38210.531
350x350x17.5	квадратная	350.0	350.0		17.5	52.5	219.61	172.39	39035.691	2230.61	13.332		39035.691
350x350x18	квадратная	350.0	350.0		18.0	54.0	225.13	176.73	39844.719	2276.84	13.303		39844.719
350x350x18.5	квадратная	350.0	350.0		18.5	55.5	230.62	181.04	40637.691	2322.15	13.273		40637.691
350x350x19	квадратная	350.0	350.0		19.0	57.0	236.07	185.31	41414.66	2366.55	13.244		41414.66
350x350x20	квадратная	350.0	350.0		20.0	60.0	246.83	193.76	42920.984	2452.63	13.186		42920.984
350x350x21	квадратная	350.0	350.0		21.0	63.0	257.43	202.08	44364.285	2535.1	13.126		44364.285
350x350x22	квадратная	350.0	350.0		22.0	66.0	267.87	210.28	45745.215	2614.01	13.067		45745.215
400x400x6	квадратная	400.0	400.0		6.0	12.0	93.63	73.5	24104.232	1205.21	16.045		24104.232
400x400x6.5	квадратная	400.0	400.0		6.5	16.25	100.86	79.17	25834.822	1291.74	16.004		25834.822
400x400x7	квадратная	400.0	400.0		7.0	17.5	108.36	85.06	27667.852	1383.39	15.979		27667.852
400x400x7.5	квадратная	400.0	400.0		7.5	18.75	115.82	90.92	29479.291	1473.96	15.954		29479.291
400x400x8	квадратная	400.0	400.0		8.0	20.0	123.24	96.75	31269.24	1563.46	15.928		31269.24
400x400x8.5	квадратная	400.0	400.0		8.5	21.25	130.63	102.54	33037.805	1651.89	15.903		33037.805
400x400x9	квадратная	400.0	400.0		9.0	22.5	137.98	108.31	34785.051	1739.25	15.878		34785.051
400x400x9.5	квадратная	400.0	400.0		9.5	23.75	145.29	114.05	36511.082	1825.55	15.852		36511.082
400x400x10	квадратная	400.0	400.0		10.0	25.0	152.57	119.76	38215.984	1910.8	15.827		38215.984
400x400x10.5	квадратная	400.0	400.0		10.5	31.5	158.86	124.7	39512.902	1975.64	15.771		39512.902
400x400x11	квадратная	400.0	400.0		11.0	33.0	165.97	130.28	41137.719	2056.89	15.743		41137.719
400x400x11.5	квадратная	400.0	400.0		11.5	34.5	173.03	135.83	42739.879	2136.99	15.716		42739.879
400x400x12	квадратная	400.0	400.0		12.0	36.0	180.06	141.35	44319.453	2215.97	15.688		44319.453
400x400x12.5	квадратная	400.0	400.0		12.5	37.5	187.04	146.83	45876.535	2293.83	15.661		45876.535
400x400x13	квадратная	400.0	400.0		13.0	39.0	193.99	152.28	47411.203	2370.56	15.633		47411.203
400x400x13.5	квадратная	400.0	400.0		13.5	40.5	200.89	157.7	48923.555	2446.18	15.605		48923.555
400x400x14	квадратная	400.0	400.0		14.0	42.0	207.75	163.08	50413.676	2520.68	15.577		50413.676
400x400x14.5	квадратная	400.0	400.0		14.5	43.5	214.57	168.43	51881.648	2594.08	15.549		51881.648
400x400x15	квадратная	400.0	400.0		15.0	45.0	221.34	173.75	53327.574	2666.38	15.521		53327.574
400x400x15.5	квадратная	400.0	400.0		15.5	46.5	228.08	179.04	54751.516	2737.58	15.493		54751.516
400x400x16	квадратная	400.0	400.0		16.0	48.0	234.77	184.3	56153.602	2807.68	15.465		56153.602
400x400x16.5	квадратная	400.0	400.0		16.5	49.5	241.42	189.52	57533.879	2876.69	15.437		57533.879
400x400x17	квадратная	400.0	400.0		17.0	51.0	248.04	194.71	58892.469	2944.62	15.408		58892.469
400x400x17.5	квадратная	400.0	400.0		17.5	52.5	254.61	199.87	60229.441	3011.47	15.38		60229.441
400x400x18	квадратная	400.0	400.0		18.0	54.0	261.13	204.99	61544.887	3077.24	15.351		61544.887
400x400x18.5	квадратная	400.0	400.0		18.5	55.5	267.62	210.08	62838.883	3141.94	15.323		62838.883
400x400x19	квадратная	400.0	400.0		19.0	57.0	274.07	215.14	64111.543	3205.58	15.294		64111.543
400x400x20	квадратная	400.0	400.0		20.0	60.0	286.83	225.16	66593.172	3329.66	15.236		66593.172
400x400x21	квадратная	400.0	400.0		21.0	63.0	299.43	235.05	68990.469	3449.52	15.178		68990.469
400x400x22	квадратная	400.0	400.0		22.0	66.0	311.87	244.82	71304.148	3565.21	15.12		71304.148
450x450x6	квадратная	450.0	450.0		6.0	12.0	105.63	82.92	34553.133	1535.69	18.086		34553.133
450x450x6.5	квадратная	450.0	450.0		6.5	16.25	113.86	89.38	37079.965	1648.0	18.046		37079.965
450x450x7	квадратная	450.0	450.0		7.0	17.5	122.36	96.05	39736.199	1766.05	18.021		39736.199
450x450x7.5	квадратная	450.0	450.0		7.5	18.75	130.82	102.69	42364.953	1882.89	17.996		42364.953
450x450x8	квадратная	450.0	450.0		8.0	20.0	139.24	109.31	44966.32	1998.5	17.97		44966.32
450x450x8.5	квадратная	450.0	450.0		8.5	21.25	147.63	115.89	47540.395	2112.91	17.945		47540.395
450x450x9	квадратная	450.0	450.0		9.0	22.5	155.98	122.44	50087.281	2226.1	17.919		50087.281
450x450x9.5	квадратная	450.0	450.0		9.5	23.75	164.29	128.97	52607.09	2338.09	17.894		52607.09
450x450x10	квадратная	450.0	450.0		10.0	25.0	172.57	135.46	55099.906	2448.89	17.869		55099.906
450x450x10.5	квадратная	450.0	450.0		10.5	31.5	179.86	141.19	57077.148	2536.76	17.814		57077.148
450x450x11	квадратная	450.0	450.0		11.0	33.0	187.97	147.55	59468.234	2643.03	17.787		59468.234
450x450x11.5	квадратная	450.0	450.0		11.5	34.5	196.03	153.89	61830.363	2748.02	17.759		61830.363
450x450x12	квадратная	450.0	450.0		12.0	36.0	204.06	160.19	64163.625	2851.72	17.732		64163.625
450x450x12.5	квадратная	450.0	450.0		12.5	37.5	212.04	166.45	66468.109	2954.14	17.704		66468.109
450x450x13	квадратная	450.0	450.0		13.0	39.0	219.99	172.69	68743.945	3055.29	17.677		68743.945
450x450x13.5	квадратная	450.0	450.0		13.5	40.5	227.89	178.89	70991.188	3155.16	17.649		70991.188
450x450x14	квадратная	450.0	450.0		14.0	42.0	235.75	185.06	73209.984	3253.78	17.622		73209.984
450x450x14.5	квадратная	450.0	450.0		14.5	43.5	243.57	191.2	75400.391	3351.13	17.594		75400.391
450x450x15	квадратная	450.0	450.0		15.0	45.0	251.34	197.3	77562.547	3447.22	17.566		77562.547
450x450x15.5	квадратная	450.0	450.0		15.5	46.5	259.08	203.38	79696.5	3542.07	17.538		79696.5
450x450x16	квадратная	450.0	450.0		16.0	48.0	266.77	209.42	81802.406	3635.66	17.51		81802.406
450x450x16.5	квадратная	450.0	450.0		16.5	49.5	274.42	215.42	83880.32	3728.01	17.482		83880.32
450x450x17	квадратная	450.0	450.0		17.0	51.0	282.04	221.4	85930.359	3819.13	17.454		85930.359
450x450x17.5	квадратная	450.0	450.0		17.5	52.5	289.61	227.34	87952.625	3909.01	17.426		87952.625
450x450x18	квадратная	450.0	450.0		18.0	54.0	297.13	233.25	89947.211	3997.65	17.398		89947.211
450x450x18.5	квадратная	450.0	450.0		18.5	55.5	304.62	239.13	91914.227	4085.08	17.37		91914.227
450x450x19	квадратная	450.0	450.0		19.0	57.0	312.07	244.97	93853.742	4171.28	17.341		93853.742
450x450x20	квадратная	450.0	450.0		20.0	60.0	326.83	256.56	97650.758	4340.03	17.284		97650.758
450x450x21	квадратная	450.0	450.0		21.0	63.0	341.43	268.02	101339.055	4503.96	17.227		101339.055
450x450x22	квадратная	450.0	450.0		22.0	66.0	355.87	279.36	104919.43	4663.09	17.169		104919.43
500x500x7	квадратная	500.0	500.0		7.0	17.5	136.36	107.04	54884.535	2195.38	20.062		54884.535
500x500x7.5	квадратная	500.0	500.0		7.5	18.75	145.82	114.47	58545.23	2341.81	20.037		58545.23
500x500x8	квадратная	500.0	500.0		8.0	20.0	155.24	121.67	62171.926	2486.88	20.012		62171.926
500x500x8.5	квадратная	500.0	500.0		8.5	21.25	164.63	129.23	65764.727	2630.59	19.987		65764.727
500x500x9	квадратная	500.0	500.0		9.0	22.5	173.98	136.57	69323.75	2772.95	19.961		69323.75
500x500x9.5	квадратная	500.0	500.0		9.5	23.75	183.29	143.88	72849.117	2913.96	19.936		72849.117
500x500x10	квадратная	500.0	500.0		10.0	25.0	192.57	151.16	76340.922	3053.64	19.911		76340.922
500x500x10.5	квадратная	500.0	500.0		10.5	31.5	200.86	157.67	79197.0	3167.88	19.856		79197.0
500x500x11	квадратная	500.0	500.0		11.0	33.0	209.97	164.82	82562.836	3302.51	19.829		82562.836
500x500x11.5	квадратная	500.0	500.0		11.5	34.5	219.03	171.94	85892.641	3435.71	19.802		85892.641
500x500x12	квадратная	500.0	500.0		12.0	36.0	228.06	179.03	89186.531	3567.46	19.775		89186.531
500x500x12.5	квадратная	500.0	500.0		12.5	37.5	237.04	186.08	92444.609	3697.78	19.748		92444.609
500x500x13	квадратная	500.0	500.0		13.0	39.0	245.99	193.1	95667.0	3826.68	19.72		95667.0
500x500x13.5	квадратная	500.0	500.0		13.5	40.5	254.89	200.09	98853.813	3954.15	19.693		98853.813
500x500x14	квадратная	500.0	500.0		14.0	42.0	263.75	207.04	102005.141	4080.21	19.666		102005.141
500x500x14.5	квадратная	500.0	500.0		14.5	43.5	272.57	213.96	105121.094	4204.84	19.638		105121.094
500x500x15	квадратная	500.0	500.0		15.0	45.0	281.34	220.85	108201.797	4328.07	19.61		108201.797
500x500x15.5	квадратная	500.0	500.0		15.5	46.5	290.08	227.71	111247.352	4449.89	19.583		111247.352
500x500x16	квадратная	500.0	500.0		16.0	48.0	298.77	234.54	114257.859	4570.31	19.555		114257.859
500x500x16.5	квадратная	500.0	500.0		16.5	49.5	307.42	241.33	117233.438	4689.34	19.527		117233.438
500x500x17	квадратная	500.0	500.0		17.0	51.0	316.04	248.09	120174.203	4806.97	19.499		120174.203
500x500x17.5	квадратная	500.0	500.0		17.5	52.5	324.61	254.82	123080.266	4923.21	19.472		123080.266
500x500x18	квадратная	500.0	500.0		18.0	54.0	333.13	261.51	125951.727	5038.07	19.444		125951.727
500x500x18.5	квадратная	500.0	500.0		18.5	55.5	341.62	268.17	128788.68	5151.55	19.416		128788.68
500x500x19	квадратная	500.0	500.0		19.0	57.0	350.07	274.8	131591.281	5263.65	19.387		131591.281
500x500x20	квадратная	500.0	500.0		20.0	60.0	366.83	287.96	137093.75	5483.75	19.331		137093.75
500x500x21	квадратная	500.0	500.0		21.0	63.0	383.43	300.99	142460.047	5698.4	19.274		142460.047
500x500x22	квадратная	500.0	500.0		22.0	66.0	399.87	313.9	147691.031	5907.641	19.217		147691.031
15x10x1	прямоугольная	15.0	10.0		1.0	1.5	0.44	0.348	0.126	0.168	0.533		0.066
15x10x1.5	прямоугольная	15.0	10.0		1.5	2.25	0.62	0.488	0.16	0.21	0.509		0.08
15x10x2	прямоугольная	15.0	10.0		2.0	3.0	0.77	0.605	0.18	0.24	0.484		0.09
20x10x1	прямоугольная	20.0	10.0		1.0	1.5	0.54	0.426	0.26	0.26	0.694		0.086
20x10x1.2	прямоугольная	20.0	10.0		1.2	1.8	0.63	0.501	0.29	0.29	0.684		0.1
20x10x1.5	прямоугольная	20.0	10.0		1.5	2.25	0.77	0.606	0.34	0.34	0.668		0.11
20x10x2	прямоугольная	20.0	10.0		2.0	3.0	0.97	0.762	0.4	0.4	0.641		0.12
20x15x1	прямоугольная	20.0	15.0		1.0	1.5	0.64	0.505	0.35	0.35	0.74		0.22
20x15x1.2	прямоугольная	20.0	15.0		1.2	1.8	0.75	0.595	0.4	0.4	0.73		0.25
20x15x1.5	прямоугольная	20.0	15.0		1.5	2.25	0.92	0.723	0.47	0.47	0.716		0.3
20x15x2	прямоугольная	20.0	15.0		2.0	3.0	1.17	0.919	0.56	0.56	0.693		0.35
20x15x2.5	прямоугольная	20.0	15.0		2.5	3.75	1.39	1.093	0.62	0.62	0.669		0.39
25x10x1	прямоугольная	25.0	10.0		1.0	1.5	0.64	0.505	0.47	0.37	0.851		0.11
25x10x1.5	прямоугольная	25.0	10.0		1.5	2.25	0.92	0.723	0.62	0.5	0.823		0.14
25x10x2	прямоугольная	25.0	10.0		2.0	3.0	1.17	0.919	0.74	0.59	0.795		0.16
25x10x2.5	прямоугольная	25.0	10.0		2.5	3.75	1.39	1.093	0.82	0.65	0.766		0.17
25x15x0.8	прямоугольная	25.0	15.0		0.8	1.2	0.6	0.474	0.5	0.4	0.915		0.22
25x15x0.9	прямоугольная	25.0	15.0		0.9	1.35	0.67	0.529	0.55	0.44	0.911		0.25
25x15x1	прямоугольная	25.0	15.0		1.0	1.5	0.74	0.583	0.61	0.49	0.906		0.27
25x15x1.2	прямоугольная	25.0	15.0		1.2	1.8	0.87	0.689	0.7	0.56	0.896		0.31
25x15x1.5	прямоугольная	25.0	15.0		1.5	2.25	1.07	0.841	0.83	0.67	0.881		0.37
25x15x2	прямоугольная	25.0	15.0		2.0	3.0	1.37	1.076	1.0	0.8	0.856		0.44
25x15x2.5	прямоугольная	25.0	15.0		2.5	3.75	1.64	1.29	1.13	0.91	0.831		0.49
28x25x0.8	прямоугольная	28.0	25.0		0.8	1.2	0.81	0.637	0.964	0.689	1.09		0.81
28x25x0.9	прямоугольная	28.0	25.0		0.9	1.35	0.9	0.713	1.07	0.764	1.086		0.898
28x25x1	прямоугольная	28.0	25.0		1.0	1.5	0.99	0.787	1.172	0.83	1.081		0.984
28x25x1.2	прямоугольная	28.0	25.0		1.2	1.8	1.19	0.934	1.367	0.97	1.072		1.146
30x10x1	прямоугольная	30.0	10.0		1.0	1.5	0.74	0.583	0.75	0.5	1.004		0.13
30x10x1.5	прямоугольная	30.0	10.0		1.5	2.25	1.07	0.841	1.02	0.68	0.975		0.16
30x10x2	прямоугольная	30.0	10.0		2.0	3.0	1.37	1.076	1.23	0.82	0.946		0.19
30x10x2.5	прямоугольная	30.0	10.0		2.5	3.75	1.64	1.29	1.38	0.92	0.915		0.2
30x10x3	прямоугольная	30.0	10.0		3.0	6.0	1.81	1.427	1.31	0.87	0.85		0.19
30x15x0.8	прямоугольная	30.0	15.0		0.8	1.2	0.68	0.536	0.79	0.52	1.077		0.26
30x15x0.9	прямоугольная	30.0	15.0		0.9	1.35	0.76	0.6	0.87	0.58	1.072		0.29
30x15x1	прямоугольная	30.0	15.0		1.0	1.5	0.84	0.662	0.96	0.64	1.067		0.32
30x15x1.2	прямоугольная	30.0	15.0		1.2	1.8	0.99	0.783	1.11	0.74	1.057		0.37
30x15x1.5	прямоугольная	30.0	15.0		1.5	2.25	1.22	0.959	1.32	0.88	1.041		0.44
30x15x2	прямоугольная	30.0	15.0		2.0	3.0	1.57	1.233	1.62	1.08	1.015		0.52
30x15x2.5	прямоугольная	30.0	15.0		2.5	3.75	1.89	1.486	1.85	1.23	0.989		0.58
30x15x3	прямоугольная	30.0	15.0		3.0	6.0	2.11	1.652	1.86	1.24	0.938		0.59
30x20x0.8	прямоугольная	30.0	20.0		0.8	1.2	0.76	0.599	0.96	0.64	1.123		0.51
30x20x0.9	прямоугольная	30.0	20.0		0.9	1.35	0.85	0.67	1.07	0.71	1.119		0.57
30x20x1	прямоугольная	30.0	20.0		1.0	1.5	0.94	0.74	1.17	0.78	1.114		0.62
30x20x1.2	прямоугольная	30.0	20.0		1.2	1.8	1.12	0.877	1.36	0.9	1.104		0.72
30x20x1.5	прямоугольная	30.0	20.0		1.5	2.25	1.37	1.077	1.63	1.09	1.09		0.86
30x20x2	прямоугольная	30.0	20.0		2.0	3.0	1.77	1.39	2.01	1.34	1.066		1.05
30x20x2.5	прямоугольная	30.0	20.0		2.5	3.75	2.14	1.682	2.32	1.55	1.041		1.2
30x20x3	прямоугольная	30.0	20.0		3.0	6.0	2.41	1.894	2.41	1.6	0.999		1.25
35x15x0.8	прямоугольная	35.0	15.0		0.8	1.2	0.76	0.598	1.17	0.66	1.236		0.3
35x15x0.9	прямоугольная	35.0	15.0		0.9	1.35	0.85	0.672	1.29	0.73	1.23		0.34
35x15x1	прямоугольная	35.0	15.0		1.0	1.5	0.94	0.749	1.41	0.8	1.225		0.37
35x15x1.2	прямоугольная	35.0	15.0		1.2	1.8	1.12	0.871	1.65	0.94	1.214		0.42
35x15x1.5	прямоугольная	35.0	15.0		1.5	2.25	1.37	1.077	1.97	1.13	1.198		0.5
35x15x2	прямоугольная	35.0	15.0		2.0	3.0	1.77	1.39	2.43	1.39	1.171		0.61
35x15x2.5	прямоугольная	35.0	15.0		2.5	3.75	2.14	1.682	2.9	1.6	1.144		0.68
35x15x3	прямоугольная	35.0	15.0		3.0	6.0	2.41	1.892	2.87	1.64	1.091		0.7
35x15x3.5	прямоугольная	35.0	15.0		3.5	7.0	2.69	2.128	3.0	1.72	1.056		0.72
35x20x0.8	прямоугольная	35.0	20.0		0.8	1.2	0.84	0.662	1.4	0.8	1.288		0.58
35x20x0.9	прямоугольная	35.0	20.0		0.9	1.35	0.94	0.741	1.55	0.88	1.283		0.65
35x20x1	прямоугольная	35.0	20.0		1.0	1.5	1.04	0.819	1.7	0.97	1.278		0.71
35x20x1.2	прямоугольная	35.0	20.0		1.2	1.8	1.24	0.972	1.99	1.14	1.268		0.82
35x20x1.5	прямоугольная	35.0	20.0		1.5	2.25	1.52	1.194	2.39	1.37	1.253		0.99
35x20x2	прямоугольная	35.0	20.0		2.0	3.0	1.97	1.547	2.97	1.7	1.228		1.21
35x20x2.5	прямоугольная	35.0	20.0		2.5	3.75	2.39	1.878	3.46	1.98	1.203		1.39
35x20x3	прямоугольная	35.0	20.0		3.0	6.0	2.71	2.13	3.64	2.08	1.159		1.47
35x20x3.5	прямоугольная	35.0	20.0		3.5	7.0	3.04	2.391	3.88	2.22	1.128		1.55
35x25x1.5	прямоугольная	35.0	25.0		1.5	2.25	1.67	1.312	2.811	1.61	1.297		1.66
35x25x2	прямоугольная	35.0	25.0		2.0	3.0	2.17	1.704	3.52	2.01	1.273		2.07
35x25x2.5	прямоугольная	35.0	25.0		2.5	3.75	2.64	2.075	4.13	2.36	1.249		2.41
35x25x3	прямоугольная	35.0	25.0		3.0	6.0	3.01	2.363	4.41	2.52	1.21		2.57
35x25x3.5	прямоугольная	35.0	25.0		3.5	7.0	3.39	2.66	4.75	2.71	1.183		2.76
35x30x0.8	прямоугольная	35.0	30.0		0.8	1.2	1.0	0.788	1.87	1.07	1.364		1.48
35x30x0.9	прямоугольная	35.0	30.0		0.9	1.35	1.12	0.882	2.08	1.19	1.36		1.64
35x30x1	прямоугольная	35.0	30.0		1.0	1.5	1.24	0.976	2.28	1.3	1.355		1.8
35x30x1.2	прямоугольная	35.0	30.0		1.2	1.8	1.48	1.168	2.68	1.53	1.346		2.11
35x30x1.5	прямоугольная	35.0	30.0		1.5	2.25	1.82	1.431	3.23	1.85	1.332		2.54
35x30x2	прямоугольная	35.0	30.0		2.0	3.0	2.37	1.862	4.06	2.32	1.309		3.19
40x15x2	прямоугольная	40.0	15.0		2.0	3.0	1.97	1.547	3.46	1.73	1.325		0.69
40x15x2.5	прямоугольная	40.0	15.0		2.5	3.75	2.39	1.878	4.02	2.011	1.297		0.78
40x15x3	прямоугольная	40.0	15.0		3.0	6.0	2.71	2.132	4.18	2.088	1.242		0.81
40x15x3.5	прямоугольная	40.0	15.0		3.5	7.0	3.04	2.396	4.43	2.21	1.206		0.84
40x15x4	прямоугольная	40.0	15.0		4.0	8.0	3.35	2.639	4.57	2.28	1.168		0.85
40x20x0.8	прямоугольная	40.0	20.0		0.8	1.2	0.92	0.725	1.94	0.97	1.45		0.66
40x20x0.9	прямоугольная	40.0	20.0		0.9	1.35	1.034	0.811	2.16	1.08	1.445		0.73
40x20x1	прямоугольная	40.0	20.0		1.0	1.5	1.143	0.897	2.37	1.18	1.44		0.8
40x20x1.2	прямоугольная	40.0	20.0		1.2	1.8	1.358	1.066	2.77	1.39	1.429		0.93
40x20x1.5	прямоугольная	40.0	20.0		1.5	2.25	1.671	1.312	3.34	1.67	1.414		1.12
40x20x2	прямоугольная	40.0	20.0		2.0	3.0	2.17	1.704	4.18	2.09	1.388		1.38
40x20x2.5	прямоугольная	40.0	20.0		2.5	3.75	2.64	2.075	4.9	2.45	1.362		1.59
40x20x3	прямоугольная	40.0	20.0		3.0	6.0	3.01	2.36	5.21	2.6	1.316		1.68
40x20x3.5	прямоугольная	40.0	20.0		3.5	7.0	3.39	2.668	5.6	2.8	1.284		1.79
40x20x4	прямоугольная	40.0	20.0		4.0	8.0	3.75	2.946	5.87	2.93	1.251		1.86
40x25x1.5	прямоугольная	40.0	25.0		1.5	2.25	1.82	1.432	3.9	1.95	1.463		1.87
40x25x2	прямоугольная	40.0	25.0		2.0	3.0	2.37	1.861	4.91	2.45	1.438		2.33
40x25x2.5	прямоугольная	40.0	25.0		2.5	3.75	2.89	2.271	5.78	2.89	1.414		2.72
40x25x3	прямоугольная	40.0	25.0		3.0	6.0	3.31	2.604	6.24	3.12	1.373		2.94
40x25x3.5	прямоугольная	40.0	25.0		3.5	7.0	3.74	2.941	6.77	3.38	1.344		3.17
40x25x4	прямоугольная	40.0	25.0		4.0	8.0	4.15	3.26	7.17	3.59	1.315		3.34
40x30x1.5	прямоугольная	40.0	30.0		1.5	2.25	1.97	1.553	4.45	2.23	1.503		2.85
40x30x2	прямоугольная	40.0	30.0		2.0	3.0	2.57	2.018	5.63	2.81	1.48		3.58
40x30x2.5	прямоугольная	40.0	30.0		2.5	3.75	3.14	2.467	6.66	3.33	1.456		4.22
40x30x3	прямоугольная	40.0	30.0		3.0	6.0	3.61	2.837	7.27	3.63	1.419		4.6
40x30x3.5	прямоугольная	40.0	30.0		3.5	7.0	4.09	3.215	7.94	3.97	1.392		5.01
40x30x4	прямоугольная	40.0	30.0		4.0	8.0	4.55	3.571	8.47	4.24	1.365		5.33
45x20x2	прямоугольная	45.0	20.0		2.0	3.0	2.37	1.861	5.66	2.52	1.546		1.54
45x20x2.5	прямоугольная	45.0	20.0		2.5	3.75	2.89	2.271	6.67	2.97	1.519		1.78
45x20x3	прямоугольная	45.0	20.0		3.0	6.0	3.31	2.6	7.15	3.18	1.47		1.9
45x20x3.5	прямоугольная	45.0	20.0		3.5	7.0	3.74	2.949	7.74	3.44	1.438		2.03
45x20x4	прямоугольная	45.0	20.0		4.0	8.0	4.15	3.267	8.18	3.64	1.404		2.12
45x30x2	прямоугольная	45.0	30.0		2.0	3.0	2.77	2.175	7.52	3.34	1.647		3.97
45x30x2.5	прямоугольная	45.0	30.0		2.5	3.75	3.39	2.663	8.93	3.97	1.623		4.69
45x30x3	прямоугольная	45.0	30.0		3.0	6.0	3.91	3.071	9.8	4.36	1.584		5.15
45x30x3.5	прямоугольная	45.0	30.0		3.5	7.0	4.44	3.498	10.76	4.78	1.556		5.63
45x30x4	прямоугольная	45.0	30.0		4.0	8.0	4.95	3.885	11.55	5.13	1.528		6.01
50x25x1.5	прямоугольная	50.0	25.0		1.5	2.25	2.12	1.678	6.77	2.71	1.787		2.28
50x25x2	прямоугольная	50.0	25.0		2.0	3.0	2.77	2.175	8.59	3.44	1.761		2.86
50x25x2.5	прямоугольная	50.0	25.0		2.5	3.75	3.39	2.663	10.22	4.09	1.735		3.36
50x25x3	прямоугольная	50.0	25.0		3.0	6.0	3.91	3.076	11.17	4.47	1.691		3.67
50x25x3.5	прямоугольная	50.0	25.0		3.5	7.0	4.44	3.399	12.25	4.9	1.66		3.98
50x25x4	прямоугольная	50.0	25.0		4.0	8.0	4.95	3.883	13.13	5.25	1.629		4.23
50x30x1.5	прямоугольная	50.0	30.0		1.5	2.25	2.27	1.766	7.65	3.062	1.836		3.46
50x30x2	прямоугольная	50.0	30.0		2.0	3.0	2.97	2.332	9.75	3.9	1.811		4.37
50x30x2.5	прямоугольная	50.0	30.0		2.5	3.75	3.64	2.864	11.63	4.65	1.786		5.17
50x30x3	прямоугольная	50.0	30.0		3.0	6.0	4.21	3.307	12.83	5.13	1.746		5.7
50x30x3.5	прямоугольная	50.0	30.0		3.5	7.0	4.79	3.763	14.15	5.66	1.717		6.24
50x30x4	прямоугольная	50.0	30.0		4.0	8.0	5.35	4.209	15.25	6.1	1.688		6.69
50x30x4.5	прямоугольная	50.0	30.0		4.5	9.0	5.87	4.612	16.16	6.46	1.659		7.05
50x30x5	прямоугольная	50.0	30.0		5.0	10.0	6.36	4.991	16.87	6.75	1.629		7.33
50x35x1.5	прямоугольная	50.0	35.0		1.5	2.25	2.42	1.91	8.54	3.41	1.878		4.92
50x35x2	прямоугольная	50.0	35.0		2.0	3.0	3.17	2.491	10.9	4.36	1.854		6.24
50x35x2.2	прямоугольная	50.0	35.0		2.2	3.3	3.46	2.728	11.78	4.71	1.844		6.73
50x35x2.5	прямоугольная	50.0	35.0		2.5	5.0	3.839	3.094	12.707	5.083	1.819		7.273
50x35x3	прямоугольная	50.0	35.0		3.0	4.5	4.58	3.605	14.95	5.98	1.806		8.47
50x35x3.5	прямоугольная	50.0	35.0		3.5	5.25	5.25	4.127	16.66	6.66	1.782		9.4
50x35x4	прямоугольная	50.0	35.0		4.0	6.0	5.88	4.621	18.17	7.27	1.758		10.2
50x40x2	прямоугольная	50.0	40.0		2.0	3.0	3.37	2.646	12.05	4.82	1.891		8.52
50x40x2.5	прямоугольная	50.0	40.0		2.5	3.75	4.14	3.252	14.45	5.78	1.868		10.18
50x40x3	прямоугольная	50.0	40.0		3.0	6.0	4.81	3.779	16.15	6.46	1.833		11.38
50x40x3.5	прямоугольная	50.0	40.0		3.5	7.0	5.49	4.316	17.94	7.17	1.807		12.61
50x40x4	прямоугольная	50.0	40.0		4.0	8.0	6.15	4.834	19.49	7.8	1.78		13.68
50x40x4.5	прямоугольная	50.0	40.0		4.5	9.0	6.77	5.318	20.83	8.33	1.754		14.58
50x40x5	прямоугольная	50.0	40.0		5.0	10.0	7.36	5.775	21.95	8.78	1.727		15.34
60x20x2	прямоугольная	60.0	20.0		2.0	3.0	2.97	2.334	11.98	3.99	2.008		2.02
60x25x2.5	прямоугольная	60.0	25.0		2.5	3.75	3.89	3.056	16.34	5.45	2.049		3.99
60x25x3	прямоугольная	60.0	25.0		3.0	6.0	4.51	3.54	18.06	6.02	2.001		4.4
60x25x3.5	прямоугольная	60.0	25.0		3.5	7.0	5.14	4.041	19.96	6.65	1.969		4.8
60x25x4	прямоугольная	60.0	25.0		4.0	8.0	5.75	4.515	21.56	7.19	1.937		5.12
60x25x4.5	прямоугольная	60.0	25.0		4.5	9.0	6.32	4.968	22.89	7.63	1.903		5.37
60x25x5	прямоугольная	60.0	25.0		5.0	10.0	6.86	5.383	23.95	7.98	1.869		5.56
60x30x1.5	прямоугольная	60.0	30.0		1.5	2.25	2.57	2.021	11.99	4.0	2.16		4.07
60x30x2	прямоугольная	60.0	30.0		2.0	3.0	3.37	2.646	15.35	5.12	2.134		5.15
60x30x2.5	прямоугольная	60.0	30.0		2.5	3.75	4.14	3.252	18.41	6.14	2.108		6.12
60x30x3	прямоугольная	60.0	30.0		3.0	6.0	4.81	3.77	20.5	6.83	2.065		6.8
60x30x3.5	прямоугольная	60.0	30.0		3.5	7.0	5.49	4.311	22.75	7.58	2.035		7.48
60x30x4	прямоугольная	60.0	30.0		4.0	8.0	6.15	4.838	24.7	8.23	2.004		8.06
60x30x4.5	прямоугольная	60.0	30.0		4.5	9.0	6.77	5.312	26.36	8.79	1.973		8.53
60x30x5	прямоугольная	60.0	30.0		5.0	10.0	7.36	5.777	27.74	9.25	1.942		8.91
60x30x5.5	прямоугольная	60.0	30.0		5.5	11.0	7.91	6.213	28.86	9.62	1.91		9.2
60x30x6	прямоугольная	60.0	30.0		6.0	12.0	8.43	6.626	29.71	9.9	1.877		9.41
60x40x1.5	прямоугольная	60.0	40.0		1.5	2.25	2.87	2.254	14.56	4.85	2.252		7.79
60x40x2	прямоугольная	60.0	40.0		2.0	3.0	3.77	2.96	18.72	6.24	2.228		9.97
60x40x2.5	прямоугольная	60.0	40.0		2.5	3.75	4.64	3.645	22.55	7.52	2.204		11.94
60x40x3	прямоугольная	60.0	40.0		3.0	6.0	5.41	4.255	25.38	8.46	2.166		13.44
60x40x3.5	прямоугольная	60.0	40.0		3.5	7.0	6.19	4.86	28.35	9.45	2.139		14.95
60x40x4	прямоугольная	60.0	40.0		4.0	8.0	6.95	5.451	30.99	10.33	2.112		16.28
60x40x4.5	прямоугольная	60.0	40.0		4.5	9.0	7.67	6.029	33.31	11.1	2.084		17.44
60x40x5	прямоугольная	60.0	40.0		5.0	10.0	8.36	6.562	35.33	11.78	2.056		18.43
60x40x5.5	прямоугольная	60.0	40.0		5.5	11.0	9.01	7.077	37.05	12.35	2.028		19.26
60x40x6	прямоугольная	60.0	40.0		6.0	12.0	9.63	7.563	38.5	12.83	1.999		19.95
70x30x3	прямоугольная	70.0	30.0		3.0	6.0	5.41	4.258	30.57	8.74	2.378		7.9
70x30x3.5	прямоугольная	70.0	30.0		3.5	7.0	6.19	4.864	34.11	9.74	2.346		8.72
70x30x4	прямоугольная	70.0	30.0		4.0	8.0	6.95	5.456	37.23	10.64	2.315		9.42
70x30x4.5	прямоугольная	70.0	30.0		4.5	9.0	7.67	6.025	39.95	11.42	2.282		10.01
70x30x5	прямоугольная	70.0	30.0		5.0	10.0	8.36	6.561	42.3	12.08	2.25		10.49
70x30x5.5	прямоугольная	70.0	30.0		5.5	11.0	9.01	7.07	44.27	12.65	2.216		10.88
70x30x6	прямоугольная	70.0	30.0		6.0	12.0	9.63	7.562	45.88	13.11	2.182		11.18
70x40x3	прямоугольная	70.0	40.0		3.0	6.0	6.01	4.722	37.31	10.66	2.492		15.5
70x40x3.5	прямоугольная	70.0	40.0		3.5	7.0	6.89	5.416	41.85	11.96	2.464		17.29
70x40x4	прямоугольная	70.0	40.0		4.0	8.0	7.75	6.089	45.95	13.13	2.435		18.88
70x40x4.5	прямоугольная	70.0	40.0		4.5	9.0	8.57	6.73	49.62	14.18	2.406		20.29
70x40x5	прямоугольная	70.0	40.0		5.0	10.0	9.36	7.346	52.88	15.11	2.377		21.51
70x40x5.5	прямоугольная	70.0	40.0		5.5	11.0	10.11	7.945	55.73	15.92	2.348		22.56
70x40x6	прямоугольная	70.0	40.0		6.0	12.0	10.83	8.504	58.2	16.63	2.318		23.45
70x50x2	прямоугольная	70.0	50.0		2.0	3.0	4.57	3.588	31.89	9.11	2.641		18.97
70x50x2.5	прямоугольная	70.0	50.0		2.5	3.75	5.64	4.43	38.66	11.05	2.618		22.92
70x50x3	прямоугольная	70.0	50.0		3.0	6.0	6.61	5.197	44.05	12.59	2.582		26.1
70x50x3.5	прямоугольная	70.0	50.0		3.5	7.0	7.59	5.963	49.6	14.17	2.555		29.31
70x50x4	прямоугольная	70.0	50.0		4.0	8.0	8.55	6.718	54.67	15.62	2.529		32.22
70x50x4.5	прямоугольная	70.0	50.0		4.5	9.0	9.47	7.432	59.29	16.94	2.502		34.85
70x50x5	прямоугольная	70.0	50.0		5.0	10.0	10.36	8.139	63.46	18.13	2.475		37.2
70x50x5.5	прямоугольная	70.0	50.0		5.5	11.0	11.21	8.801	67.2	19.2	2.448		39.3
70x50x6	прямоугольная	70.0	50.0		6.0	12.0	12.03	9.45	70.52	20.15	2.421		41.14
80x40x2	прямоугольная	80.0	40.0		2.0	3.0	4.57	3.588	37.9	9.48	2.879		12.86
80x40x2.5	прямоугольная	80.0	40.0		2.5	3.75	5.64	4.43	45.95	11.49	2.854		15.47
80x40x3	прямоугольная	80.0	40.0		3.0	6.0	6.61	5.195	52.25	13.06	2.812		17.56
80x40x3.5	прямоугольная	80.0	40.0		3.5	7.0	7.59	5.964	58.81	14.7	2.783		19.63
80x40x4	прямоугольная	80.0	40.0		4.0	8.0	8.55	6.716	64.79	16.2	2.753		21.49
80x40x4.5	прямоугольная	80.0	40.0		4.5	9.0	9.47	7.433	70.22	17.56	2.723		23.14
80x40x5	прямоугольная	80.0	40.0		5.0	10.0	10.36	8.137	75.11	18.78	2.693		24.59
80x40x5.5	прямоугольная	80.0	40.0		5.5	11.0	11.21	8.802	79.47	19.87	2.662		25.86
80x40x6	прямоугольная	80.0	40.0		6.0	12.0	12.03	9.459	83.32	20.83	2.631		26.96
80x40x6.5	прямоугольная	80.0	40.0		6.5	16.25	12.46	9.781	80.83	20.21	2.547		26.47
80x40x7	прямоугольная	80.0	40.0		7.0	17.5	13.16	10.33	82.78	20.69	2.508		27.02
80x50x3	прямоугольная	80.0	50.0		3.0	4.5	7.28	5.72	62.35	15.58	2.926		29.88
80x50x3.5	прямоугольная	80.0	50.0		3.5	5.6	8.4	6.591	70.69	17.67	2.898		33.72
80x50x4	прямоугольная	80.0	50.0		4.0	6.4	9.48	7.449	78.68	19.62	2.873		37.26
80x60x2	прямоугольная	80.0	60.0		2.0	3.0	5.37	4.216	50.07	12.52	3.053		32.18
80x60x2.5	прямоугольная	80.0	60.0		2.5	3.75	6.64	5.215	60.97	15.24	3.03		39.09
80x60x3	прямоугольная	80.0	60.0		3.0	6.0	7.81	6.13	70.05	17.51	2.995		44.89
80x60x3.5	прямоугольная	80.0	60.0		3.5	7.0	8.99	7.065	79.3	19.83	2.969		50.72
80x60x4	прямоугольная	80.0	60.0		4.0	8.0	10.15	7.976	87.92	21.98	2.943		56.12
80x60x4.5	прямоугольная	80.0	60.0		4.5	9.0	11.27	8.854	95.9	23.98	2.917		61.09
80x60x5	прямоугольная	80.0	60.0		5.0	10.0	12.36	9.707	103.28	25.82	2.891		65.66
80x60x5.5	прямоугольная	80.0	60.0		5.5	11.0	13.41	10.53	110.05	27.51	2.864		69.84
80x60x6	прямоугольная	80.0	60.0		6.0	12.0	14.43	11.33	116.25	29.06	2.838		73.63
80x60x6.5	прямоугольная	80.0	60.0		6.5	16.25	15.06	11.82	116.04	29.01	2.775		73.8
80x60x7	прямоугольная	80.0	60.0		7.0	17.5	15.96	12.53	120.2	30.05	2.744		76.36
80x70x3	прямоугольная	80.0	70.0		3.0	6.0	8.41	6.608	78.94	19.74	3.064		64.26
80x70x3.5	прямоугольная	80.0	70.0		3.5	7.0	9.69	7.612	89.55	22.39	3.039		72.84
80x70x4	прямоугольная	80.0	70.0		4.0	8.0	10.95	8.599	99.48	24.87	3.014		80.84
80x70x4.5	прямоугольная	80.0	70.0		4.5	9.0	12.17	9.551	108.74	27.19	2.989		88.3
80x70x5	прямоугольная	80.0	70.0		5.0	10.0	13.36	10.48	117.36	29.34	2.964		95.21
80x70x5.5	прямоугольная	80.0	70.0		5.5	11.0	14.51	11.39	125.34	31.34	2.939		101.61
80x70x6	прямоугольная	80.0	70.0		6.0	12.0	15.63	12.27	132.71	33.18	2.913		107.5
80x70x6.5	прямоугольная	80.0	70.0		6.5	16.25	16.36	12.84	133.64	33.41	2.858		108.43
80x70x7	прямоугольная	80.0	70.0		7.0	17.5	17.36	13.63	138.91	34.73	2.828		112.65
90x40x3.5	прямоугольная	90.0	40.0		3.5	5.6	8.4	6.59	81.64	18.14	3.114		22.36
90x40x4	прямоугольная	90.0	40.0		4.0	6.4	9.48	7.44	90.61	20.13	3.086		24.59
90x40x5	прямоугольная	90.0	40.0		5.0	8.0	11.57	9.08	106.7	23.71	3.031		28.42
90x40x6	прямоугольная	90.0	40.0		6.0	9.6	13.54	10.63	120.43	26.75	2.975		31.48
90x40x7	прямоугольная	90.0	40.0		7.0	14.0	14.976	12.09	123.808	27.513	2.875		32.509
90x50x3	прямоугольная	90.0	50.0		3.0	6.0	7.81	6.13	81.85	18.19	3.238		32.74
90x50x3.5	прямоугольная	90.0	50.0		3.5	7.0	8.99	7.062	92.66	20.59	3.21		36.89
90x50x4	прямоугольная	90.0	50.0		4.0	8.0	10.15	7.974	102.71	22.82	3.181		40.71
90x50x4.5	прямоугольная	90.0	50.0		4.5	9.0	11.27	8.855	112.02	24.89	3.153		44.2
90x50x5	прямоугольная	90.0	50.0		5.0	10.0	12.36	9.706	120.6	26.8	3.124		47.37
90x50x5.5	прямоугольная	90.0	50.0		5.5	11.0	13.41	10.53	128.48	28.55	3.095		50.25
90x50x6	прямоугольная	90.0	50.0		6.0	12.0	14.43	11.33	135.66	30.15	3.066		52.83
90x50x6.5	прямоугольная	90.0	50.0		6.5	16.25	15.06	11.82	134.77	29.85	2.991		52.89
90x50x7	прямоугольная	90.0	50.0		7.0	17.5	15.96	12.53	139.45	30.99	2.956		54.58
90x60x3	прямоугольная	90.0	60.0		3.0	6.0	8.41	6.603	93.21	20.71	3.329		49.77
90x60x3.5	прямоугольная	90.0	60.0		3.5	7.0	9.69	7.618	105.76	23.5	3.303		56.31
90x60x4	прямоугольная	90.0	60.0		4.0	8.0	10.95	8.591	117.51	26.11	3.276		62.4
90x60x4.5	прямоугольная	90.0	60.0		4.5	9.0	12.17	9.559	128.48	28.55	3.249		68.04
90x60x5	прямоугольная	90.0	60.0		5.0	10.0	13.36	10.48	138.68	30.82	3.222		73.24
90x60x5.5	прямоугольная	90.0	60.0		5.5	11.0	14.51	11.39	148.14	32.92	3.195		78.03
90x60x6	прямоугольная	90.0	60.0		6.0	12.0	15.63	12.27	156.87	34.86	3.167		82.42
90x60x6.5	прямоугольная	90.0	60.0		6.5	16.25	16.36	12.84	157.48	35.0	3.102		83.14
90x60x7	прямоугольная	90.0	60.0		7.0	17.5	17.36	13.63	163.62	36.36	3.07		86.25
100x40x3	прямоугольная	100.0	40.0		3.0	6.0	7.81	6.13	92.34	18.47	3.439		21.67
100x40x3.5	прямоугольная	100.0	40.0		3.5	7.0	8.99	7.066	104.46	20.89	3.408		24.31
100x40x4	прямоугольная	100.0	40.0		4.0	8.0	10.15	7.975	115.7	23.14	3.376		26.69
100x40x4.5	прямоугольная	100.0	40.0		4.5	9.0	11.27	8.854	126.07	25.21	3.345		28.84
100x40x5	прямоугольная	100.0	40.0		5.0	10.0	12.36	9.707	135.6	27.12	3.313		30.76
100x40x5.5	прямоугольная	100.0	40.0		5.5	11.0	13.41	10.53	144.31	28.86	3.28		32.46
100x40x6	прямоугольная	100.0	40.0		6.0	12.0	14.43	11.33	152.21	30.44	3.247		33.96
100x40x6.5	прямоугольная	100.0	40.0		6.5	16.25	15.06	11.82	150.18	30.04	3.157		33.85
100x40x7	прямоугольная	100.0	40.0		7.0	17.5	15.96	12.53	155.07	31.01	3.117		34.76
100x50x3	прямоугольная	100.0	50.0		3.0	6.0	8.41	6.602	106.46	21.29	3.558		36.06
100x50x3.5	прямоугольная	100.0	50.0		3.5	7.0	9.69	7.619	120.76	24.15	3.529		40.68
100x50x4	прямоугольная	100.0	50.0		4.0	8.0	10.95	8.591	134.14	26.83	3.5		44.95
100x50x4.5	прямоугольная	100.0	50.0		4.5	9.0	12.17	9.55	146.61	29.32	3.471		48.87
100x50x5	прямоугольная	100.0	50.0		5.0	10.0	13.36	10.48	158.19	31.64	3.441		52.45
100x50x5.5	прямоугольная	100.0	50.0		5.5	11.0	14.51	11.39	168.89	33.78	3.411		55.72
100x50x6	прямоугольная	100.0	50.0		6.0	12.0	15.63	12.27	178.75	35.75	3.381		58.67
100x50x6.5	прямоугольная	100.0	50.0		6.5	16.25	16.36	12.84	178.64	35.73	3.304		59.08
100x50x7	прямоугольная	100.0	50.0		7.0	17.5	17.36	13.63	185.4	37.08	3.268		61.11
100x60x3	прямоугольная	100.0	60.0		3.0	6.0	9.01	7.073	120.57	24.11	3.658		54.65
100x60x3.5	прямоугольная	100.0	60.0		3.5	7.0	10.39	8.167	137.07	27.41	3.631		61.91
100x60x4	прямоугольная	100.0	60.0		4.0	8.0	11.75	9.222	152.58	30.52	3.604		68.68
100x60x4.5	прямоугольная	100.0	60.0		4.5	9.0	13.07	10.26	167.14	33.43	3.576		74.98
100x60x5	прямоугольная	100.0	60.0		5.0	10.0	14.36	11.27	180.77	36.15	3.548		80.83
100x60x5.5	прямоугольная	100.0	60.0		5.5	11.0	15.61	12.25	193.48	38.7	3.52		86.23
100x60x6	прямоугольная	100.0	60.0		6.0	12.0	16.83	13.21	205.3	41.06	3.492		91.2
100x60x6.5	прямоугольная	100.0	60.0		6.5	16.25	17.66	13.86	207.1	41.42	3.424		92.49
100x60x7	прямоугольная	100.0	60.0		7.0	17.5	18.76	14.72	215.73	43.15	3.391		96.14
100x70x4	прямоугольная	100.0	70.0		4.0	6.0	12.68	9.968	174.4	34.87	3.708		99.9
100x70x5	прямоугольная	100.0	70.0		5.0	7.5	15.58	12.22	208.5	41.71	3.66		118.8
100x70x6	прямоугольная	100.0	70.0		6.0	9.0	18.34	14.4	239.2	47.85	3.612		135.6
100x70x7	прямоугольная	100.0	70.0		7.0	10.5	21.0	16.48	266.6	53.32	3.565		150.5
110x40x4	прямоугольная	110.0	40.0		4.0	8.0	10.95	8.591	148.56	27.01	3.683		29.29
110x40x4.5	прямоугольная	110.0	40.0		4.5	9.0	12.17	9.559	162.22	29.49	3.651		31.69
110x40x5	прямоугольная	110.0	40.0		5.0	10.0	13.36	10.48	174.87	31.79	3.618		33.84
110x40x5.5	прямоугольная	110.0	40.0		5.5	11.0	14.51	11.39	186.51	33.91	3.585		35.77
110x40x6	прямоугольная	110.0	40.0		6.0	12.0	15.63	12.27	197.18	35.85	3.551		37.47
110x40x6.5	прямоугольная	110.0	40.0		6.5	16.25	16.36	12.84	195.82	35.6	3.459		37.54
110x40x7	прямоугольная	110.0	40.0		7.0	17.5	17.36	13.63	202.83	36.88	3.418		38.63
110x50x4	прямоугольная	110.0	50.0		4.0	8.0	11.75	9.221	171.04	31.1	3.815		49.19
110x50x4.5	прямоугольная	110.0	50.0		4.5	9.0	13.07	10.26	187.28	34.05	3.785		53.64
110x50x5	прямоугольная	110.0	50.0		5.0	10.0	14.36	11.27	202.45	36.81	3.755		57.54
110x50x5.5	прямоугольная	110.0	50.0		5.5	11.0	15.61	12.25	216.57	39.38	3.724		61.181
110x50x6	прямоугольная	110.0	50.0		6.0	12.0	16.83	13.21	229.66	41.76	3.693		64.52
110x50x6.5	прямоугольная	110.0	50.0		6.5	16.25	17.66	13.86	230.69	41.94	3.614		65.28
110x50x7	прямоугольная	110.0	50.0		7.0	17.5	18.76	14.72	240.02	43.64	3.577		67.64
110x60x4	прямоугольная	110.0	60.0		4.0	8.0	12.55	9.852	193.52	35.19	3.927		74.96
110x60x4.5	прямоугольная	110.0	60.0		4.5	9.0	13.97	10.97	212.34	38.61	3.899		81.93
110x60x5	прямоугольная	110.0	60.0		5.0	10.0	15.36	12.05	230.03	41.82	3.87		88.41
110x60x5.5	прямоугольная	110.0	60.0		5.5	11.0	16.71	13.12	246.63	44.84	3.841		94.42
110x60x6	прямоугольная	110.0	60.0		6.0	12.0	18.03	14.16	262.15	47.66	3.813		99.99
110x60x6.5	прямоугольная	110.0	60.0		6.5	16.25	18.96	14.68	265.55	48.28	3.742		101.84
110x60x7	прямоугольная	110.0	60.0		7.0	17.5	20.16	15.82	277.21	50.4	3.708		106.03
120x40x3	прямоугольная	120.0	40.0		3.0	6.0	9.01	7.07	148.04	24.67	4.054		25.79
120x40x3.5	прямоугольная	120.0	40.0		3.5	7.0	10.39	8.167	168.1	28.02	4.021		28.98
120x40x4	прямоугольная	120.0	40.0		4.0	8.0	11.75	9.229	186.89	31.15	3.988		31.9
120x40x4.5	прямоугольная	120.0	40.0		4.5	9.0	13.07	10.26	204.46	34.08	3.955		34.54
120x40x5	прямоугольная	120.0	40.0		5.0	10.0	14.36	11.27	220.81	36.8	3.922		36.93
120x40x5.5	прямоугольная	120.0	40.0		5.5	11.0	15.61	12.25	235.97	39.33	3.888		39.07
120x40x6	прямоугольная	120.0	40.0		6.0	12.0	16.83	13.21	249.97	41.66	3.853		40.97
120x40x6.5	прямоугольная	120.0	40.0		6.5	16.25	17.66	13.86	249.65	41.61	3.759		41.24
120x40x7	прямоугольная	120.0	40.0		7.0	17.5	18.76	14.72	259.27	43.21	3.717		42.5
120x40x8	прямоугольная	120.0	40.0		8.0	16.0	19.21	17.11	261.14	43.52	3.711		43.25
120x60x3	прямоугольная	120.0	60.0		3.0	6.0	10.21	8.016	189.12	31.52	4.304		64.4
120x60x3.5	прямоугольная	120.0	60.0		3.5	7.0	11.79	9.268	215.61	35.94	4.275		73.09
120x60x4	прямоугольная	120.0	60.0		4.0	8.0	13.35	10.48	240.74	40.12	4.247		81.25
120x60x4.5	прямоугольная	120.0	60.0		4.5	9.0	14.87	11.67	264.52	44.09	4.218		88.87
120x60x5	прямоугольная	120.0	60.0		5.0	10.0	16.36	12.84	286.97	47.83	4.189		95.99
120x60x5.5	прямоугольная	120.0	60.0		5.5	11.0	17.81	13.98	308.13	51.36	4.159		102.62
120x60x6	прямоугольная	120.0	60.0		6.0	12.0	19.23	15.1	328.01	54.67	4.129		108.77
120x60x6.5	прямоугольная	120.0	60.0		6.5	16.25	20.26	15.9	333.47	55.58	4.057		111.19
120x60x7	прямоугольная	120.0	60.0		7.0	17.5	21.56	16.92	348.634	58.13	4.022		115.92
120x60x8	прямоугольная	120.0	60.0		8.0	16.0	24.22	18.74	355.18	61.09	4.009		122.19
120x80x3	прямоугольная	120.0	80.0		3.0	6.0	11.41	8.96	230.2	38.37	4.492		123.43
120x80x3.5	прямоугольная	120.0	80.0		3.5	7.0	13.19	10.36	263.13	43.86	4.466		140.8
120x80x4	прямоугольная	120.0	80.0		4.0	8.0	14.95	11.73	294.59	49.1	4.439		157.29
120x80x4.5	прямоугольная	120.0	80.0		4.5	9.0	16.67	13.08	324.58	54.1	4.413		172.95
120x80x5	прямоугольная	120.0	80.0		5.0	10.0	18.36	14.41	353.14	58.86	4.386		187.78
120x80x5.5	прямоугольная	120.0	80.0		5.5	11.0	20.01	15.71	380.29	63.38	4.359		201.8
120x80x6	прямоугольная	120.0	80.0		6.0	12.0	21.63	16.98	406.06	67.68	4.332		215.03
120x80x6.5	прямоугольная	120.0	80.0		6.5	16.25	22.86	17.94	417.3	69.55	4.272		221.66
120x80x7	прямоугольная	120.0	80.0		7.0	17.5	24.36	19.12	438.27	73.04	4.241		232.45
120x80x8	прямоугольная	120.0	80.0		8.0	16.0	26.34	21.31	450.98	79.19	4.223		248.34
140x60x3	прямоугольная	140.0	60.0		3.0	6.0	11.41	8.965	278.08	39.73	4.937		74.16
140x60x3.5	прямоугольная	140.0	60.0		3.5	7.0	13.19	10.36	317.75	45.39	4.907		84.28
140x60x4	прямоугольная	140.0	60.0		4.0	8.0	14.95	11.73	355.59	50.8	4.877		93.81
140x60x4.5	прямоугольная	140.0	60.0		4.5	9.0	16.67	13.08	391.63	55.95	4.847		102.77
140x60x5	прямоугольная	140.0	60.0		5.0	10.0	18.36	14.41	425.89	60.84	4.817		111.16
140x60x5.5	прямоугольная	140.0	60.0		5.5	11.0	20.01	15.71	458.4	65.49	4.786		119.01
140x60x6	прямоугольная	140.0	60.0		6.0	12.0	21.63	16.98	489.19	69.88	4.755		126.34
140x60x6.5	прямоугольная	140.0	60.0		6.5	16.25	22.86	17.94	500.37	71.48	4.678		129.88
140x60x7	прямоугольная	140.0	60.0		7.0	17.5	24.36	19.12	524.93	74.99	4.642		135.69
140x60x8	прямоугольная	140.0	60.0		8.0	12.0	28.34	22.25	621.5	88.78	4.684		154.9
140x80x5	прямоугольная	140.0	80.0		5.0	7.5	20.57	16.15	527.3	75.33	5.063		219.2
140x80x6	прямоугольная	140.0	80.0		6.0	9.0	24.34	19.11	611.7	87.39	5.014		252.6
140x80x7	прямоугольная	140.0	80.0		7.0	10.5	28.0	21.98	689.6	98.51	4.964		282.8
140x80x8	прямоугольная	140.0	80.0		8.0	12.0	31.54	24.76	761.1	108.7	4.913		310.1
140x100x4	прямоугольная	140.0	100.0		4.0	8.0	18.15	14.25	503.61	71.94	5.268		300.12
140x100x4.5	прямоугольная	140.0	100.0		4.5	9.0	20.27	15.91	556.93	79.56	5.242		331.43
140x100x5	прямоугольная	140.0	100.0		5.0	10.0	22.36	17.55	608.23	86.89	5.216		361.44
140x100x5.5	прямоугольная	140.0	100.0		5.5	11.0	24.41	19.16	657.51	93.93	5.19		390.17
140x100x6	прямоугольная	140.0	100.0		6.0	12.0	26.43	20.75	704.81	100.89	5.164		417.65
140x100x6.5	прямоугольная	140.0	100.0		6.5	16.25	28.06	22.03	732.24	104.61	5.108		434.76
140x100x7	прямоугольная	140.0	100.0		7.0	17.5	29.96	23.52	772.81	110.4	5.079		458.36
140x120x4	прямоугольная	140.0	120.0		4.0	8.0	19.75	15.5	577.61	82.52	5.408		456.12
140x120x4.5	прямоугольная	140.0	120.0		4.5	9.0	22.07	17.32	639.59	91.37	5.383		504.76
140x120x5	прямоугольная	140.0	120.0		5.0	10.0	24.36	19.12	699.39	99.91	5.359		551.64
140x120x5.5	прямоугольная	140.0	120.0		5.5	11.0	26.61	20.89	757.06	108.15	5.334		596.78
140x120x6	прямоугольная	140.0	120.0		6.0	12.0	28.83	22.63	812.62	116.09	5.309		640.21
140x120x6.5	прямоугольная	140.0	120.0		6.5	16.25	30.66	24.07	848.18	121.17	5.259		668.78
140x120x7	прямоугольная	140.0	120.0		7.0	17.5	32.76	25.71	896.74	128.11	5.232		706.76
140x120x7.5	прямоугольная	140.0	120.0		7.5	18.75	34.82	27.33	943.08	134.73	5.204		742.96
140x120x8	прямоугольная	140.0	120.0		8.0	20.0	36.84	28.92	987.21	141.03	5.176		777.4
140x120x9	прямоугольная	140.0	120.0		9.0	13.5	42.17	33.1	1135.0	162.3	5.191		889.9
150x50x3	прямоугольная	150.0	50.0		3.0	6.0	11.41	8.962	298.55	39.81	5.116		52.65
150x50x3.5	прямоугольная	150.0	50.0		3.5	7.0	13.19	10.36	340.98	45.46	5.083		59.64
150x50x4	прямоугольная	150.0	50.0		4.0	8.0	14.95	11.73	381.39	50.85	5.051		66.16
150x50x4.5	прямоугольная	150.0	50.0		4.5	9.0	16.67	13.08	419.82	55.98	5.018		72.23
150x50x5	прямоугольная	150.0	50.0		5.0	10.0	18.36	14.41	456.29	60.84	4.985		77.87
150x50x5.5	прямоугольная	150.0	50.0		5.5	11.0	20.01	15.71	490.83	65.44	4.952		83.09
150x50x6	прямоугольная	150.0	50.0		6.0	12.0	21.63	16.98	523.47	69.8	4.919		87.89
150x50x6.5	прямоугольная	150.0	50.0		6.5	16.25	22.86	17.94	533.67	71.16	4.831		90.06
150x50x7	прямоугольная	150.0	50.0		7.0	17.5	24.36	19.12	559.3	74.57	4.791		93.75
150x80x6	прямоугольная	150.0	80.0		6.0	12.0	25.23	19.81	710.2	94.69	5.305		264.42
150x80x6.5	прямоугольная	150.0	80.0		6.5	16.25	26.76	21.01	734.58	97.94	5.239		274.47
150x80x7	прямоугольная	150.0	80.0		7.0	17.5	28.56	22.42	774.19	103.22	5.206		288.58
150x80x7.5	прямоугольная	150.0	80.0		7.5	18.75	30.32	23.8	811.53	108.2	5.173		301.79
150x80x8	прямоугольная	150.0	80.0		8.0	20.0	32.04	25.15	846.64	112.89	5.14		314.13
150x80x8.5	прямоугольная	150.0	80.0		8.5	21.25	33.73	26.48	879.55	117.27	5.106		325.61
150x80x9	прямоугольная	150.0	80.0		9.0	22.5	35.38	27.77	910.29	121.37	5.072		336.26
150x80x9.5	прямоугольная	150.0	80.0		9.5	23.75	36.99	29.04	938.88	125.18	5.037		346.1
150x80x10	прямоугольная	150.0	80.0		10.0	25.0	38.57	30.27	965.36	128.71	5.002		355.14
150x100x4	прямоугольная	150.0	100.0		4.0	8.0	18.95	14.87	594.6	79.28	5.602		318.56
150x100x4.5	прямоугольная	150.0	100.0		4.5	9.0	21.17	16.62	658.06	87.74	5.575		351.96
150x100x5	прямоугольная	150.0	100.0		5.0	10.0	23.36	18.33	719.2	95.89	5.549		384.02
150x100x5.5	прямоугольная	150.0	100.0		5.5	11.0	25.51	20.03	778.07	103.74	5.522		414.75
150x100x6	прямоугольная	150.0	100.0		6.0	12.0	27.63	21.69	834.69	111.29	5.496		444.19
150x100x6.5	прямоугольная	150.0	100.0		6.5	16.25	29.36	23.05	868.52	115.8	5.439		463.22
150x100x7	прямоугольная	150.0	100.0		7.0	17.5	31.36	24.62	917.44	122.33	5.409		488.68
150x100x7.5	прямоугольная	150.0	100.0		7.5	18.75	33.32	26.16	963.97	128.53	5.378		512.82
150x100x8	прямоугольная	150.0	100.0		8.0	20.0	35.24	27.67	1008.13	134.42	5.348		535.65
150x100x8.5	прямоугольная	150.0	100.0		8.5	21.25	37.13	29.15	1049.95	139.99	5.317		557.2
150x100x9	прямоугольная	150.0	100.0		9.0	22.5	38.98	30.6	1089.46	145.26	5.286		577.49
150x100x9.5	прямоугольная	150.0	100.0		9.5	23.75	40.79	32.02	1126.7	150.23	5.255		596.56
150x100x10	прямоугольная	150.0	100.0		10.0	25.0	42.57	33.41	1161.7	154.89	5.224		614.41
150x130x4	прямоугольная	150.0	130.0		4.0	8.0	21.35	16.76	722.53	96.34	5.818		580.49
150x130x4.5	прямоугольная	150.0	130.0		4.5	9.0	23.87	18.74	801.0	106.8	5.793		643.21
150x130x5	прямоугольная	150.0	130.0		5.0	10.0	26.36	20.69	876.95	116.93	5.768		703.84
150x130x5.5	прямоугольная	150.0	130.0		5.5	11.0	28.81	22.62	950.41	126.72	5.743		762.42
150x130x6	прямоугольная	150.0	130.0		6.0	12.0	31.23	24.52	1021.42	136.19	5.719		818.97
150x130x6.5	прямоугольная	150.0	130.0		6.5	16.25	33.26	26.11	1069.43	142.59	5.67		858.07
150x130x7	прямоугольная	150.0	130.0		7.0	17.5	35.56	27.91	1132.33	150.98	5.643		908.19
150x130x7.5	прямоугольная	150.0	130.0		7.5	18.75	37.82	29.69	1192.62	159.02	5.615		956.19
150x130x8	прямоугольная	150.0	130.0		8.0	20.0	40.04	31.43	1250.35	166.71	5.588		1002.1
160x40x3	прямоугольная	160.0	40.0		3.0	6.0	11.41	8.96	315.9	39.49	5.262		34.02
160x40x3.5	прямоугольная	160.0	40.0		3.5	7.0	13.19	10.36	360.54	45.07	5.227		38.34
160x40x4	прямоугольная	160.0	40.0		4.0	8.0	14.95	11.73	402.98	50.37	5.192		42.31
160x40x4.5	прямоугольная	160.0	40.0		4.5	9.0	16.67	13.08	443.24	55.41	5.156		45.94
160x40x5	прямоугольная	160.0	40.0		5.0	10.0	18.36	14.41	481.36	60.17	5.121		49.26
160x40x5.5	прямоугольная	160.0	40.0		5.5	11.0	20.01	15.71	517.36	64.67	5.084		52.27
160x40x6	прямоугольная	160.0	40.0		6.0	12.0	21.63	16.98	551.27	68.91	5.048		54.99
160x40x6.5	прямоугольная	160.0	40.0		6.5	16.25	22.86	17.94	559.97	69.97	4.948		56.01
160x40x7	прямоугольная	160.0	40.0		7.0	17.5	24.36	19.12	585.83	73.23	4.904		57.97
160x80x4	прямоугольная	160.0	80.0		4.0	8.0	18.15	14.25	587.71	74.71	5.739		203.54
160x80x4.5	прямоугольная	160.0	80.0		4.5	9.0	20.27	15.91	660.92	82.62	5.71		224.31
160x80x5	прямоугольная	160.0	80.0		5.0	10.0	22.36	17.55	721.69	90.21	5.681		244.11
160x80x5.5	прямоугольная	160.0	80.0		5.5	11.0	24.41	19.16	780.04	97.51	5.653		262.96
160x80x6	прямоугольная	160.0	80.0		6.0	12.0	26.43	20.75	836.01	104.5	5.624		280.89
160x80x6.5	прямоугольная	160.0	80.0		6.5	16.25	28.06	22.03	866.23	108.28	5.556		292.07
160x80x7	прямоугольная	160.0	80.0		7.0	17.5	29.96	23.52	913.78	114.22	5.522		307.28
160x100x4	прямоугольная	160.0	100.0		4.0	8.0	19.75	15.5	695.08	86.88	5.933		337.01
160x100x4.5	прямоугольная	160.0	100.0		4.5	9.0	22.07	17.32	769.77	96.22	5.906		372.5
160x100x5	прямоугольная	160.0	100.0		5.0	10.0	24.36	19.12	841.86	105.23	5.879		406.6
160x100x5.5	прямоугольная	160.0	100.0		5.5	11.0	26.61	20.89	911.38	113.92	5.852		439.34
160x100x6	прямоугольная	160.0	100.0		6.0	12.0	28.83	22.63	978.38	122.3	5.825		470.74
160x100x6.5	прямоугольная	160.0	100.0		6.5	16.25	30.66	24.07	1019.48	127.43	5.766		491.68
160x100x7	прямоугольная	160.0	100.0		7.0	17.5	32.76	25.71	1077.76	134.72	5.736		519.01
160x100x7.5	прямоугольная	160.0	100.0		7.5	18.75	34.82	27.33	1133.33	141.67	5.705		544.98
160x100x8	прямоугольная	160.0	100.0		8.0	20.0	36.84	28.92	1186.23	148.28	5.674		569.59
160x120x4	прямоугольная	160.0	120.0		4.0	8.0	21.35	16.76	792.44	99.06	6.093		509.97
160x120x4.5	прямоугольная	160.0	120.0		4.5	9.0	23.87	18.74	878.61	109.83	6.067		564.83
160x120x5	прямоугольная	160.0	120.0		5.0	10.0	26.36	20.69	962.02	120.25	6.041		617.81
160x120x5.5	прямоугольная	160.0	120.0		5.5	11.0	28.81	22.62	1042.72	130.34	6.016		668.94
160x120x6	прямоугольная	160.0	120.0		6.0	12.0	31.23	24.52	1120.74	140.09	5.99		718.25
160x120x6.5	прямоугольная	160.0	120.0		6.5	16.25	33.26	26.11	1172.72	146.59	5.938		752.6
160x120x7	прямоугольная	160.0	120.0		7.0	17.5	35.56	27.91	1241.74	155.22	5.909		796.26
160x120x7.5	прямоугольная	160.0	120.0		7.5	18.75	37.82	29.69	1307.89	163.49	5.88		838.02
160x120x8	прямоугольная	160.0	120.0		8.0	20.0	40.04	31.43	1371.23	171.4	5.851		877.92
160x140x4	прямоугольная	160.0	140.0		4.0	8.0	22.95	18.01	889.81	111.23	6.227		725.62
160x140x4.5	прямоугольная	160.0	140.0		4.5	9.0	25.67	20.15	987.45	123.43	6.202		804.89
160x140x5	прямоугольная	160.0	140.0		5.0	10.0	28.36	22.26	1082.19	135.27	6.178		881.73
160x140x5.5	прямоугольная	160.0	140.0		5.5	11.0	31.01	24.34	1174.07	146.76	6.153		956.16
160x140x6	прямоугольная	160.0	140.0		6.0	12.0	33.63	26.4	1263.11	157.89	6.128		1028.23
160x140x6.5	прямоугольная	160.0	140.0		6.5	16.25	35.86	28.15	1325.97	165.75	6.081		1080.05
160x140x7	прямоугольная	160.0	140.0		7.0	17.5	38.36	30.11	1405.71	175.71	6.053		1144.62
160x140x7.5	прямоугольная	160.0	140.0		7.5	18.75	40.82	32.04	1482.46	185.31	6.026		1206.7
160x140x8	прямоугольная	160.0	140.0		8.0	20.0	43.24	33.95	1556.23	194.53	5.999		1266.34
180x60x4	прямоугольная	180.0	60.0		4.0	8.0	18.15	14.25	678.19	75.35	6.113		118.94
180x60x4.5	прямоугольная	180.0	60.0		4.5	9.0	20.27	15.91	749.47	83.27	6.081		130.55
180x60x5	прямоугольная	180.0	60.0		5.0	10.0	22.36	17.55	817.87	90.87	6.048		141.49
180x60x5.5	прямоугольная	180.0	60.0		5.5	11.0	24.41	19.16	883.42	98.16	6.015		151.8
180x60x6	прямоугольная	180.0	60.0		6.0	12.0	26.43	20.75	946.15	105.13	5.983		161.47
180x60x6.5	прямоугольная	180.0	60.0		6.5	16.25	28.06	22.03	976.52	108.5	5.899		167.28
180x60x7	прямоугольная	180.0	60.0		7.0	17.5	29.96	23.52	1028.99	114.33	5.86		175.25
180x60x7.5	прямоугольная	180.0	60.0		7.5	18.75	31.82	24.98	1078.41	119.82	5.821		182.61
180x60x8	прямоугольная	180.0	60.0		8.0	20.0	33.64	26.41	1124.81	124.98	5.782		189.39
180x80x4	прямоугольная	180.0	80.0		4.0	8.0	19.75	15.5	802.12	89.12	6.373		226.67
180x80x4.5	прямоугольная	180.0	80.0		4.5	9.0	22.07	17.32	888.1	98.68	6.344		249.99
180x80x5	прямоугольная	180.0	80.0		5.0	10.0	24.36	19.12	971.03	107.89	6.314		272.28
180x80x5.5	прямоугольная	180.0	80.0		5.5	11.0	26.61	20.89	1050.95	116.77	6.284		293.54
180x80x6	прямоугольная	180.0	80.0		6.0	12.0	28.83	22.63	1127.88	125.32	6.254		313.82
180x80x6.5	прямоугольная	180.0	80.0		6.5	16.25	30.66	24.07	1172.27	130.25	6.183		327.28
180x80x7	прямоугольная	180.0	80.0		7.0	17.5	32.76	25.71	1238.61	137.62	6.149		344.7
180x80x7.5	прямоугольная	180.0	80.0		7.5	18.75	34.82	27.33	1301.73	144.64	6.114		361.13
180x80x8	прямоугольная	180.0	80.0		8.0	20.0	36.84	28.92	1361.65	151.29	6.079		376.59
180x80x8.5	прямоугольная	180.0	80.0		8.5	21.25	38.83	30.48	1418.41	157.6	6.043		391.1
180x80x9	прямоугольная	180.0	80.0		9.0	22.5	40.78	32.01	1472.06	163.56	6.008		404.68
180x80x9.5	прямоугольная	180.0	80.0		9.5	23.75	42.69	33.51	1522.62	169.18	5.971		417.35
180x80x10	прямоугольная	180.0	80.0		10.0	25.0	44.57	34.98	1570.13	174.46	5.935		429.14
180x80x10.5	прямоугольная	180.0	80.0		10.5	26.25	46.4	36.43	1614.63	179.4	5.898		440.07
180x80x11	прямоугольная	180.0	80.0		11.0	27.5	48.21	37.84	1656.14	184.02	5.861		450.16
180x80x11.5	прямоугольная	180.0	80.0		11.5	28.75	49.97	39.23	1694.71	188.3	5.823		459.43
180x80x12	прямоугольная	180.0	80.0		12.0	30.0	51.7	40.58	1730.36	192.26	5.784		467.9
180x100x4	прямоугольная	180.0	100.0		4.0	8.0	21.35	16.76	926.04	102.89	6.586		373.89
180x100x4.5	прямоугольная	180.0	100.0		4.5	9.0	23.87	18.74	1026.73	114.08	6.559		413.57
180x100x5	прямоугольная	180.0	100.0		5.0	10.0	26.36	20.69	1124.2	124.91	6.531		451.77
180x100x5.5	прямоугольная	180.0	100.0		5.5	11.0	28.81	22.62	1218.48	135.39	6.503		488.51
180x100x6	прямоугольная	180.0	100.0		6.0	12.0	31.23	24.52	1309.61	145.51	6.475		523.83
180x100x6.5	прямоугольная	180.0	100.0		6.5	16.25	33.26	26.11	1368.03	152.0	6.413		548.59
180x100x7	прямоугольная	180.0	100.0		7.0	17.5	35.56	27.91	1448.23	160.91	6.382		579.67
180x100x7.5	прямоугольная	180.0	100.0		7.5	18.75	37.82	29.69	1525.04	169.45	6.35		609.29
180x100x8	прямоугольная	180.0	100.0		8.0	20.0	40.04	31.43	1598.49	177.61	6.318		637.47
180x100x8.5	прямоугольная	180.0	100.0		8.5	21.25	42.23	33.15	1668.62	185.4	6.285		664.25
180x100x9	прямоугольная	180.0	100.0		9.0	22.5	44.38	34.84	1735.47	192.83	6.253		689.65
180x100x9.5	прямоугольная	180.0	100.0		9.5	23.75	46.49	36.5	1799.07	199.9	6.22		713.7
180x100x10	прямоугольная	180.0	100.0		10.0	25.0	48.57	38.12	1859.47	206.61	6.187		736.41
180x100x10.5	прямоугольная	180.0	100.0		10.5	26.25	50.6	39.72	1916.68	212.96	6.154		757.82
180x100x11	прямоугольная	180.0	100.0		11.0	27.5	52.61	41.3	1970.75	218.97	6.12		777.95
180x100x11.5	прямоугольная	180.0	100.0		11.5	28.75	54.57	42.84	2021.73	224.64	6.086		796.83
180x100x12	прямоугольная	180.0	100.0		12.0	30.0	56.5	44.35	2069.63	229.96	6.052		814.47
180x120x4	прямоугольная	180.0	120.0		4.0	8.0	22.95	18.01	1049.97	116.66	6.764		563.81
180x120x4.5	прямоугольная	180.0	120.0		4.5	9.0	25.67	20.15	1165.36	129.48	6.738		624.89
180x120x5	прямоугольная	180.0	120.0		5.0	10.0	28.36	22.26	1277.37	141.93	6.712		683.97
180x120x5.5	прямоугольная	180.0	120.0		5.5	11.0	31.01	24.34	1386.01	154.0	6.685		741.1
180x120x6	прямоугольная	180.0	120.0		6.0	12.0	33.63	26.4	1491.34	165.7	6.659		796.3
180x120x6.5	прямоугольная	180.0	120.0		6.5	16.25	35.86	28.15	1563.78	173.75	6.603		836.43
180x120x7	прямоугольная	180.0	120.0		7.0	17.5	38.36	30.11	1657.85	184.21	6.574		885.75
180x120x7.5	прямоугольная	180.0	120.0		7.5	18.75	40.82	32.04	1748.35	194.26	6.544		933.08
180x120x8	прямоугольная	180.0	120.0		8.0	20.0	43.24	33.95	1835.33	203.93	6.514		978.44
180x140x4	прямоугольная	180.0	140.0		4.0	8.0	24.55	19.27	1173.89	130.43	6.915		799.63
180x140x4.5	прямоугольная	180.0	140.0		4.5	9.0	27.47	21.56	1304.0	144.89	6.89		887.54
180x140x5	прямоугольная	180.0	140.0		5.0	10.0	30.36	23.83	1430.53	158.95	6.865		972.89
180x140x5.5	прямоугольная	180.0	140.0		5.5	11.0	33.21	26.07	1553.54	172.62	6.839		1055.72
180x140x6	прямоугольная	180.0	140.0		6.0	12.0	36.03	28.29	1673.07	185.9	6.814		1136.04
180x140x6.5	прямоугольная	180.0	140.0		6.5	16.25	38.46	30.19	1759.54	195.5	6.764		1195.99
180x140x7	прямоугольная	180.0	140.0		7.0	17.5	41.16	32.31	1867.46	207.5	6.736		1268.55
180x140x7.5	прямоугольная	180.0	140.0		7.5	18.75	43.82	34.4	1971.66	219.07	6.708		1338.51
180x140x8	прямоугольная	180.0	140.0		8.0	20.0	46.44	36.46	2072.18	230.24	6.679		1405.9
180x150x8	прямоугольная	180.0	150.0		8.0	20.0	48.04	37.71	2190.6	243.4	6.752		1654.06
180x150x8.5	прямоугольная	180.0	150.0		8.5	21.25	50.73	39.82	2294.15	254.91	6.724		1731.52
180x150x9	прямоугольная	180.0	150.0		9.0	22.5	53.38	41.9	2394.0	266.0	6.697		1806.15
180x150x9.5	прямоугольная	180.0	150.0		9.5	23.75	55.99	43.95	2490.21	276.69	6.669		1877.97
180x150x10	прямоугольная	180.0	150.0		10.0	25.0	58.57	45.97	2582.8	286.98	6.64		1947.03
180x150x10.5	прямоугольная	180.0	150.0		10.5	26.25	61.1	47.97	2671.81	296.87	6.612		2013.35
180x150x11	прямоугольная	180.0	150.0		11.0	27.5	63.61	49.93	2757.29	306.37	6.584		2076.97
180x150x11.5	прямоугольная	180.0	150.0		11.5	28.75	66.07	51.86	2839.27	315.47	6.555		2137.92
180x150x12	прямоугольная	180.0	150.0		12.0	30.0	68.5	53.77	2917.79	324.2	6.526		2196.25
200x40x4	прямоугольная	200.0	40.0		4.0	8.0	18.15	14.25	738.65	73.86	6.38		52.72
200x40x4.5	прямоугольная	200.0	40.0		4.5	9.0	20.27	15.91	815.37	81.54	6.342		57.35
200x40x5	прямоугольная	200.0	40.0		5.0	10.0	22.36	17.55	888.75	88.88	6.305		61.59
200x40x5.5	прямоугольная	200.0	40.0		5.5	11.0	24.41	19.16	958.83	95.88	6.267		65.47
200x40x6	прямоугольная	200.0	40.0		6.0	12.0	26.43	20.75	1025.64	102.56	6.229		69.0
200x40x6.5	прямоугольная	200.0	40.0		6.5	16.25	28.06	22.03	1052.7	105.27	6.125		70.78
200x40x7	прямоугольная	200.0	40.0		7.0	17.5	29.96	23.52	1107.24	110.72	6.079		73.45
200x80x4	прямоугольная	200.0	80.0		4.0	8.0	21.35	16.76	1046.02	104.6	7.0		249.8
200x80x4.5	прямоугольная	200.0	80.0		4.5	9.0	23.87	18.74	1159.42	115.94	6.969		275.67
200x80x5	прямоугольная	200.0	80.0		5.0	10.0	26.36	20.69	1269.09	126.91	6.939		300.44
200x80x5.5	прямоугольная	200.0	80.0		5.5	11.0	28.81	22.62	1375.08	137.51	6.908		324.12
200x80x6	прямоугольная	200.0	80.0		6.0	12.0	31.23	24.52	1477.42	147.74	6.877		346.74
200x80x6.5	прямоугольная	200.0	80.0		6.5	16.25	33.26	26.11	1539.63	153.96	6.803		362.48
200x80x7	прямоугольная	200.0	80.0		7.0	17.5	35.56	27.91	1628.96	162.9	6.768		382.12
200x80x7.5	прямоугольная	200.0	80.0		7.5	18.75	37.82	29.69	1714.32	171.43	6.732		400.69
200x80x8	прямоугольная	200.0	80.0		8.0	20.0	40.04	31.43	1795.76	179.58	6.696		418.23
200x100x4	прямоугольная	200.0	100.0		4.0	8.0	22.95	18.01	1199.71	119.87	7.23		410.78
200x100x4.5	прямоугольная	200.0	100.0		4.5	9.0	25.67	20.15	1331.44	133.14	7.202		454.64
200x100x5	прямоугольная	200.0	100.0		5.0	10.0	28.36	22.26	1459.25	145.93	7.174		496.94
200x100x5.5	прямоугольная	200.0	100.0		5.5	11.0	31.01	24.34	1583.2	158.32	7.145		537.68
200x100x6	прямоугольная	200.0	100.0		6.0	12.0	33.63	26.4	1703.31	170.33	7.116		576.91
200x100x6.5	прямоугольная	200.0	100.0		6.5	16.25	35.86	28.15	1783.1	178.31	7.051		605.51
200x100x7	прямоугольная	200.0	100.0		7.0	17.5	38.36	30.11	1889.81	188.98	7.019		640.33
200x100x7.5	прямоугольная	200.0	100.0		7.5	18.75	40.82	32.04	1992.38	199.24	6.986		673.6
200x100x8	прямоугольная	200.0	100.0		8.0	20.0	43.24	33.95	2090.84	209.08	6.953		705.36
200x120x4	прямоугольная	200.0	120.0		4.0	8.0	24.55	19.27	1353.39	135.34	7.425		617.66
200x120x4.5	прямоугольная	200.0	120.0		4.5	9.0	27.47	21.56	1503.46	150.35	7.398		684.95
200x120x5	прямоугольная	200.0	120.0		5.0	10.0	30.36	23.83	1649.42	164.94	7.371		750.14
200x120x5.5	прямоугольная	200.0	120.0		5.5	11.0	33.21	26.07	1791.32	179.13	7.344		813.26
200x120x6	прямоугольная	200.0	120.0		6.0	12.0	36.03	28.29	1929.2	192.92	7.317		874.35
200x120x6.5	прямоугольная	200.0	120.0		6.5	16.25	38.46	30.19	2026.56	202.66	7.259		920.26
200x120x7	прямоугольная	200.0	120.0		7.0	17.5	41.16	32.31	2150.67	215.07	7.228		975.25
200x120x7.5	прямоугольная	200.0	120.0		7.5	18.75	43.82	34.4	2270.44	227.04	7.198		1028.15
200x120x8	прямоугольная	200.0	120.0		8.0	20.0	46.44	36.46	2385.92	238.59	7.167		1078.97
200x150x5	прямоугольная	200.0	150.0		5.0	10.0	33.36	26.18	1934.67	193.47	7.616		1245.04
200x150x5.5	прямоугольная	200.0	150.0		5.5	11.0	36.51	28.66	2103.5	210.35	7.59		1352.55
200x150x6	прямоугольная	200.0	150.0		6.0	12.0	39.63	31.11	2268.03	226.8	7.565		1457.13
200x150x6.5	прямоугольная	200.0	150.0		6.5	16.25	42.36	33.25	2391.76	239.18	7.514		1538.22
200x150x7	прямоугольная	200.0	150.0		7.0	17.5	45.36	35.61	2541.96	254.2	7.486		1633.73
200x160x5	прямоугольная	200.0	160.0		5.0	10.0	34.36	26.97	2029.75	202.98	7.686		1442.69
200x160x5.5	прямоугольная	200.0	160.0		5.5	11.0	37.61	29.52	2207.56	220.76	7.661		1568.09
200x160x6	прямоугольная	200.0	160.0		6.0	12.0	40.83	32.05	2380.97	238.1	7.636		1690.22
200x160x6.5	прямоугольная	200.0	160.0		6.5	16.25	43.66	34.27	2513.5	251.35	7.587		1785.71
200x160x7	прямоугольная	200.0	160.0		7.0	17.5	46.76	36.7	2672.39	267.24	7.56		1897.65
200x160x7.5	прямоугольная	200.0	160.0		7.5	18.75	49.82	39.11	2826.57	282.66	7.532		2006.14
200x160x8	прямоугольная	200.0	160.0		8.0	20.0	52.84	41.48	2976.09	297.61	7.504		2111.24
200x160x8.5	прямоугольная	200.0	160.0		8.5	21.25	55.83	43.83	3120.99	312.1	7.476		2212.97
200x160x9	прямоугольная	200.0	160.0		9.0	22.5	58.78	46.14	3261.31	326.13	7.448		2311.37
200x160x9.5	прямоугольная	200.0	160.0		9.5	23.75	61.69	48.43	3397.101	339.71	7.42		2406.48
200x160x10	прямоугольная	200.0	160.0		10.0	25.0	64.57	50.68	3528.39	352.84	7.392		2498.34
220x100x4	прямоугольная	220.0	100.0		4.0	8.0	24.55	19.27	1519.26	138.11	7.867		447.66
220x100x4.5	прямоугольная	220.0	100.0		4.5	9.0	27.47	21.56	1687.48	153.41	7.838		495.71
220x100x5	прямоугольная	220.0	100.0		5.0	10.0	30.36	23.83	1851.02	168.27	7.809		542.1
220x100x5.5	прямоугольная	220.0	100.0		5.5	11.0	33.21	26.07	2009.94	182.72	7.779		586.86
220x100x6	прямоугольная	220.0	100.0		6.0	12.0	36.03	28.29	2164.27	196.75	7.75		630.0
220x100x6.5	прямоугольная	220.0	100.0		6.5	16.25	38.46	30.19	2269.89	206.35	7.682		662.43
220x100x7	прямоугольная	220.0	100.0		7.0	17.5	41.16	32.31	2408.11	218.92	7.649		700.99
220x100x7.5	прямоугольная	220.0	100.0		7.5	18.75	43.82	34.4	2541.36	231.03	7.615		737.91
220x100x8	прямоугольная	220.0	100.0		8.0	20.0	46.44	36.46	2669.67	242.7	7.581		773.24
220x140x5	прямоугольная	220.0	140.0		5.0	10.0	34.36	26.97	2313.36	210.31	8.206		1155.23
220x140x5.5	прямоугольная	220.0	140.0		5.5	11.0	37.61	29.52	2516.16	228.74	8.179		1254.82
220x140x6	прямоугольная	220.0	140.0		6.0	12.0	40.83	32.05	2713.97	246.72	8.152		1351.66
220x140x6.5	прямоугольная	220.0	140.0		6.5	16.25	43.66	34.27	2862.64	260.24	8.097		1427.86
220x140x7	прямоугольная	220.0	140.0		7.0	17.5	46.76	36.7	3043.51	276.68	8.068		1516.43
220x140x7.5	прямоугольная	220.0	140.0		7.5	18.75	49.82	39.11	3218.99	292.64	8.038		1602.14
220x140x8	прямоугольная	220.0	140.0		8.0	20.0	52.84	41.48	3389.12	308.1	8.008		1685.02
240x120x3	прямоугольная	240.0	120.0		3.0	6.0	21.01	16.49	1618.68	134.89	8.778		558.8
240x120x3.5	прямоугольная	240.0	120.0		3.5	7.0	24.39	19.15	1867.61	155.63	8.75		643.27
240x120x4	прямоугольная	240.0	120.0		4.0	8.0	27.75	21.78	2110.72	175.89	8.722		725.35
240x120x4.5	прямоугольная	240.0	120.0		4.5	9.0	31.07	24.39	2348.06	195.67	8.693		805.07
240x120x5	прямоугольная	240.0	120.0		5.0	10.0	34.36	26.97	2579.67	214.97	8.665		882.47
240x120x5.5	прямоугольная	240.0	120.0		5.5	11.0	37.61	29.52	2805.6	233.8	8.637		957.59
240x120x6	прямоугольная	240.0	120.0		6.0	12.0	40.83	32.05	3025.91	252.16	8.608		1030.45
240x120x6.5	прямоугольная	240.0	120.0		6.5	16.25	43.66	34.27	3188.08	265.67	8.545		1087.91
240x120x7	прямоугольная	240.0	120.0		7.0	17.5	46.76	36.7	3388.86	282.41	8.513		1154.25
240x120x7.5	прямоугольная	240.0	120.0		7.5	18.75	49.82	39.11	3583.54	298.63	8.481		1218.27
240x120x8	прямоугольная	240.0	120.0		8.0	20.0	52.84	41.48	3772.16	314.35	8.449		1280.01
240x120x8.5	прямоугольная	240.0	120.0		8.5	21.25	55.83	43.83	3954.76	329.56	8.416		1339.5
240x120x9	прямоугольная	240.0	120.0		9.0	22.5	58.78	46.14	4131.4	344.28	8.383		1396.78
240x120x9.5	прямоугольная	240.0	120.0		9.5	23.75	61.69	48.43	4302.13	358.51	8.35		1451.87
240x120x10	прямоугольная	240.0	120.0		10.0	25.0	64.57	50.68	4466.98	372.25	8.317		1504.81
240x120x10.5	прямоугольная	240.0	120.0		10.5	26.25	67.4	52.91	4626.02	385.5	8.284		1555.63
240x120x11	прямоугольная	240.0	120.0		11.0	27.5	70.21	55.11	4779.29	398.27	8.25		1604.35
240x120x11.5	прямоугольная	240.0	120.0		11.5	28.75	72.97	57.28	4926.83	410.57	8.216		1651.03
240x120x12	прямоугольная	240.0	120.0		12.0	30.0	75.7	59.42	5068.7	422.39	8.182		1695.67
240x120x13	прямоугольная	240.0	120.0		13.0	32.5	81.04	63.61	5335.59	444.63	8.113		1779.02
240x120x14	прямоугольная	240.0	120.0		14.0	35.0	86.23	67.69	5580.34	465.03	8.044		1854.64
240x120x15	прямоугольная	240.0	120.0		15.0	37.5	91.27	71.65	5803.32	483.61	7.973		1922.79
240x120x16	прямоугольная	240.0	120.0		16.0	40.0	96.17	75.49	6004.93	500.41	7.901		1983.73
240x150x5	прямоугольная	240.0	150.0		5.0	10.0	37.36	29.32	2993.92	249.49	8.952		1455.37
240x150x5.5	прямоугольная	240.0	150.0		5.5	11.0	40.91	32.12	3259.36	271.61	8.926		1582.35
240x150x6	прямоугольная	240.0	150.0		6.0	12.0	44.43	34.88	3518.82	293.24	8.899		1706.1
240x150x6.5	прямоугольная	240.0	150.0		6.5	16.25	47.56	37.33	3719.81	309.98	8.844		1806.11
240x150x7	прямоугольная	240.0	150.0		7.0	17.5	50.96	40.0	3959.07	329.92	8.814		1920.24
240x150x7.5	прямоугольная	240.0	150.0		7.5	18.75	54.32	42.64	4191.88	349.32	8.784		2031.03
240x150x8	прямоугольная	240.0	150.0		8.0	20.0	57.64	45.25	4418.3	368.19	8.755		2138.51
240x160x5	прямоугольная	240.0	160.0		5.0	10.0	38.36	30.11	3132.0	261.0	9.036		1683.02
240x160x5.5	прямоугольная	240.0	160.0		5.5	11.0	42.01	32.98	3410.611	284.22	9.01		1830.78
240x160x6	прямоугольная	240.0	160.0		6.0	12.0	45.63	35.82	3683.13	306.93	8.984		1974.95
240x160x6.5	прямоугольная	240.0	160.0		6.5	16.25	48.86	38.35	3897.05	324.75	8.931		2092.2
240x160x7	прямоугольная	240.0	160.0		7.0	17.5	52.36	41.1	4149.141	345.76	8.902		2225.6
240x160x7.5	прямоугольная	240.0	160.0		7.5	18.75	55.82	43.82	4394.66	366.22	8.873		2355.27
240x160x8	прямоугольная	240.0	160.0		8.0	20.0	59.24	46.51	4633.68	386.14	8.844		2481.25
240x160x8.5	прямоугольная	240.0	160.0		8.5	21.25	62.63	49.16	4866.24	405.52	8.814		2603.57
240x160x9	прямоугольная	240.0	160.0		9.0	22.5	65.98	51.79	5091.38	424.37	8.785		2722.27
240x160x9.5	прямоугольная	240.0	160.0		9.5	23.75	69.29	54.39	5312.17	442.68	8.755		2837.41
240x160x10	прямоугольная	240.0	160.0		10.0	25.0	72.57	56.96	5525.65	460.47	8.726		2949.0
240x160x10.5	прямоугольная	240.0	160.0		10.5	31.5	74.86	58.76	5592.04	466.0	8.642		2993.91
240x160x11	прямоугольная	240.0	160.0		11.0	33.0	77.97	61.2	5779.15	481.6	8.609		3092.32
240x160x11.5	прямоугольная	240.0	160.0		11.5	34.5	81.03	63.61	5959.43	496.62	8.575		3187.03
240x160x12	прямоугольная	240.0	160.0		12.0	36.0	84.06	65.99	6132.94	511.08	8.541		3278.06
250x140x5	прямоугольная	250.0	140.0		5.0	10.0	37.36	29.32	3154.09	252.33	9.189		1291.98
250x140x5.5	прямоугольная	250.0	140.0		5.5	11.0	40.91	32.12	3433.66	274.69	9.161		1404.15
250x140x6	прямоугольная	250.0	140.0		6.0	12.0	44.43	34.88	3706.92	296.55	9.134		1513.37
250x140x6.5	прямоугольная	250.0	140.0		6.5	16.25	47.56	37.33	3916.9	313.35	9.075		1601.76
250x140x7	прямоугольная	250.0	140.0		7.0	17.5	50.96	40.0	4168.57	333.49	9.044		1702.34
250x140x7.5	прямоугольная	250.0	140.0		7.5	18.75	54.32	42.64	4413.4	353.07	9.014		1799.86
250x140x8	прямоугольная	250.0	140.0		8.0	20.0	57.64	45.25	4651.45	372.12	8.983		1894.37
250x150x5	прямоугольная	250.0	150.0		5.0	10.0	38.36	30.11	3304.18	264.33	9.281		1507.95
250x150x5.5	прямоугольная	250.0	150.0		5.5	11.0	42.01	32.98	3598.08	287.85	9.254		1639.79
250x150x6	прямоугольная	250.0	150.0		6.0	12.0	45.63	35.82	3885.56	310.84	9.227		1768.35
250x150x6.5	прямоугольная	250.0	150.0		6.5	16.25	48.86	38.35	4109.65	328.77	9.171		1873.08
250x150x7	прямоугольная	250.0	150.0		7.0	17.5	52.36	41.1	4375.3	350.02	9.141		1991.87
250x150x7.5	прямоугольная	250.0	150.0		7.5	18.75	55.82	43.82	4633.99	370.72	9.111		2107.25
250x150x8	прямоугольная	250.0	150.0		8.0	20.0	59.24	46.51	4885.79	390.86	9.081		2219.25
250x150x8.5	прямоугольная	250.0	150.0		8.5	21.25	62.63	49.16	5130.74	410.46	9.051		2327.9
250x150x9	прямоугольная	250.0	150.0		9.0	22.5	65.98	51.79	5368.89	429.51	9.02		2433.25
250x150x9.5	прямоугольная	250.0	150.0		9.5	23.75	69.29	54.39	5600.3	448.02	8.99		2535.34
250x150x10	прямоугольная	250.0	150.0		10.0	25.0	72.57	56.96	5825.01	466.0	8.959		2634.2
250x150x10.5	прямоугольная	250.0	150.0		10.5	31.5	74.86	58.76	5890.41	471.23	8.87		2674.25
250x150x11	прямоугольная	250.0	150.0		11.0	33.0	77.97	61.2	6086.82	486.95	8.835		2761.29
250x150x11.5	прямоугольная	250.0	150.0		11.5	34.5	81.03	63.61	6275.96	502.08	8.8		2844.95
250x150x12	прямоугольная	250.0	150.0		12.0	36.0	84.06	65.99	6457.891	516.63	8.764		2925.29
260x130x6	прямоугольная	260.0	130.0		6.0	12.0	44.43	34.88	3887.95	299.07	9.354		1326.78
260x130x6.5	прямоугольная	260.0	130.0		6.5	16.25	47.56	37.33	4106.12	315.86	9.291		1403.84
260x130x7	прямоугольная	260.0	130.0		7.0	17.5	50.96	40.0	4369.52	336.12	9.26		1491.28
260x130x7.5	прямоугольная	260.0	130.0		7.5	18.75	54.32	42.64	4625.701	355.82	9.228		1575.97
260x130x8	прямоугольная	260.0	130.0		8.0	20.0	57.64	45.25	4874.701	374.98	9.196		1657.93
260x130x8.5	прямоугольная	260.0	130.0		8.5	21.25	60.93	47.83	5116.58	393.58	9.163		1737.21
260x130x9	прямоугольная	260.0	130.0		9.0	22.5	64.18	50.38	5351.38	411.64	9.131		1813.83
260x130x9.5	прямоугольная	260.0	130.0		9.5	23.75	67.39	52.9	5579.161	429.17	9.098		1887.84
260x130x10	прямоугольная	260.0	130.0		10.0	25.0	70.57	55.39	5799.98	446.15	9.065		1959.27
260x130x10.5	прямоугольная	260.0	130.0		10.5	31.5	72.76	57.12	5848.91	449.92	8.965		1986.26
260x130x11	прямоугольная	260.0	130.0		11.0	33.0	75.77	59.48	6039.66	464.59	8.927		2048.51
260x130x11.5	прямоугольная	260.0	130.0		11.5	34.5	78.73	61.81	6222.82	478.68	8.889		2108.1
260x130x12	прямоугольная	260.0	130.0		12.0	36.0	81.66	64.1	6398.44	492.19	8.851		2165.05
260x140x5	прямоугольная	260.0	140.0		5.0	10.0	38.36	30.11	3471.03	267.0	9.513		1337.56
260x140x5.5	прямоугольная	260.0	140.0		5.5	11.0	42.01	32.98	3779.67	290.74	9.485		1453.92
260x140x6	прямоугольная	260.0	140.0		6.0	12.0	45.63	35.82	4081.53	313.96	9.457		1567.27
260x140x6.5	прямоугольная	260.0	140.0		6.5	16.25	48.86	38.35	4315.01	331.92	9.397		1659.73
260x140x7	прямоугольная	260.0	140.0		7.0	17.5	52.36	41.1	4593.61	353.35	9.366		1764.3
260x140x7.5	прямоугольная	260.0	140.0		7.5	18.75	55.82	43.82	4864.86	374.22	9.335		1865.76
260x140x8	прямоугольная	260.0	140.0		8.0	20.0	59.24	46.51	5128.8	394.52	9.304		1964.15
260x140x8.5	прямоугольная	260.0	140.0		8.5	21.25	62.63	49.16	5385.5	414.27	9.273		2059.5
260x140x9	прямоугольная	260.0	140.0		9.0	22.5	65.98	51.79	5635.01	433.46	9.241		2151.84
260x140x9.5	прямоугольная	260.0	140.0		9.5	23.75	69.29	54.39	5877.37	452.11	9.209		2241.22
260x140x10	прямоугольная	260.0	140.0		10.0	25.0	72.57	56.96	6112.641	470.2	9.177		2327.67
260x140x10.5	прямоугольная	260.0	140.0		10.5	31.5	74.86	58.76	6175.91	475.07	9.082		2362.72
260x140x11	прямоугольная	260.0	140.0		11.0	33.0	77.97	61.2	6380.891	490.84	9.046		2438.65
260x140x11.5	прямоугольная	260.0	140.0		11.5	34.5	81.03	63.61	6578.15	506.01	9.009		2511.54
260x140x12	прямоугольная	260.0	140.0		12.0	36.0	84.06	65.99	6767.759	520.6	8.972		2581.43
260x240x6	прямоугольная	260.0	240.0		6.0	12.0	57.63	45.24	6017.37	462.87	10.218		5326.17
260x240x6.5	прямоугольная	260.0	240.0		6.5	16.25	61.86	48.56	6404.0	492.62	10.175		5669.49
260x240x7	прямоугольная	260.0	240.0		7.0	17.5	66.36	52.09	6834.5	525.73	10.148		6049.83
260x240x7.5	прямоугольная	260.0	240.0		7.5	18.75	70.82	55.59	7256.42	558.19	10.122		6422.48
260x240x8	прямоугольная	260.0	240.0		8.0	20.0	75.24	59.07	7669.82	589.99	10.096		6787.491
260x240x8.5	прямоугольная	260.0	240.0		8.5	21.25	79.63	62.51	8074.74	621.13	10.07		7144.93
260x240x9	прямоугольная	260.0	240.0		9.0	22.5	83.98	65.92	8471.27	651.64	10.043		7494.839
260x240x9.5	прямоугольная	260.0	240.0		9.5	23.75	88.29	69.31	8859.44	681.5	10.017		7837.29
260x240x10	прямоугольная	260.0	240.0		10.0	25.0	92.57	72.66	9239.31	710.72	9.99		8172.32
260x240x10.5	прямоугольная	260.0	240.0		10.5	31.5	95.86	75.25	9445.981	726.61	9.926		8359.16
260x240x11	прямоугольная	260.0	240.0		11.0	33.0	99.97	78.47	9793.16	753.32	9.897		8665.62
260x240x11.5	прямоугольная	260.0	240.0		11.5	34.5	104.03	81.67	10131.441	779.34	9.868		8964.17
260x240x12	прямоугольная	260.0	240.0		12.0	36.0	108.06	84.83	10460.881	804.68	9.838		9254.86
300x100x6	прямоугольная	300.0	100.0		6.0	12.0	45.63	35.82	4776.79	318.45	10.231		842.35
300x100x6.5	прямоугольная	300.0	100.0		6.5	16.25	48.86	38.35	5038.23	335.88	10.154		890.09
300x100x7	прямоугольная	300.0	100.0		7.0	17.5	52.36	41.1	5360.46	357.36	10.118		943.61
300x100x7.5	прямоугольная	300.0	100.0		7.5	18.75	55.82	43.82	5673.65	378.24	10.081		995.16
300x100x8	прямоугольная	300.0	100.0		8.0	20.0	59.24	46.51	5977.86	398.52	10.045		1044.77
300x100x8.5	прямоугольная	300.0	100.0		8.5	21.25	62.63	49.16	6273.14	418.21	10.008		1092.47
300x100x9	прямоугольная	300.0	100.0		9.0	22.5	65.98	51.79	6559.561	437.3	9.97		1138.28
300x100x9.5	прямоугольная	300.0	100.0		9.5	23.75	69.29	54.39	6837.171	455.81	9.933		1182.26
300x100x10	прямоугольная	300.0	100.0		10.0	25.0	72.57	56.96	7106.03	473.74	9.895		1224.41
300x100x10.5	прямоугольная	300.0	100.0		10.5	31.5	74.86	58.76	7147.27	476.48	9.77		1239.94
300x100x11	прямоугольная	300.0	100.0		11.0	33.0	77.97	61.2	7377.2	491.81	9.726		1276.15
300x100x11.5	прямоугольная	300.0	100.0		11.5	34.5	81.03	63.61	7597.53	506.5	9.682		1310.52
300x100x12	прямоугольная	300.0	100.0		12.0	36.0	84.06	65.99	7808.311	520.55	9.637		1343.1
300x200x6	прямоугольная	300.0	200.0		6.0	12.0	57.63	45.24	7370.23	491.35	11.308		3962.19
300x200x6.5	прямоугольная	300.0	200.0		6.5	16.25	61.86	48.56	7838.31	522.55	11.256		4217.76
300x200x7	прямоугольная	300.0	200.0		7.0	17.5	66.36	52.09	8365.75	557.72	11.228		4498.391
300x200x7.5	прямоугольная	300.0	200.0		7.5	18.75	70.82	55.59	8882.711	592.18	11.199		4773.01
300x200x8	прямоугольная	300.0	200.0		8.0	20.0	75.24	59.07	9389.271	625.95	11.17		5041.67
300x200x8.5	прямоугольная	300.0	200.0		8.5	21.25	79.63	62.51	9885.49	659.03	11.142		5304.42
300x200x9	прямоугольная	300.0	200.0		9.0	22.5	83.98	65.92	10371.421	691.43	11.113		5561.31
300x200x9.5	прямоугольная	300.0	200.0		9.5	23.75	88.29	69.31	10847.14	723.14	11.084		5812.4
300x200x10	прямоугольная	300.0	200.0		10.0	25.0	92.57	72.66	11312.7	754.18	11.055		6057.73
300x200x10.5	прямоугольная	300.0	200.0		10.5	31.5	95.86	75.25	11549.23	769.95	10.976		6199.121
300x200x11	прямоугольная	300.0	200.0		11.0	33.0	99.97	78.47	11973.081	798.21	10.943		6423.38
300x200x11.5	прямоугольная	300.0	200.0		11.5	34.5	104.03	81.67	12385.92	825.73	10.911		6641.57
300x200x12	прямоугольная	300.0	200.0		12.0	36.0	108.06	84.83	12787.831	852.52	10.878		6853.74
320x180x6	прямоугольная	320.0	180.0		6.0	12.0	57.63	45.24	8012.671	500.78	11.791		3308.62
320x180x6.5	прямоугольная	320.0	180.0		6.5	16.25	61.86	48.56	8517.32	532.33	11.734		3521.35
320x180x7	прямоугольная	320.0	180.0		7.0	17.5	66.36	52.09	9089.93	568.12	11.704		3754.02
320x180x7.5	прямоугольная	320.0	180.0		7.5	18.75	70.82	55.59	9651.071	603.19	11.674		3981.48
320x180x8	прямоугольная	320.0	180.0		8.0	20.0	75.24	59.07	10200.811	637.55	11.643		4203.76
320x180x8.5	прямоугольная	320.0	180.0		8.5	21.25	79.63	62.51	10739.22	671.2	11.613		4420.92
320x180x9	прямоугольная	320.0	180.0		9.0	22.5	83.98	65.92	11266.351	704.15	11.582		4633.01
320x180x9.5	прямоугольная	320.0	180.0		9.5	23.75	88.29	69.31	11782.29	736.39	11.552		4840.06
320x180x10	прямоугольная	320.0	180.0		10.0	25.0	92.57	72.66	12287.091	767.94	11.521		5042.13
320x180x10.5	прямоугольная	320.0	180.0		10.5	31.5	95.86	75.25	12532.061	783.25	11.433		5159.51
320x180x11	прямоугольная	320.0	180.0		11.0	33.0	99.97	78.47	12990.261	811.89	11.399		5343.88
320x180x11.5	прямоугольная	320.0	180.0		11.5	34.5	104.03	81.67	13436.34	839.77	11.364		5523.04
320x180x12	прямоугольная	320.0	180.0		12.0	36.0	108.06	84.83	13870.36	866.9	11.329		5697.04
350x150x6	прямоугольная	350.0	150.0		6.0	12.0	57.63	45.24	8906.861	508.96	12.431		2390.79
350x150x6.5	прямоугольная	350.0	150.0		6.5	16.25	61.86	48.56	9458.89	540.51	12.365		2542.78
350x150x7	прямоугольная	350.0	150.0		7.0	17.5	66.36	52.09	10092.88	576.74	12.332		2708.16
350x150x7.5	прямоугольная	350.0	150.0		7.5	18.75	70.82	55.59	10713.851	612.22	12.299		2869.44
350x150x8	прямоугольная	350.0	150.0		8.0	20.0	75.24	59.07	11321.871	646.96	12.266		3026.66
350x150x8.5	прямоугольная	350.0	150.0		8.5	21.25	79.63	62.51	11917.011	680.97	12.233		3179.87
350x150x9	прямоугольная	350.0	150.0		9.0	22.5	83.98	65.92	12499.33	714.25	12.199		3329.11
350x150x9.5	прямоугольная	350.0	150.0		9.5	23.75	88.29	69.31	13068.9	746.79	12.166		3474.43
350x150x10	прямоугольная	350.0	150.0		10.0	25.0	92.57	72.66	13625.801	778.62	12.132		3615.861
350x150x10.5	прямоугольная	350.0	150.0		10.5	31.5	95.86	75.25	13873.06	792.75	12.029		3697.84
350x150x11	прямоугольная	350.0	150.0		11.0	33.0	99.97	78.47	14375.551	821.46	11.991		3826.16
350x150x11.5	прямоугольная	350.0	150.0		11.5	34.5	104.03	81.67	14864.17	849.38	11.952		3950.47
350x150x12	прямоугольная	350.0	150.0		12.0	36.0	108.06	84.83	15338.991	876.51	11.913		4070.81
350x250x4	прямоугольная	350.0	250.0		4.0	8.0	46.95	36.85	8527.75	487.3	13.477		5117.72
350x250x4.5	прямоугольная	350.0	250.0		4.5	9.0	52.67	41.34	9530.69	544.61	13.452		5716.25
350x250x5	прямоугольная	350.0	250.0		5.0	10.0	58.36	45.81	10519.881	601.14	13.426		6305.84
350x250x5.5	прямоугольная	350.0	250.0		5.5	11.0	64.01	50.25	11495.391	656.88	13.401		6886.55
350x250x6	прямоугольная	350.0	250.0		6.0	12.0	69.63	54.66	12457.3	711.85	13.375		7458.44
350x250x6.5	прямоугольная	350.0	250.0		6.5	16.25	74.86	58.76	13294.09	759.66	13.326		7964.561
350x250x7	прямоугольная	350.0	250.0		7.0	17.5	80.36	63.08	14211.172	812.07	13.298		8509.87
350x250x7.5	прямоугольная	350.0	250.0		7.5	18.75	85.82	67.37	15113.542	863.63	13.27		9045.87
350x250x8	прямоугольная	350.0	250.0		8.0	20.0	91.24	71.63	16001.28	914.36	13.242		9572.62
350x250x8.5	прямоугольная	350.0	250.0		8.5	21.25	96.63	75.85	16874.471	964.26	13.215		10090.18
350x250x9	прямоугольная	350.0	250.0		9.0	22.5	101.98	80.05	17733.189	1013.32	13.186		10598.611
350x250x9.5	прямоугольная	350.0	250.0		9.5	23.75	107.29	84.22	18577.49	1061.57	13.158		11097.98
350x250x10	прямоугольная	350.0	250.0		10.0	25.0	112.57	88.36	19407.471	1109.0	13.13		11588.341
350x250x10.5	прямоугольная	350.0	250.0		10.5	31.5	116.86	91.73	19926.16	1138.64	13.058		11917.091
350x250x11	прямоугольная	350.0	250.0		11.0	33.0	121.97	95.74	20698.422	1182.77	13.027		12374.561
350x250x11.5	прямоугольная	350.0	250.0		11.5	34.5	127.03	99.72	21455.18	1226.01	12.995		12822.49
350x250x12	прямоугольная	350.0	250.0		12.0	36.0	132.06	103.67	22196.51	1268.37	12.964		13260.93
350x250x13	прямоугольная	350.0	250.0		13.0	39.0	141.99	111.46	23633.152	1350.47	12.901		14109.62
350x250x14	прямоугольная	350.0	250.0		14.0	42.0	151.75	119.12	25008.92	1429.08	12.837		14921.111
350x250x15	прямоугольная	350.0	250.0		15.0	45.0	161.34	126.65	26317.652	1504.25	12.772		15695.891
350x250x16	прямоугольная	350.0	250.0		16.0	48.0	170.77	134.06	27580.152	1576.01	12.707		16434.441
350x250x17	прямоугольная	350.0	250.0		17.0	51.0	180.04	141.33	28776.773	1644.39	12.642		17137.252
350x250x18	прямоугольная	350.0	250.0		18.0	54.0	189.13	148.47	29914.844	1709.42	12.575		17804.803
350x250x19	прямоугольная	350.0	250.0		19.0	57.0	198.07	155.48	30994.939	1771.14	12.508		18437.602
350x250x20	прямоугольная	350.0	250.0		20.0	60.0	206.83	162.36	32017.643	1829.58	12.44		19036.119
350x250x21	прямоугольная	350.0	250.0		21.0	63.0	215.43	169.11	32983.539	1884.77	12.372		19600.859
350x250x22	прямоугольная	350.0	250.0		22.0	66.0	223.87	175.74	33893.223	1936.76	12.303		20132.311
350x300x6	прямоугольная	350.0	300.0		6.0	12.0	75.63	59.37	14232.521	813.29	13.718		11260.39
350x300x6.5	прямоугольная	350.0	300.0		6.5	16.25	81.36	63.87	15211.701	869.24	13.673		12038.43
350x300x7	прямоугольная	350.0	300.0		7.0	17.5	87.36	68.58	16270.312	929.73	13.647		12873.68
350x300x7.5	прямоугольная	350.0	300.0		7.5	18.75	93.32	73.26	17313.381	989.34	13.621		13696.31
350x300x8	прямоугольная	350.0	300.0		8.0	20.0	99.24	77.91	18340.992	1048.06	13.594		14506.39
350x300x8.5	прямоугольная	350.0	300.0		8.5	21.25	105.13	82.53	19353.213	1105.9	13.568		15304.001
350x300x9	прямоугольная	350.0	300.0		9.0	22.5	110.98	87.12	20350.119	1162.86	13.541		16089.21
350x300x9.5	прямоугольная	350.0	300.0		9.5	23.75	116.79	91.68	21331.789	1216.96	13.514		16862.09
350x300x10	прямоугольная	350.0	300.0		10.0	25.0	122.57	96.21	22298.303	1274.19	13.488		17622.699
350x300x10.5	прямоугольная	350.0	300.0		10.5	31.5	127.36	99.98	22952.701	1311.58	13.424		18152.18
350x300x11	прямоугольная	350.0	300.0		11.0	33.0	132.97	104.38	23859.859	1363.42	13.395		18866.893
350x300x11.5	прямоугольная	350.0	300.0		11.5	34.5	138.53	108.75	24750.691	1414.33	13.366		19568.512
350x300x12	прямоугольная	350.0	300.0		12.0	36.0	144.06	113.09	25625.271	1464.3	13.337		20257.111
380x220x6	прямоугольная	380.0	220.0		6.0	12.0	69.63	54.66	13885.52	730.82	14.121		6012.14
380x220x6.5	прямоугольная	380.0	220.0		6.5	16.25	74.86	58.76	14811.21	779.54	14.066		6419.15
380x220x7	прямоугольная	380.0	220.0		7.0	17.5	80.36	63.08	15832.352	833.28	14.036		6855.88
380x220x7.5	прямоугольная	380.0	220.0		7.5	18.75	85.82	67.37	16837.01	886.16	14.007		7284.74
380x220x8	прямоугольная	380.0	220.0		8.0	20.0	91.24	71.63	17825.26	938.17	13.977		7705.79
400x200x4	прямоугольная	400.0	200.0		4.0	8.0	46.95	36.85	10125.031	506.25	14.685		3504.99
400x200x4.5	прямоугольная	400.0	200.0		4.5	9.0	52.67	41.34	11315.63	565.78	14.658		3911.76
400x200x5	прямоугольная	400.0	200.0		5.0	10.0	58.36	45.81	12489.82	624.49	14.63		4311.75
400x200x5.5	прямоугольная	400.0	200.0		5.5	11.0	64.01	50.25	13647.7	682.39	14.602		4705.03
400x200x6	прямоугольная	400.0	200.0		6.0	12.0	69.63	54.66	14789.352	739.47	14.573		5091.63
400x200x6.5	прямоугольная	400.0	200.0		6.5	16.25	74.86	58.76	15769.161	788.46	14.514		5435.09
400x200x7	прямоугольная	400.0	200.0		7.0	17.5	80.36	63.08	16855.27	842.78	14.483		5802.67
400x200x7.5	прямоугольная	400.0	200.0		7.5	18.75	85.82	67.37	17923.66	896.18	14.451		6163.32
400x200x8	прямоугольная	400.0	200.0		8.0	20.0	91.24	71.63	18974.42	948.72	14.42		6517.081
400x200x8.5	прямоугольная	400.0	200.0		8.5	21.25	96.63	75.85	20007.609	1000.38	14.389		6864.01
400x200x9	прямоугольная	400.0	200.0		9.0	22.5	101.98	80.05	21023.33	1051.17	14.358		7204.171
400x200x9.5	прямоугольная	400.0	200.0		9.5	23.75	107.29	84.22	22021.652	1101.08	14.326		7537.62
10x10x0.8	квадратная	10.0	10.0		0.8	1.6	0.283	0.222	0.039	0.079	0.372		0.039
10x10x0.9	квадратная	10.0	10.0		0.9	1.8	0.314	0.246	0.042	0.085	0.368		0.042
10x10x1	квадратная	10.0	10.0		1.0	2.0	0.343	0.269	0.0452	0.0904	0.364		0.0452
10x10x1.2	квадратная	10.0	10.0		1.2	2.4	0.398	0.312	0.05	0.1	0.355		0.05
10x10x1.4	квадратная	10.0	10.0		1.4	2.8	0.448	0.352	0.053	0.107	0.346		0.053
15x15x0.8	квадратная	15.0	15.0		0.8	1.6	0.443	0.348	0.147	0.196	0.576		0.147
15x15x0.9	квадратная	15.0	15.0		0.9	1.8	0.494	0.388	0.161	0.215	0.572		0.161
15x15x1	квадратная	15.0	15.0		1.0	2.0	0.543	0.426	0.176	0.233	0.567		0.176
15x15x1.2	квадратная	15.0	15.0		1.2	2.4	0.638	0.501	0.199	0.265	0.559		0.199
15x15x1.4	квадратная	15.0	15.0		1.4	2.8	0.728	0.571	0.22	0.293	0.55		0.22
15x15x1.5	квадратная	15.0	15.0		1.5	3.0	0.771	0.605	0.229	0.305	0.545		0.229
20x20x0.8	квадратная	20.0	20.0		0.8	1.6	0.603	0.474	0.368	0.368	0.78		0.368
20x20x0.9	квадратная	20.0	20.0		0.9	1.8	0.674	0.529	0.406	0.406	0.776		0.406
20x20x1	квадратная	20.0	20.0		1.0	2.0	0.743	0.583	0.442	0.442	0.772		0.442
20x20x1.2	квадратная	20.0	20.0		1.2	2.4	0.878	0.689	0.51	0.51	0.763		0.51
20x20x1.4	квадратная	20.0	20.0		1.4	2.8	1.01	0.791	0.572	0.572	0.754		0.572
20x20x1.5	квадратная	20.0	20.0		1.5	3.0	1.071	0.841	0.6	0.6	0.749		0.6
20x20x2	квадратная	20.0	20.0		2.0	4.0	1.37	1.075	0.723	0.723	0.727		0.723
25x25x0.8	квадратная	25.0	25.0		0.8	1.6	0.763	0.599	0.74	0.592	0.985		0.74
25x25x0.9	квадратная	25.0	25.0		0.9	1.8	0.854	0.67	0.82	0.656	0.98		0.82
25x25x1	квадратная	25.0	25.0		1.0	2.0	0.943	0.74	0.897	0.718	0.976		0.897
25x25x1.2	квадратная	25.0	25.0		1.2	2.4	1.12	0.878	1.04	0.835	0.967		1.04
25x25x1.4	квадратная	25.0	25.0		1.4	2.8	1.29	1.01	1.18	0.945	0.958		1.18
25x25x1.5	квадратная	25.0	25.0		1.5	3.0	1.37	1.07	1.24	0.996	0.953		1.24
25x25x2	квадратная	25.0	25.0		2.0	4.0	1.77	1.39	1.53	1.22	0.931		1.53
25x25x2.5	квадратная	25.0	25.0		2.5	5.0	2.14	1.68	1.77	1.41	0.909		1.77
25x25x3	квадратная	25.0	25.0		3.0	6.0	2.48	1.95	1.95	1.56	0.887		1.95
30x30x0.8	квадратная	30.0	30.0		0.8	1.6	0.923	0.725	1.3	0.87	1.189		1.3
30x30x0.9	квадратная	30.0	30.0		0.9	1.8	1.03	0.811	1.45	0.966	1.184		1.45
30x30x1	квадратная	30.0	30.0		1.0	2.0	1.14	0.897	1.59	1.06	1.18		1.59
30x30x1.2	квадратная	30.0	30.0		1.2	2.4	1.36	1.07	1.86	1.24	1.171		1.86
30x30x1.3	квадратная	30.0	30.0		1.3	2.6	1.46	1.15	1.99	1.33	1.166		1.99
30x30x1.4	квадратная	30.0	30.0		1.4	2.8	1.57	1.23	2.12	1.41	1.162		2.12
30x30x1.5	квадратная	30.0	30.0		1.5	3.0	1.67	1.31	2.24	1.49	1.157		2.24
30x30x2	квадратная	30.0	30.0		2.0	4.0	2.17	1.7	2.79	1.86	1.135		2.79
30x30x2.5	квадратная	30.0	30.0		2.5	5.0	2.64	2.07	3.27	2.18	1.113		3.27
30x30x3	квадратная	30.0	30.0		3.0	6.0	3.08	2.42	3.66	2.44	1.091		3.66
30x30x3.5	квадратная	30.0	30.0		3.5	7.0	3.5	2.75	3.98	2.65	1.068		3.98
30x30x4	квадратная	30.0	30.0		4.0	8.0	3.88	3.04	4.23	2.82	1.046		4.23
35x35x0.8	квадратная	35.0	35.0		0.8	1.6	1.083	0.85	2.1	1.2	1.393		2.1
35x35x0.9	квадратная	35.0	35.0		0.9	1.8	1.21	0.953	2.34	1.34	1.388		2.34
35x35x1.4	квадратная	35.0	35.0		1.4	2.8	1.85	1.45	3.45	1.97	1.366		3.45
35x35x1.5	квадратная	35.0	35.0		1.5	3.0	1.97	1.55	3.65	2.09	1.361		3.65
35x35x2	квадратная	35.0	35.0		2.0	4.0	2.57	2.02	4.61	2.63	1.339		4.61
35x35x2.5	квадратная	35.0	35.0		2.5	5.0	3.14	2.46	5.44	3.11	1.317		5.44
35x35x3	квадратная	35.0	35.0		3.0	6.0	3.68	2.89	6.17	3.52	1.294		6.17
35x35x3.5	квадратная	35.0	35.0		3.5	7.0	4.2	3.3	6.78	3.88	1.272		6.78
35x35x4	квадратная	35.0	35.0		4.0	8.0	4.68	3.67	7.3	4.17	1.25		7.3
35x35x5	квадратная	35.0	35.0		5.0	10.0	5.57	4.37	8.05	4.6	1.206		8.05
40x40x1.4	квадратная	40.0	40.0		1.4	2.8	2.13	1.67	5.24	2.62	1.57		5.24
40x40x1.5	квадратная	40.0	40.0		1.5	3.0	2.27	1.78	5.57	2.78	1.565		5.57
40x40x2	квадратная	40.0	40.0		2.0	4.0	2.97	2.33	7.07	3.53	1.543		7.07
40x40x2.5	квадратная	40.0	40.0		2.5	5.0	3.64	2.85	8.42	4.21	1.521		8.42
40x40x3	квадратная	40.0	40.0		3.0	6.0	4.28	3.36	9.61	4.81	1.498		9.61
40x40x3.5	квадратная	40.0	40.0		3.5	7.0	4.9	3.85	10.66	5.33	1.476		10.66
40x40x4	квадратная	40.0	40.0		4.0	8.0	5.48	4.3	11.57	5.79	1.454		11.57
40x40x5	квадратная	40.0	40.0		5.0	10.0	6.57	5.16	13.01	6.5	1.41		13.01
40x40x6	квадратная	40.0	40.0		6.0	12.0	7.54	5.92	13.96	6.98	1.366		13.96
42x42x3	квадратная	42.0	42.0		3.0	6.0	4.52	3.55	11.3	5.38	1.58		11.3
42x42x3.5	квадратная	42.0	42.0		3.5	7.0	5.18	4.07	12.56	5.98	1.558		12.56
42x42x4	квадратная	42.0	42.0		4.0	8.0	5.8	4.56	13.67	6.51	1.536		13.67
42x42x5	квадратная	42.0	42.0		5.0	10.0	6.97	5.47	15.45	7.36	1.491		15.45
42x42x6	квадратная	42.0	42.0		6.0	12.0	8.02	6.3	16.69	7.95	1.448		16.69
45x45x2	квадратная	45.0	45.0		2.0	4.0	3.37	2.65	10.29	4.57	1.747		10.29
45x45x3	квадратная	45.0	45.0		3.0	6.0	4.88	3.83	14.15	6.29	1.702		14.15
45x45x3.5	квадратная	45.0	45.0		3.5	7.0	5.6	4.4	15.79	7.02	1.68		15.79
45x45x4	квадратная	45.0	45.0		4.0	8.0	6.28	4.93	17.25	7.67	1.658		17.25
45x45x5	квадратная	45.0	45.0		5.0	10.0	7.57	5.94	19.66	8.38	1.614		19.66
45x45x6	квадратная	45.0	45.0		6.0	12.0	8.74	6.86	21.42	9.52	1.57		21.42
45x45x7	квадратная	45.0	45.0		7.0	14.0	9.8	7.69	22.6	10.04	1.526		22.6
45x45x8	квадратная	45.0	45.0		8.0	16.0	10.74	8.43	23.23	10.33	1.483		23.23
50x50x2	квадратная	50.0	50.0		2.0	4.0	3.77	2.96	14.36	5.74	1.951		14.36
50x50x2.5	квадратная	50.0	50.0		2.5	5.0	4.64	3.64	17.27	6.91	1.929		17.27
50x50x3	квадратная	50.0	50.0		3.0	6.0	5.48	4.31	19.93	7.97	1.906		19.93
50x50x3.5	квадратная	50.0	50.0		3.5	7.0	6.3	4.94	22.35	8.94	1.884		22.35
50x50x4	квадратная	50.0	50.0		4.0	8.0	7.08	5.56	24.54	9.82	1.862		24.54
50x50x4.5	квадратная	50.0	50.0		4.5	9.0	7.84	6.16	26.51	10.6	1.84		26.51
50x50x5	квадратная	50.0	50.0		5.0	10.0	8.57	6.73	28.26	11.3	1.818		28.26
50x50x6	квадратная	50.0	50.0		6.0	12.0	9.94	7.8	31.15	12.46	1.773		31.15
50x50x7	квадратная	50.0	50.0		7.0	14.0	11.2	8.79	33.28	13.31	1.73		33.28
50x50x8	квадратная	50.0	50.0		8.0	16.0	12.34	9.69	34.7	13.88	1.686		34.7
60x60x2	квадратная	60.0	60.0		2.0	4.0	4.57	3.59	25.45	8.48	2.359		25.45
60x60x2.5	квадратная	60.0	60.0		2.5	5.0	5.64	4.43	30.81	10.27	2.337		30.81
60x60x3	квадратная	60.0	60.0		3.0	6.0	6.69	5.25	35.81	11.94	2.315		35.81
60x60x3.5	квадратная	60.0	60.0		3.5	7.0	7.7	6.04	40.44	13.48	2.292		40.44
60x60x4	квадратная	60.0	60.0		4.0	8.0	8.68	6.82	44.73	14.91	2.27		44.73
60x60x5	квадратная	60.0	60.0		5.0	10.0	10.57	8.3	52.3	17.43	2.225		52.3
60x60x6	квадратная	60.0	60.0		6.0	12.0	12.34	9.69	58.6	19.53	2.181		58.6
60x60x7	квадратная	60.0	60.0		7.0	14.0	14.0	11.0	63.71	21.24	2.137		63.71
60x60x8	квадратная	60.0	60.0		8.0	16.0	15.54	12.2	67.71	22.57	2.093		67.71
70x70x3	квадратная	70.0	70.0		3.0	6.0	7.88	6.19	58.45	16.7	2.723		58.45
70x70x3.5	квадратная	70.0	70.0		3.5	7.0	9.1	7.14	66.34	18.95	2.7		66.34
70x70x4	квадратная	70.0	70.0		4.0	8.0	10.28	8.07	73.74	21.07	2.678		73.74
70x70x5	квадратная	70.0	70.0		5.0	10.0	12.57	9.87	87.12	24.89	2.633		87.12
70x70x6	квадратная	70.0	70.0		6.0	12.0	14.74	11.57	98.69	28.2	2.589		98.69
70x70x7	квадратная	70.0	70.0		7.0	14.0	16.8	13.19	108.56	31.02	2.545		108.56
70x70x8	квадратная	70.0	70.0		8.0	16.0	18.74	14.71	116.81	33.37	2.5		116.81
80x80x3	квадратная	80.0	80.0		3.0	6.0	9.09	7.13	89.05	22.26	3.131		89.05
80x80x3.5	квадратная	80.0	80.0		3.5	7.0	10.5	8.24	101.44	25.36	3.108		101.44
80x80x4	квадратная	80.0	80.0		4.0	8.0	11.88	9.33	113.17	28.29	3.086		113.17
80x80x5	квадратная	80.0	80.0		5.0	10.0	14.57	11.44	134.73	33.68	3.041		134.73
80x80x6	квадратная	80.0	80.0		6.0	12.0	17.14	13.46	153.84	38.46	2.997		153.84
80x80x7	квадратная	80.0	80.0		7.0	14.0	19.6	15.38	170.63	42.66	2.952		170.63
80x80x8	квадратная	80.0	80.0		8.0	16.0	21.94	17.22	185.2	46.3	2.908		185.2
80x80x9	квадратная	80.0	80.0		9.0	18.0	24.17	18.97	197.66	49.41	2.864		197.66
80x80x10	квадратная	80.0	80.0		10.0	20.0	26.28	20.63	208.1	52.03	2.82		208.1
80x80x11	квадратная	80.0	80.0		11.0	22.0	28.28	22.2	216.64	54.16	2.776		216.64
90x90x3	квадратная	90.0	90.0		3.0	6.0	10.28	8.07	128.82	28.63	3.539		128.82
90x90x4	квадратная	90.0	90.0		4.0	8.0	13.48	10.59	164.63	36.58	3.494		164.63
90x90x5	квадратная	90.0	90.0		5.0	10.0	16.57	13.0	197.12	43.8	3.449		197.12
90x90x6	квадратная	90.0	90.0		6.0	12.0	19.54	15.34	226.44	50.32	3.405		226.44
90x90x7	квадратная	90.0	90.0		7.0	14.0	22.4	17.58	252.71	56.16	3.36		252.71
90x90x8	квадратная	90.0	90.0		8.0	16.0	25.14	19.73	276.08	61.35	3.316		276.08
100x100x3	квадратная	100.0	100.0		3.0	6.0	11.48	9.02	178.95	35.79	3.947		178.95
100x100x4	квадратная	100.0	100.0		4.0	8.0	15.08	11.84	229.71	45.94	3.902		229.71
100x100x5	квадратная	100.0	100.0		5.0	10.0	18.57	14.58	276.3	55.26	3.858		276.3
100x100x6	квадратная	100.0	100.0		6.0	12.0	21.94	17.22	318.89	63.78	3.813		318.89
100x100x7	квадратная	100.0	100.0		7.0	14.0	25.2	19.78	357.62	71.52	3.768		357.62
100x100x8	квадратная	100.0	100.0		8.0	16.0	28.34	22.25	392.65	78.53	3.724		392.65
100x100x9	квадратная	100.0	100.0		9.0	18.0	31.37	24.62	424.11	84.82	3.679		424.11
110x110x6	квадратная	110.0	110.0		6.0	12.0	24.34	19.11	433.59	78.83	4.221		433.59
110x110x7	квадратная	110.0	110.0		7.0	14.0	28.0	21.98	488.14	88.75	4.176		488.14
110x110x8	квадратная	110.0	110.0		8.0	16.0	31.54	24.76	538.11	97.84	4.132		538.11
110x110x9	квадратная	110.0	110.0		9.0	18.0	34.97	27.45	583.63	106.11	4.087		583.63
120x120x6	квадратная	120.0	120.0		6.0	12.0	26.74	20.99	572.94	95.49	4.629		572.94
120x120x7	квадратная	120.0	120.0		7.0	14.0	30.8	24.18	647.09	107.85	4.584		647.09
120x120x8	квадратная	120.0	120.0		8.0	16.0	34.74	27.27	715.66	119.28	4.54		715.66
120x120x9	квадратная	120.0	120.0		9.0	18.0	38.57	30.28	778.82	129.8	4.495		778.82
140x140x6	квадратная	140.0	140.0		6.0	12.0	31.54	24.76	935.19	133.6	5.445		935.19
140x140x7	квадратная	140.0	140.0		7.0	14.0	36.4	28.57	1061.44	151.63	5.401		1061.44
140x140x8	квадратная	140.0	140.0		8.0	16.0	41.14	32.29	1179.83	168.55	5.356		1179.83
140x140x9	квадратная	140.0	140.0		9.0	18.0	45.77	35.93	1290.58	184.37	5.311		1290.58
150x150x7	квадратная	150.0	150.0		7.0	14.0	39.2	30.77	1322.44	176.32	5.809		1322.44
150x150x8	квадратная	150.0	150.0		8.0	16.0	44.34	34.81	1472.85	196.38	5.764		1472.85
150x150x9	квадратная	150.0	150.0		9.0	18.0	49.37	38.75	1614.37	215.25	5.719		1614.37
150x150x10	квадратная	150.0	150.0		10.0	20.0	54.28	42.61	1747.21	232.96	5.675		1747.21
180x180x8	квадратная	180.0	180.0		8.0	16.0	53.94	42.34	2634.06	292.67	6.988		2634.06
180x180x9	квадратная	180.0	180.0		9.0	18.0	60.17	47.23	2900.49	322.28	6.944		2900.49
180x180x10	квадратная	180.0	180.0		10.0	20.0	66.28	52.03	3153.95	350.44	6.899		3153.95
180x180x12	квадратная	180.0	180.0		12.0	24.0	78.17	61.36	3623.01	402.56	6.81		3623.01
180x180x14	квадратная	180.0	180.0		14.0	28.0	89.59	70.33	4043.41	449.27	6.721		4043.41
32x32x4	квадратная специального размера	32.0	32.0		4.0	8.0	4.2	3.3	5.33	3.33	1.128		5.33
36x36x4	квадратная специального размера	36.0	36.0		4.0	8.0	4.84	3.8	8.05	4.47	1.291		8.05
55x55x3	квадратная специального размера	55.0	55.0		3.0	6.0	6.09	4.78	27.1	9.85	2.11		27.1
65x65x6	квадратная специального размера	65.0	65.0		6.0	12.0	13.54	10.63	76.91	23.66	2.385		76.91
20x3	равнополочный	20.0	20.0		3.0	3.5	1.13	0.89	0.4	0.28	5.9		0.4
20x4	равнополочный	20.0	20.0		4.0	3.5	1.46	1.15	0.5	0.37	5.8		0.5
25x3	равнополочный	25.0	25.0		3.0	3.5	1.43	1.12	0.81	0.46	7.5		0.81
25x4	равнополочный	25.0	25.0		4.0	3.5	1.86	1.46	1.03	0.59	7.4		1.03
25x5	равнополочный	25.0	25.0		5.0	3.5	2.27	1.78	1.22	0.71	7.3		1.22
28x3	равнополочный	28.0	28.0		3.0	4.0	1.62	1.27	1.16	0.58	8.5		1.16
30x3	равнополочный	30.0	30.0		3.0	4.0	1.74	1.36	1.45	0.67	9.1		1.45
30x4	равнополочный	30.0	30.0		4.0	4.0	2.27	1.78	1.84	0.87	8.0		1.84
30x5	равнополочный	30.0	30.0		5.0	4.0	2.78	2.18	2.2	1.06	8.9		2.2
32x3	равнополочный	32.0	32.0		3.0	4.5	1.86	1.46	1.77	0.77	9.7		1.77
32x4	равнополочный	32.0	32.0		4.0	4.5	2.43	1.91	2.26	1.0	9.6		2.26
35x3	равнополочный	35.0	35.0		3.0	4.5	2.04	1.6	2.35	0.93	10.7		2.35
35x4	равнополочный	35.0	35.0		4.0	4.5	2.67	2.1	3.01	1.21	10.6		3.01
35x5	равнополочный	35.0	35.0		5.0	4.5	3.28	2.58	3.61	1.47	10.5		3.61
40x3	равнополочный	40.0	40.0		3.0	5.0	2.35	1.85	3.55	1.22	12.3		3.55
40x4	равнополочный	40.0	40.0		4.0	5.0	3.08	2.42	4.58	1.6	12.2		4.58
40x5	равнополочный	40.0	40.0		5.0	5.0	3.79	2.98	5.53	1.95	12.1		5.53
40x6	равнополочный	40.0	40.0		6.0	5.0	4.48	3.52	6.41	2.3	12.0		6.41
45x3	равнополочный	45.0	45.0		3.0	5.0	2.65	2.08	5.13	1.56	13.9		5.13
45x4	равнополочный	45.0	45.0		4.0	5.0	3.48	2.73	6.63	2.04	13.8		6.63
45x5	равнополочный	45.0	45.0		5.0	5.0	4.29	3.37	8.03	2.51	13.7		8.03
45x6	равнополочный	45.0	45.0		6.0	5.0	5.08	3.99	9.35	2.95	13.6		9.35
50x3	равнополочный	50.0	50.0		3.0	5.5	2.96	2.32	7.11	1.94	15.5		7.11
50x4	равнополочный	50.0	50.0		4.0	5.5	3.89	3.05	9.21	2.54	15.4		9.21
50x5	равнополочный	50.0	50.0		5.0	5.5	4.8	3.77	11.2	3.13	15.3		11.2
50x6	равнополочный	50.0	50.0		6.0	5.5	5.69	4.47	13.07	3.69	15.2		13.07
50x7	равнополочный	50.0	50.0		7.0	5.5	6.56	5.15	14.84	4.23	15.0		14.84
50x8	равнополочный	50.0	50.0		8.0	5.5	7.41	5.82	16.51	4.76	14.9		16.51
56x4	равнополочный	56.0	56.0		4.0	6.0	4.38	3.44	13.1	3.21	17.3		13.1
56x5	равнополочный	56.0	56.0		5.0	6.0	5.41	4.25	15.97	3.96	17.2		15.97
60x4	равнополочный	60.0	60.0		4.0	7.0	4.72	3.71	16.21	3.7	18.5		16.21
60x5	равнополочный	60.0	60.0		5.0	7.0	5.83	4.58	19.79	4.56	18.4		19.79
60x6	равнополочный	60.0	60.0		6.0	7.0	6.92	5.43	23.21	5.4	18.3		23.21
60x8	равнополочный	60.0	60.0		8.0	7.0	9.04	7.1	29.55	7.0	18.1		29.55
60x10	равнополочный	60.0	60.0		10.0	7.0	11.08	8.7	35.32	8.52	17.9		35.32
63x4	равнополочный	63.0	63.0		4.0	7.0	4.96	3.9	18.86	4.09	19.5		18.86
63x5	равнополочный	63.0	63.0		5.0	7.0	6.13	4.81	23.1	5.05	19.4		23.1
63x6	равнополочный	63.0	63.0		6.0	7.0	7.28	5.72	27.06	5.98	19.3		27.06
65x6	равнополочный	65.0	65.0		6.0	7.0	7.52	5.91	29.85	6.39	19.9		29.85
65x8	равнополочный	65.0	65.0		8.0	7.0	9.84	7.73	38.13	8.3	19.7		38.13
70x4	равнополочный	70.0	70.0		4.5	8.0	6.2	4.87	29.04	5.67	21.6		29.04
70x5	равнополочный	70.0	70.0		5.0	8.0	6.86	5.38	31.94	6.27	21.6		31.94
70x6	равнополочный	70.0	70.0		6.0	8.0	8.15	6.39	37.58	7.43	21.5		37.58
70x7	равнополочный	70.0	70.0		7.0	8.0	9.42	7.39	42.98	8.57	21.4		42.98
70x8	равнополочный	70.0	70.0		8.0	8.0	10.67	8.37	48.16	9.68	21.2		48.16
70x10	равнополочный	70.0	70.0		10.0	8.0	13.11	10.29	57.9	11.82	21.0		57.9
75x5	равнополочный	75.0	75.0		5.0	9.0	7.39	5.8	39.53	7.21	23.1		39.53
75x6	равнополочный	75.0	75.0		6.0	9.0	8.78	6.89	46.57	8.57	23.0		46.57
75x7	равнополочный	75.0	75.0		7.0	9.0	10.15	7.96	53.34	9.89	22.9		53.34
75x8	равнополочный	75.0	75.0		8.0	9.0	11.5	9.02	59.84	11.18	22.8		59.84
75x9	равнополочный	75.0	75.0		9.0	9.0	12.83	10.07	66.1	12.43	22.7		66.1
80x5	равнополочный	80.0	80.0		5.5	9.0	8.63	6.78	52.68	9.03	24.7		52.68
80x6	равнополочный	80.0	80.0		6.0	9.0	9.38	7.36	56.97	9.8	24.7		56.97
80x7	равнополочный	80.0	80.0		7.0	9.0	10.85	8.51	65.31	11.32	24.5		65.31
80x8	равнополочный	80.0	80.0		8.0	9.0	12.3	9.65	73.36	12.8	24.4		73.36
80x10	равнополочный	80.0	80.0		10.0	9.0	15.14	11.88	83.58	15.67	24.2		83.58
80x12	равнополочный	80.0	80.0		12.0	9.0	17.9	14.05	102.74	18.42	24.0		102.74
90x6	равнополочный	90.0	90.0		6.0	10.0	10.61	8.33	82.1	12.49	27.8		82.1
90x7	равнополочный	90.0	90.0		7.0	10.0	12.28	9.64	94.3	14.45	27.7		94.3
90x8	равнополочный	90.0	90.0		8.0	10.0	13.93	10.93	106.11	16.36	27.6		106.11
90x9	равнополочный	90.0	90.0		9.0	10.0	15.6	12.2	118.0	18.29	27.5		118.0
90x10	равнополочный	90.0	90.0		10.0	10.0	17.17	13.48	128.6	20.07	27.4		128.6
90x12	равнополочный	90.0	90.0		12.0	10.0	20.33	15.96	149.67	23.85	27.1		149.67
100x6.5	равнополочный	100.0	100.0		6.5	12.0	12.82	10.06	122.1	16.69	30.9		122.1
100x7	равнополочный	100.0	100.0		7.0	12.0	13.75	10.79	130.59	17.9	30.8		130.59
100x8	равнополочный	100.0	100.0		8.0	12.0	15.6	12.25	147.19	20.3	30.7		147.19
100x10	равнополочный	100.0	100.0		10.0	12.0	19.24	15.1	178.95	24.97	30.5		178.95
100x12	равнополочный	100.0	100.0		12.0	12.0	22.8	17.9	208.9	29.47	30.3		208.9
100x14	равнополочный	100.0	100.0		14.0	12.0	26.28	20.63	237.15	33.83	30.0		237.15
100x15	равнополочный	100.0	100.0		15.0	12.0	27.99	21.97	250.68	35.95	29.9		250.68
100x16	равнополочный	100.0	100.0		16.0	12.0	29.68	23.3	263.82	38.04	29.8		263.82
110x7	равнополочный	110.0	110.0		7.0	12.0	15.15	11.89	175.61	21.83	34.0		175.61
110x8	равнополочный	110.0	110.0		8.0	12.0	17.2	13.5	198.17	24.77	33.9		198.17
120x8	равнополочный	120.0	120.0		8.0	12.0	18.8	14.76	259.75	29.68	37.2		259.75
120x10	равнополочный	120.0	120.0		10.0	12.0	23.24	18.24	317.16	36.59	36.9		317.16
120x12	равнополочный	120.0	120.0		12.0	12.0	27.6	21.67	371.8	43.3	36.7		371.8
120x15	равнополочный	120.0	120.0		15.0	12.0	33.99	26.68	448.9	52.96	36.3		448.9
125x8	равнополочный	125.0	125.0		8.0	14.0	19.69	15.46	294.36	32.2	38.7		294.36
125x9	равнополочный	125.0	125.0		9.0	14.0	22.0	17.3	327.48	36.0	38.6		327.48
125x10	равнополочный	125.0	125.0		10.0	14.0	24.33	19.1	359.82	39.74	38.5		359.82
125x12	равнополочный	125.0	125.0		12.0	14.0	28.89	22.68	422.32	47.06	38.2		422.32
125x14	равнополочный	125.0	125.0		14.0	14.0	33.37	26.2	481.76	54.17	38.0		481.76
125x16	равнополочный	125.0	125.0		16.0	14.0	37.77	29.65	538.56	61.09	37.8		538.56
140x9	равнополочный	140.0	140.0		9.0	14.0	24.72	19.41	465.72	45.55	43.4		465.72
140x10	равнополочный	140.0	140.0		10.0	14.0	27.33	21.45	512.29	50.32	43.3		512.29
140x12	равнополочный	140.0	140.0		12.0	14.0	32.49	25.5	602.49	59.66	43.1		602.49
150x10	равнополочный	150.0	150.0		10.0	14.0	29.33	23.02	634.76	58.07	46.5		634.76
150x12	равнополочный	150.0	150.0		12.0	14.0	34.89	27.39	747.48	68.9	46.3		747.48
150x15	равнополочный	150.0	150.0		15.0	14.0	43.08	33.82	908.38	84.66	45.9		908.38
150x18	равнополочный	150.0	150.0		18.0	14.0	51.09	40.11	1060.08	99.86	45.6		1060.08
160x10	равнополочный	160.0	160.0		10.0	16.0	31.43	24.67	774.24	66.19	49.6		774.24
160x11	равнополочный	160.0	160.0		11.0	16.0	34.42	27.02	844.21	72.44	49.5		844.21
160x12	равнополочный	160.0	160.0		12.0	16.0	37.39	28.35	912.89	78.62	49.4		912.89
160x14	равнополочный	160.0	160.0		14.0	16.0	43.57	33.97	1046.47	90.77	49.2		1046.47
160x16	равнополочный	160.0	160.0		16.0	16.0	49.07	38.52	1175.19	102.64	48.9		1175.19
160x18	равнополочный	160.0	160.0		18.0	16.0	54.79	43.01	1290.24	114.24	48.7		1290.24
160x20	равнополочный	160.0	160.0		20.0	16.0	60.4	47.44	1418.85	125.6	48.5		1418.85
180x11	равнополочный	180.0	180.0		11.0	16.0	38.8	30.47	1216.44	92.47	56.0		1216.44
180x12	равнополочный	180.0	180.0		12.0	16.0	42.19	33.12	1316.62	100.41	55.9		1316.62
180x15	равнополочный	180.0	180.0		15.0	16.0	52.18	40.96	1607.36	123.74	55.5		1607.36
180x18	равнополочный	180.0	180.0		18.0	16.0	61.99	48.66	1884.07	146.36	55.1		1884.07
180x20	равнополочный	180.0	180.0		20.0	16.0	68.43	53.72	2061.11	161.07	54.9		2061.11
200x12	равнополочный	200.0	200.0		12.0	18.0	47.1	36.97	1822.78	124.61	62.2		1822.78
200x13	равнополочный	200.0	200.0		13.0	18.0	50.85	39.92	1960.77	134.44	62.1		1960.77
200x14	равнополочный	200.0	200.0		14.0	18.0	54.6	42.8	2097.0	144.17	62.0		2097.0
200x16	равнополочный	200.0	200.0		16.0	18.0	61.98	48.65	2362.57	163.37	61.7		2362.57
200x18	равнополочный	200.0	200.0		18.0	18.0	69.3	54.4	2620.64	182.22	61.5		2620.64
200x20	равнополочный	200.0	200.0		20.0	18.0	76.54	60.08	2871.47	200.73	61.2		2871.47
200x24	равнополочный	200.0	200.0		24.0	18.0	90.78	71.26	3350.66	236.77	60.8		3350.66
200x25	равнополочный	200.0	200.0		25.0	18.0	94.29	74.02	3466.21	245.59	60.6		3466.21
200x30	равнополочный	200.0	200.0		30.0	18.0	111.54	87.56	4019.601	288.57	60.0		4019.601
220x14	равнополочный	220.0	220.0		14.0	21.0	60.38	47.4	2814.36	175.18	68.3		2814.36
220x16	равнополочный	220.0	220.0		16.0	21.0	68.58	53.83	3175.44	198.71	68.0		3175.44
250x16	равнополочный	250.0	250.0		16.0	24.0	78.4	61.55	4717.1	258.43	77.6		4717.1
250x18	равнополочный	250.0	250.0		18.0	24.0	87.72	68.86	5247.24	288.82	77.3		5247.24
250x20	равнополочный	250.0	250.0		20.0	24.0	96.96	76.11	5764.87	318.76	77.1		5764.87
250x22	равнополочный	250.0	250.0		22.0	24.0	106.12	83.31	6270.32	348.26	70.9		6270.32
250x25	равнополочный	250.0	250.0		25.0	24.0	119.71	93.97	7006.39	391.72	76.5		7006.39
250x28	равнополочный	250.0	250.0		28.0	24.0	133.12	104.5	7716.859	434.25	76.1		7716.859
250x30	равнополочный	250.0	250.0		30.0	24.0	141.96	111.44	8176.521	462.11	75.9		8176.521
250x35	равнополочный	250.0	250.0		35.0	24.0	163.71	128.51	9281.05	530.11	75.3		9281.05
5П	с параллельными гранями полок	50.0	32.0	4.4	7.0	6.0	6.16	4.84	22.8	9.1	19.2	5.61	5.95
6.5П	с параллельными гранями полок	65.0	36.0	4.4	7.2	6.0	7.51	5.9	48.8	15.0	25.5	9.02	9.35
8П	с параллельными гранями полок	80.0	40.0	4.5	7.4	6.5	8.98	7.05	89.9	22.5	31.6	13.3	13.9
10П	с параллельными гранями полок	100.0	46.0	4.5	7.6	7.0	10.9	8.59	175.0	34.9	39.9	20.5	22.6
12П	с параллельными гранями полок	120.0	52.0	4.8	7.8	7.5	13.3	10.4	305.0	50.8	47.9	29.7	34.9
14П	с параллельными гранями полок	140.0	58.0	4.9	8.1	8.0	15.6	12.3	493.0	70.4	56.1	40.9	51.5
16П	с параллельными гранями полок	160.0	64.0	5.0	8.4	8.5	18.1	14.2	750.0	93.8	64.4	54.3	72.8
16аП	с параллельными гранями полок	160.0	68.0	5.0	9.0	8.5	19.5	15.3	827.0	103.0	65.1	59.5	90.5
18П	с параллельными гранями полок	180.0	70.0	5.1	8.7	9.0	20.7	16.3	1090.0	121.0	72.6	70.0	100.0
18аП	с параллельными гранями полок	180.0	74.0	5.1	9.3	9.0	22.2	17.4	1200.0	133.0	73.4	76.3	123.0
20П	с параллельными гранями полок	200.0	76.0	5.2	9.0	9.5	23.4	18.4	1530.0	153.0	80.8	88.0	134.0
22П	с параллельными гранями полок	220.0	82.0	5.4	9.5	10.0	26.7	21.0	2120.0	193.0	89.0	111.0	178.0
24П	с параллельными гранями полок	240.0	90.0	5.6	10.0	10.5	30.6	24.0	2910.0	243.0	97.5	139.0	248.0
27П	с параллельными гранями полок	270.0	95.0	6.0	10.5	11.0	35.2	27.7	4180.0	310.0	109.0	178.0	314.0
30П	с параллельными гранями полок	300.0	100.0	6.5	11.0	12.0	40.5	31.8	5830.0	389.0	120.0	224.0	393.0
33П	с параллельными гранями полок	330.0	105.0	7.0	11.7	13.0	46.5	36.5	8010.8	486.0	131.0	281.0	491.0
36П	с параллельными гранями полок	360.0	110.0	7.5	12.6	14.0	53.4	41.9	10850.0	603.0	143.0	350.0	611.0
40П	с параллельными гранями полок	400.0	115.0	8.0	13.5	15.0	61.5	48.3	15260.0	763.0	158.0	445.0	760.0
5У	с уклоном полок	50.0	32.0	4.4	7.0	6.0	6.16	4.84	22.8	9.1	19.2	5.59	5.61
6.5У	с уклоном полок	65.0	36.0	4.4	7.2	6.0	7.51	5.9	48.6	15.0	25.4	9.0	8.7
8У	с уклоном полок	80.0	40.0	4.5	7.4	6.5	8.98	7.05	89.4	22.4	31.6	13.3	12.8
10У	с уклоном полок	100.0	46.0	4.5	7.6	7.0	10.9	8.59	174.0	34.8	39.9	20.4	20.4
12У	с уклоном полок	120.0	52.0	4.8	7.8	7.5	13.3	10.4	304.0	50.6	47.8	29.6	31.2
14У	с уклоном полок	140.0	58.0	4.9	8.1	8.0	15.6	12.3	491.0	70.2	56.0	40.8	45.4
16У	с уклоном полок	160.0	64.0	5.0	8.4	8.5	18.1	14.2	747.0	93.4	64.2	54.1	63.3
16аУ	с уклоном полок	160.0	68.0	5.0	9.0	8.5	19.5	15.3	823.0	103.0	64.9	59.4	78.8
18У	с уклоном полок	180.0	70.0	5.1	8.7	9.0	20.7	16.3	1090.0	121.0	72.4	69.8	86.0
18аУ	с уклоном полок	180.0	74.0	5.1	9.3	9.0	22.2	17.4	1190.0	132.0	73.2	76.1	105.0
20У	с уклоном полок	200.0	76.0	5.2	9.0	9.5	23.4	18.4	1520.0	152.0	80.7	87.8	113.0
22У	с уклоном полок	220.0	82.0	5.4	9.5	10.0	26.7	21.0	2110.0	192.0	88.9	110.0	151.0
24У	с уклоном полок	240.0	90.0	5.6	10.0	10.5	30.6	24.0	2900.0	242.0	97.3	139.0	208.0
27У	с уклоном полок	270.0	95.0	6.0	10.5	11.0	35.2	27.7	4160.0	308.0	109.0	178.0	262.0
30У	с уклоном полок	300.0	100.0	6.5	11.0	12.0	40.5	31.8	5810.0	387.0	120.0	224.0	327.0
33У	с уклоном полок	330.0	105.0	7.0	11.7	13.0	46.5	36.5	7980.0	484.0	131.0	281.0	410.0
36У	с уклоном полок	360.0	110.0	7.5	12.6	14.0	53.4	41.9	10820.0	601.0	142.0	350.0	513.0
40У	с уклоном полок	400.0	115.0	8.0	13.5	15.0	61.5	48.3	15220.0	761.0	157.0	444.0	642.0
5Э	экономичный с параллельными гранями полок	50.0	32.0	4.2	7.0	6.5	6.1	4.79	22.9	9.17	19.4	5.62	6.02
6.5Э	экономичный с параллельными гранями полок	65.0	36.0	4.2	7.2	6.5	7.41	5.82	48.9	15.05	25.7	9.02	9.42
8Э	экономичный с параллельными гранями полок	80.0	40.0	4.2	7.4	7.5	8.82	6.92	90.0	22.5	31.9	13.31	13.93
10Э	экономичный с параллельными гранями полок	100.0	46.0	4.2	7.6	9.0	10.79	8.47	175.9	35.17	40.4	20.55	22.68
12Э	экономичный с параллельными гранями полок	120.0	52.0	4.5	7.8	9.5	13.09	10.24	307.0	51.17	48.4	29.75	35.12
14Э	экономичный с параллельными гранями полок	140.0	58.0	4.6	8.1	10.0	15.41	12.15	495.7	70.81	56.7	40.96	51.76
16Э	экономичный с параллельными гранями полок	160.0	64.0	4.7	8.4	11.0	17.85	14.01	755.5	94.43	65.0	54.41	73.17
18Э	экономичный с параллельными гранями полок	180.0	70.0	4.8	8.7	11.5	20.4	16.01	1097.9	121.99	73.4	70.05	100.51
20Э	экономичный с параллельными гранями полок	200.0	76.0	4.9	9.0	12.0	23.02	18.07	1537.1	153.71	81.7	88.03	134.07
22Э	экономичный с параллельными гранями полок	220.0	82.0	5.1	9.5	13.0	26.36	20.69	2134.2	194.02	90.0	111.0	179.05
24Э	экономичный с параллельными гранями полок	240.0	90.0	5.3	10.0	13.0	30.19	23.69	2927.0	243.92	98.5	139.08	249.03
27Э	экономичный с параллельными гранями полок	270.0	95.0	5.8	10.5	13.0	34.87	27.37	4200.2	311.12	109.7	178.25	316.24
30Э	экономичный с параллельными гранями полок	300.0	100.0	6.3	11.0	13.0	39.94	31.35	5837.1	389.14	120.9	224.0	395.57
33Э	экономичный с параллельными гранями полок	330.0	105.0	6.9	11.7	13.0	46.15	36.14	8021.8	488.17	131.8	281.23	497.02
36Э	экономичный с параллельными гранями полок	360.0	110.0	7.4	12.6	14.0	52.9	41.53	10864.5	603.58	143.3	350.05	618.92
40Э	экономичный с параллельными гранями полок	400.0	115.0	7.9	13.5	15.5	61.11	47.97	15307.9	765.4	158.3	445.41	770.89
12Л	легкой серии с параллельными гранями полок	120.0	30.0	3.0	4.8	7.0	6.39	5.02	135.26	22.54	46.0	13.43	5.02
14Л	легкой серии с параллельными гранями полок	140.0	32.0	3.2	5.6	7.0	7.57	5.94	212.94	30.42	53.1	18.23	6.55
16Л	легкой серии с параллельными гранями полок	160.0	35.0	3.4	5.3	8.0	9.04	7.1	331.96	41.49	60.6	24.84	9.23
18Л	легкой серии с параллельными гранями полок	180.0	40.0	3.6	5.6	8.0	10.81	8.49	503.87	55.98	68.3	33.49	14.64
20Л	легкой серии с параллельными гранями полок	200.0	45.0	3.8	6.0	9.0	12.89	10.12	748.17	74.82	76.2	44.59	22.37
22Л	легкой серии с параллельными гранями полок	220.0	50.0	4.0	6.4	10.0	15.11	11.86	1070.97	97.36	84.2	57.82	32.85
24Л	легкой серии с параллельными гранями полок	240.0	55.0	4.2	6.8	10.0	17.41	13.66	1476.39	123.03	92.1	72.9	46.25
27Л	легкой серии с параллельными гранями полок	270.0	60.0	4.5	7.3	11.0	20.77	16.3	2218.16	164.31	103.3	97.48	65.1
30Л	легкой серии с параллельными гранями полок	300.0	65.0	4.8	7.8	11.0	24.3	19.07	3186.74	212.45	114.5	126.24	89.08
8С	специальный	80.0	45.0	5.5	9.0	9.0	11.8	9.26	115.82	28.95	31.3		22.24
14С	специальный	140.0	58.0	6.0	9.5	9.5	18.51	14.53	563.7	80.5	55.2		53.2
14Са	специальный	140.0	60.0	8.0	9.5	9.5	21.3	16.72	609.1	87.01	53.5		61.02
16С	специальный	160.0	63.0	6.5	10.0	10.0	21.95	17.53	866.2	108.3	62.8		73.3
16Са	специальный	160.0	65.0	8.5	10.0	10.0	25.15	19.74	934.5	116.8	61.0		83.4
18С	специальный	180.0	68.0	7.0	10.5	10.5	25.7	20.2	1272.0	141.0	70.4		98.5
18Са	специальный	180.0	70.0	9.0	10.5	10.5	29.3	23.0	1370.0	152.0	68.4		111.0
18Сб	специальный	180.0	100.0	8.0	10.5	10.5	34.04	26.72	1791.01	199.0	72.5		305.48
20С	специальный	200.0	73.0	7.0	11.0	11.0	28.83	22.63	1780.37	178.04	78.6		128.04
20Са	специальный	200.0	75.0	9.0	11.0	11.0	23.83	25.77	1913.71	191.37	76.4		143.63
20Сб	специальный	200.0	100.0	8.0	11.0	11.0	36.58	28.71	2360.88	236.09	80.3		327.23
24С	специальный	240.0	85.0	9.5	14.0	14.0	44.46	34.9	3841.35	320.11	92.9		268.89
26С	специальный	260.0	65.0	10.0	16.0	15.0	44.09	34.61	4088.0	314.5	96.3		115.6
26Са	специальный	260.0	90.0	10.0	15.0	15.0	50.6	39.72	5130.83	394.68	100.7		343.15
30С	специальный	300.0	85.0	7.5	13.5	13.5	43.88	34.44	6045.43	403.03	117.4		260.74
30Са	специальный	300.0	87.0	9.5	13.5	13.5	49.88	39.15	6495.43	433.03	114.1		288.78
30Сб	специальный	300.0	89.0	11.5	13.5	13.5	55.88	43.86	6945.43	463.03	111.5		315.35
5П	с параллельными гранями полок	50.0	32.0	4.4	7.0	6.0	6.16	4.84	22.8	9.1	19.2	5.61	5.95
6.5П	с параллельными гранями полок	65.0	36.0	4.4	7.2	6.0	7.51	5.9	48.8	15.0	25.5	9.02	9.35
8П	с параллельными гранями полок	80.0	40.0	4.5	7.4	6.5	8.98	7.05	89.9	22.5	31.6	13.3	13.9
10П	с параллельными гранями полок	100.0	46.0	4.5	7.6	7.0	10.9	8.59	175.0	34.9	39.9	20.5	22.6
12П	с параллельными гранями полок	120.0	52.0	4.8	7.8	7.5	13.3	10.4	305.0	50.8	47.9	29.7	34.9
14П	с параллельными гранями полок	140.0	58.0	4.9	8.1	8.0	15.6	12.3	493.0	70.4	56.1	40.9	51.5
16П	с параллельными гранями полок	160.0	64.0	5.0	8.4	8.5	18.1	14.2	750.0	93.8	64.4	54.3	72.8
16aП	с параллельными гранями полок	160.0	68.0	5.0	9.0	8.5	19.5	15.3	827.0	103.0	65.1	59.5	90.5
18П	с параллельными гранями полок	180.0	70.0	5.1	8.7	9.0	20.7	16.3	1090.0	121.0	72.6	70.0	100.0
18aП	с параллельными гранями полок	180.0	74.0	5.1	9.3	9.0	22.2	17.4	1200.0	133.0	73.4	76.3	123.0
20П	с параллельными гранями полок	200.0	76.0	5.2	9.0	9.5	23.4	18.4	1530.0	153.0	80.8	88.0	134.0
22П	с параллельными гранями полок	220.0	82.0	5.4	9.5	10.0	26.7	21.0	2120.0	193.0	89.0	111.0	178.0
24П	с параллельными гранями полок	240.0	90.0	5.6	10.0	10.5	30.6	24.0	2910.0	243.0	97.5	139.0	248.0
27П	с параллельными гранями полок	270.0	95.0	6.0	10.5	11.0	35.2	27.7	4180.0	310.0	109.0	178.0	314.0
30П	с параллельными гранями полок	300.0	100.0	6.5	11.0	12.0	40.5	31.8	5830.0	389.0	120.0	224.0	393.0
33П	с параллельными гранями полок	330.0	105.0	7.0	11.7	13.0	46.5	36.5	8010.8	486.0	131.0	281.0	491.0
36П	с параллельными гранями полок	360.0	110.0	7.5	12.6	14.0	53.4	41.9	10850.0	603.0	143.0	350.0	611.0
40П	с параллельными гранями полок	400.0	115.0	8.0	13.5	15.0	61.5	48.3	15260.0	763.0	158.0	445.0	760.0
5.0	с уклоном полок	50.0	32.0	4.4	7.0	6.0	6.16	4.84	22.8	9.1	19.2	5.59	5.61
6.5	с уклоном полок	65.0	36.0	4.4	7.2	6.0	7.51	5.9	48.6	15.0	25.4	9.0	8.7
8.0	с уклоном полок	80.0	40.0	4.5	7.4	6.5	8.98	7.05	89.4	22.4	31.6	23.3	12.8
10.0	с уклоном полок	100.0	46.0	4.5	7.6	7.0	10.9	8.59	174.0	34.8	39.9	20.4	20.4
12.0	с уклоном полок	120.0	52.0	4.8	7.8	7.5	13.3	10.4	304.0	50.6	47.8	29.6	31.2
14.0	с уклоном полок	140.0	58.0	4.9	8.1	8.0	15.6	12.3	491.0	70.2	56.0	40.8	45.4
16.0	с уклоном полок	160.0	64.0	5.0	8.4	8.5	18.1	14.2	747.0	93.4	64.2	54.1	63.3
16a	с уклоном полок	160.0	68.0	5.0	9.0	8.5	19.5	15.3	823.0	103.0	64.9	59.4	78.8
18.0	с уклоном полок	180.0	70.0	5.1	8.7	9.0	20.7	16.3	1090.0	121.0	72.4	69.8	86.0
18a	с уклоном полок	180.0	74.0	5.1	9.3	9.0	22.2	17.4	1190.0	132.0	73.2	76.1	105.0
20.0	с уклоном полок	200.0	76.0	5.2	9.0	9.5	23.4	18.4	1520.0	152.0	80.7	87.8	113.0
22.0	с уклоном полок	220.0	82.0	5.4	9.5	10.0	26.7	21.0	2110.0	192.0	88.9	110.0	151.0
24.0	с уклоном полок	240.0	90.0	5.6	10.0	10.5	30.6	24.0	2900.0	242.0	97.3	139.0	208.0
27.0	с уклоном полок	270.0	95.0	6.0	10.5	11.0	35.2	27.7	4160.0	308.0	109.0	178.0	262.0
30.0	с уклоном полок	300.0	100.0	6.5	11.0	12.0	40.5	31.8	5810.0	387.0	120.0	224.0	327.0
33.0	с уклоном полок	330.0	105.0	7.0	11.7	13.0	46.5	36.5	7980.0	484.0	131.0	281.0	410.0
36.0	с уклоном полок	360.0	110.0	7.5	12.6	14.0	53.4	41.9	10820.0	601.0	142.0	350.0	513.0
40.0	с уклоном полок	400.0	115.0	8.0	13.5	15.0	61.5	48.3	15220.0	761.0	157.0	444.0	642.0
10.0	с уклоном полок	100.0	55.0	4.5	7.2	7.0	12.0	9.46	198.0	39.7	40.6	23.0	17.9
12.0	с уклоном полок	120.0	64.0	4.8	7.3	7.5	14.7	11.5	350.0	58.4	48.8	33.7	27.9
14.0	с уклоном полок	140.0	73.0	4.9	7.5	8.0	17.4	13.7	572.0	81.7	57.3	46.8	41.9
16.0	с уклоном полок	160.0	81.0	5.0	7.8	8.5	20.2	15.9	873.0	109.0	65.7	62.3	58.6
18.0	с уклоном полок	180.0	90.0	5.1	8.1	9.0	23.4	18.4	1290.0	143.0	74.2	81.4	82.6
20.0	с уклоном полок	200.0	100.0	5.2	8.4	9.5	26.8	21.0	1840.0	184.0	82.8	104.0	115.0
22.0	с уклоном полок	220.0	110.0	5.4	8.7	10.0	30.6	24.0	2550.0	232.0	91.3	131.0	157.0
24.0	с уклоном полок	240.0	115.0	5.6	9.5	10.5	34.8	27.3	3460.0	289.0	99.7	163.0	198.0
27.0	с уклоном полок	270.0	125.0	6.0	9.8	11.0	40.2	31.5	5010.0	371.0	112.0	210.0	260.0
30.0	с уклоном полок	300.0	135.0	6.5	10.2	12.0	46.5	36.5	7080.0	472.0	123.0	268.0	337.0
33.0	с уклоном полок	330.0	140.0	7.0	11.2	13.0	53.8	42.2	9840.0	597.0	135.0	339.0	419.0
36.0	с уклоном полок	360.0	145.0	7.5	12.3	14.0	61.9	48.6	13380.0	743.0	147.0	423.0	516.0
40.0	с уклоном полок	400.0	155.0	8.3	13.0	15.0	72.6	57.0	19062.0	953.0	162.0	545.0	667.0
45.0	с уклоном полок	450.0	160.0	9.0	14.2	16.0	84.7	66.5	27696.0	1231.0	181.0	708.0	808.0
50.0	с уклоном полок	500.0	170.0	10.0	15.2	17.0	100.0	78.5	39727.0	1589.0	199.0	919.0	1043.0
55.0	с уклоном полок	550.0	180.0	11.0	16.5	18.0	118.0	92.6	55962.0	2035.0	218.0	1181.0	1356.0
60.0	с уклоном полок	600.0	190.0	12.0	17.8	20.0	138.0	108.0	76806.0	2560.0	236.0	1491.0	1725.0
8В	с уклоном полок	80.0	45.0	5.5	9.0	9.0	11.8	9.26	115.82	28.95	31.3		22.24
14В	с уклоном полок	140.0	60.0	8.0	9.5	9.5	21.3	16.72	609.1	87.01	53.5		61.02
18В	с уклоном полок	180.0	100.0	8.0	10.5	10.5	34.04	26.72	1791.01	199.0	72.5		305.48
20В	с уклоном полок	200.0	73.0	7.0	11.0	11.0	28.83	22.63	1780.37	178.04	78.6		128.04
20В1	с уклоном полок	200.0	75.0	9.0	11.0	11.0	32.83	25.77	1913.71	191.37	76.4		143.63
20В2	с уклоном полок	200.0	100.0	8.0	11.0	11.0	36.58	28.71	2360.88	236.09	80.3		327.23
26В	с уклоном полок	260.0	90.0	10.0	15.0	15.0	50.6	39.72	5130.83	394.68	100.7		343.15
30В	с уклоном полок	300.0	85.0	7.5	13.5	13.5	43.88	34.44	6045.43	403.03	117.4		260.74
30В1	с уклоном полок	300.0	87.0	9.5	13.5	13.5	49.88	39.15	6495.43	433.03	114.1		288.78
30В2	с уклоном полок	300.0	89.0	11.5	13.5	13.5	53.88	43.86	6945.43	463.03	111.5		315.35
10x10x0.8	квадратная	10.0	10.0		0.8	1.2	0.28	0.22	0.04	0.08	0.372		0.04
10x10x0.9	квадратная	10.0	10.0		0.9	1.35	0.31	0.24	0.04	0.09	0.368		0.04
10x10x1	квадратная	10.0	10.0		1.0	1.5	0.34	0.27	0.05	0.09	0.364		0.05
10x10x1.2	квадратная	10.0	10.0		1.2	1.8	0.39	0.31	0.05	0.1	0.355		0.05
10x10x1.4	квадратная	10.0	10.0		1.4	2.1	0.44	0.35	0.05	0.11	0.346		0.05
15x15x0.8	квадратная	15.0	15.0		0.8	1.2	0.44	0.35	0.15	0.2	0.576		0.15
15x15x0.9	квадратная	15.0	15.0		0.9	1.35	0.49	0.39	0.16	0.21	0.572		0.16
15x15x1	квадратная	15.0	15.0		1.0	1.5	0.54	0.43	0.17	0.23	0.567		0.17
15x15x1.2	квадратная	15.0	15.0		1.2	1.8	0.64	0.5	0.2	0.26	0.559		0.2
15x15x1.4	квадратная	15.0	15.0		1.4	2.1	0.73	0.57	0.22	0.29	0.55		0.22
15x15x1.5	квадратная	15.0	15.0		1.5	2.25	0.77	0.61	0.23	0.31	0.545		0.23
20x20x0.8	квадратная	20.0	20.0		0.8	1.2	0.6	0.47	0.37	0.4	0.78		0.37
20x20x0.9	квадратная	20.0	20.0		0.9	1.35	0.67	0.53	0.4	0.42	0.776		0.4
20x20x1	квадратная	20.0	20.0		1.0	1.5	0.74	0.58	0.44	0.45	0.772		0.44
20x20x1.2	квадратная	20.0	20.0		1.2	1.8	0.89	0.68	0.51	0.51	0.763		0.51
20x20x1.4	квадратная	20.0	20.0		1.4	2.1	1.01	0.79	0.57	0.57	0.754		0.57
20x20x1.5	квадратная	20.0	20.0		1.5	2.25	1.07	0.84	0.6	0.6	0.749		0.6
20x20x2	квадратная	20.0	20.0		2.0	3.0	1.37	1.08	0.72	0.72	0.727		0.72
25x25x0.8	квадратная	25.0	25.0		0.8	1.2	0.76	0.6	0.74	0.59	0.985		0.74
25x25x0.9	квадратная	25.0	25.0		0.9	1.35	0.85	0.67	0.82	0.65	0.98		0.82
25x25x1	квадратная	25.0	25.0		1.0	1.5	0.94	0.74	0.9	0.72	0.976		0.9
25x25x1.2	квадратная	25.0	25.0		1.2	1.8	1.12	0.88	1.04	0.84	0.967		1.04
25x25x1.4	квадратная	25.0	25.0		1.4	2.1	1.29	1.01	1.18	0.945	0.958		1.18
25x25x1.5	квадратная	25.0	25.0		1.5	2.25	1.37	1.08	1.25	1.0	0.953		1.25
25x25x2	квадратная	25.0	25.0		2.0	3.0	1.77	1.39	1.54	1.23	0.931		1.54
25x25x2.5	квадратная	25.0	25.0		2.5	3.75	2.14	1.68	1.77	1.42	0.909		1.77
25x25x3	квадратная	25.0	25.0		3.0	6.0	2.41	1.89	1.84	1.47	0.874		1.84
30x30x0.8	квадратная	30.0	30.0		0.8	1.2	0.92	0.72	1.3	0.87	1.189		1.3
30x30x0.9	квадратная	30.0	30.0		0.9	1.35	1.03	0.81	1.45	0.96	1.184		1.45
30x30x1	квадратная	30.0	30.0		1.0	1.5	1.14	0.897	1.59	1.06	1.18		1.59
30x30x1.2	квадратная	30.0	30.0		1.2	1.8	1.36	1.066	1.86	1.24	1.171		1.86
30x30x1.3	квадратная	30.0	30.0		1.3	1.95	1.46	1.149	1.99	1.33	1.166		1.99
30x30x1.4	квадратная	30.0	30.0		1.4	2.1	1.57	1.231	2.12	1.41	1.162		2.12
30x30x1.5	квадратная	30.0	30.0		1.5	2.25	1.67	1.312	2.24	1.49	1.157		2.24
30x30x2	квадратная	30.0	30.0		2.0	3.0	2.17	1.7	2.8	1.86	1.135		2.8
30x30x2.5	квадратная	30.0	30.0		2.5	3.75	2.64	2.07	3.27	2.18	1.113		3.27
30x30x3	квадратная	30.0	30.0		3.0	6.0	3.01	2.36	3.5	2.34	1.079		3.5
30x30x3.5	квадратная	30.0	30.0		3.5	7.0	3.39	2.66	3.77	2.52	1.054		3.77
30x30x4	квадратная	30.0	30.0		4.0	8.0	3.75	2.94	3.97	2.64	1.029		3.97
35x35x0.8	квадратная	35.0	35.0		0.8	1.2	1.08	0.85	2.1	1.2	1.393		2.1
35x35x0.9	квадратная	35.0	35.0		0.9	1.35	1.21	0.95	2.34	1.34	1.388		2.34
35x35x1.4	квадратная	35.0	35.0		1.4	2.1	1.85	1.45	3.45	1.97	1.366		3.45
35x35x1.5	квадратная	35.0	35.0		1.5	2.25	1.97	1.55	3.65	2.09	1.361		3.65
35x35x2	квадратная	35.0	35.0		2.0	3.0	2.57	2.02	4.61	2.63	1.339		4.61
35x35x2.5	квадратная	35.0	35.0		2.5	3.75	3.14	2.47	5.45	3.11	1.317		5.45
35x35x3	квадратная	35.0	35.0		3.0	6.0	3.61	2.83	5.95	3.4	1.284		5.95
35x35x3.5	квадратная	35.0	35.0		3.5	7.0	4.09	3.21	6.49	3.71	1.259		6.49
35x35x4	квадратная	35.0	35.0		4.0	8.0	4.55	3.57	6.93	3.96	1.234		6.93
35x35x4.5	квадратная	35.0	35.0		4.5	9.0	4.97	3.9	7.26	4.15	1.209		7.26
35x35x5	квадратная	35.0	35.0		5.0	10.0	5.36	4.2	7.5	4.29	1.183		7.5
40x40x1.4	квадратная	40.0	40.0		1.4	2.1	2.13	1.67	5.24	2.62	1.57		5.24
40x40x1.5	квадратная	40.0	40.0		1.5	2.25	2.27	1.78	5.57	2.78	1.565		5.57
40x40x2	квадратная	40.0	40.0		2.0	3.0	2.97	2.33	7.07	3.54	1.543		7.07
40x40x2.5	квадратная	40.0	40.0		2.5	3.75	3.64	2.86	8.42	4.21	1.521		8.42
40x40x3	квадратная	40.0	40.0		3.0	6.0	4.21	3.3	9.32	4.66	1.488		9.32
40x40x3.5	квадратная	40.0	40.0		3.5	7.0	4.79	3.76	10.27	5.14	1.464		10.27
40x40x4	квадратная	40.0	40.0		4.0	8.0	5.35	4.2	11.07	5.54	1.439		11.07
40x40x4.5	квадратная	40.0	40.0		4.5	9.0	5.87	4.61	11.73	5.87	1.414		11.73
40x40x5	квадратная	40.0	40.0		5.0	10.0	6.36	4.99	12.26	6.13	1.389		12.26
40x40x5.5	квадратная	40.0	40.0		5.5	11.0	6.81	5.35	12.66	6.33	1.363		12.66
40x40x6	квадратная	40.0	40.0		6.0	12.0	7.23	5.68	12.94	6.47	1.337		12.94
42x42x3	квадратная	42.0	42.0		3.0	6.0	4.45	3.49	10.97	5.22	1.57		10.97
42x42x3.5	квадратная	42.0	42.0		3.5	7.0	5.07	3.98	12.12	5.77	1.546		12.12
42x42x4	квадратная	42.0	42.0		4.0	8.0	5.67	4.45	13.11	6.24	1.521		13.11
42x42x4.5	квадратная	42.0	42.0		4.5	9.0	6.23	4.89	13.94	6.64	1.496		13.94
42x42x5	квадратная	42.0	42.0		5.0	10.0	6.76	5.3	14.62	6.96	1.471		14.62
42x42x5.5	квадратная	42.0	42.0		5.5	11.0	7.25	5.69	15.15	7.21	1.445		15.15
42x42x6	квадратная	42.0	42.0		6.0	12.0	7.71	6.05	15.55	7.4	1.42		15.55
45x45x2	квадратная	45.0	45.0		2.0	3.0	3.37	2.65	10.29	4.57	1.747		10.29
45x45x3	квадратная	45.0	45.0		3.0	6.0	4.81	3.77	13.78	6.12	1.693		13.78
45x45x3.5	квадратная	45.0	45.0		3.5	7.0	5.49	4.31	15.29	6.8	1.668		15.29
45x45x4	квадратная	45.0	45.0		4.0	8.0	6.15	4.83	16.61	7.38	1.644		16.61
45x45x4.5	квадратная	45.0	45.0		4.5	9.0	6.77	5.31	17.74	7.88	1.619		17.74
45x45x5	квадратная	45.0	45.0		5.0	10.0	7.36	5.77	18.69	8.31	1.594		18.69
45x45x5.5	квадратная	45.0	45.0		5.5	11.0	7.91	6.21	19.47	8.65	1.568		19.47
45x45x6	квадратная	45.0	45.0		6.0	12.0	8.43	6.62	20.09	8.93	1.543		20.09
45x45x6.5	квадратная	45.0	45.0		6.5	16.25	8.56	6.72	18.74	8.33	1.479		18.74
45x45x7	квадратная	45.0	45.0		7.0	17.5	8.96	7.03	18.78	8.35	1.447		18.78
45x45x7.5	квадратная	45.0	45.0		7.5	18.75	9.32	7.32	18.67	8.3	1.415		18.67
45x45x8	квадратная	45.0	45.0		8.0	20.0	9.64	7.57	18.42	8.19	1.381		18.42
50x50x2	квадратная	50.0	50.0		2.0	3.0	3.77	2.96	14.36	5.74	1.951		14.36
50x50x2.5	квадратная	50.0	50.0		2.5	3.75	4.64	3.64	17.27	6.91	1.929		17.27
50x50x3	квадратная	50.0	50.0		3.0	6.0	5.41	4.25	19.47	7.79	1.897		19.47
50x50x3.5	квадратная	50.0	50.0		3.5	7.0	6.19	4.86	21.73	8.69	1.873		21.73
50x50x4	квадратная	50.0	50.0		4.0	8.0	6.95	5.45	23.74	9.49	1.848		23.74
50x50x4.5	квадратная	50.0	50.0		4.5	9.0	7.67	6.02	25.5	10.2	1.823		25.5
50x50x5	квадратная	50.0	50.0		5.0	10.0	8.36	6.56	27.04	10.82	1.799		27.04
50x50x5.5	квадратная	50.0	50.0		5.5	11.0	9.01	7.07	28.35	11.34	1.774		28.35
50x50x6	квадратная	50.0	50.0		6.0	12.0	9.63	7.56	29.45	11.78	1.748		29.45
50x50x6.5	квадратная	50.0	50.0		6.5	16.25	9.86	7.74	28.1	11.24	1.688		28.1
50x50x7	квадратная	50.0	50.0		7.0	17.5	10.36	8.13	28.47	11.39	1.657		28.47
50x50x7.5	квадратная	50.0	50.0		7.5	18.75	10.82	8.49	28.62	11.45	1.626		28.62
50x50x8	квадратная	50.0	50.0		8.0	20.0	11.24	8.83	28.59	11.43	1.594		28.59
55x55x3	квадратная	55.0	55.0		3.0	4.5	6.09	4.78	27.1	9.85	2.11		27.1
60x60x2	квадратная	60.0	60.0		2.0	3.0	4.57	3.59	25.45	8.48	2.359		25.45
60x60x2.5	квадратная	60.0	60.0		2.5	3.75	5.64	4.43	30.82	10.27	2.337		30.82
60x60x3	квадратная	60.0	60.0		3.0	6.0	6.61	5.19	35.13	11.71	2.306		35.13
60x60x3.5	квадратная	60.0	60.0		3.5	7.0	7.59	5.96	39.53	13.18	2.281		39.53
60x60x4	квадратная	60.0	60.0		4.0	8.0	8.55	6.71	43.55	14.52	2.257		43.55
60x60x4.5	квадратная	60.0	60.0		4.5	9.0	9.47	7.43	47.2	15.73	2.233		47.2
60x60x5	квадратная	60.0	60.0		5.0	10.0	10.36	8.13	50.49	16.83	2.208		50.49
60x60x5.5	квадратная	60.0	60.0		5.5	11.0	11.21	8.8	53.45	17.82	2.183		53.45
60x60x6	квадратная	60.0	60.0		6.0	12.0	12.03	9.45	56.07	18.69	2.158		56.07
60x60x6.5	квадратная	60.0	60.0		6.5	16.25	12.46	9.78	55.1	18.37	2.103		55.1
60x60x7	квадратная	60.0	60.0		7.0	17.5	13.16	10.33	56.58	18.86	2.073		56.58
60x60x7.5	квадратная	60.0	60.0		7.5	18.75	13.82	10.85	57.74	19.25	2.044		57.74
60x60x8	квадратная	60.0	60.0		8.0	20.0	14.44	11.34	58.57	19.52	2.013		58.57
70x70x2	квадратная	70.0	70.0		2.0	3.0	5.37	4.22	41.14	11.75	2.768		41.14
70x70x2.5	квадратная	70.0	70.0		2.5	3.75	6.64	5.21	50.06	14.3	2.745		50.06
70x70x3	квадратная	70.0	70.0		3.0	6.0	7.81	6.13	57.53	16.44	2.714		57.53
70x70x3.5	квадратная	70.0	70.0		3.5	7.0	8.99	7.06	65.09	18.6	2.69		65.09
70x70x4	квадратная	70.0	70.0		4.0	8.0	10.15	7.97	72.12	20.61	2.666		72.12
70x70x4.5	квадратная	70.0	70.0		4.5	9.0	11.27	8.85	78.63	22.47	2.641		78.63
70x70x5	квадратная	70.0	70.0		5.0	10.0	12.36	9.7	84.63	24.18	2.617		84.63
70x70x5.5	квадратная	70.0	70.0		5.5	11.0	13.41	10.53	90.14	25.75	2.592		90.14
70x70x6	квадратная	70.0	70.0		6.0	12.0	14.43	11.33	95.17	27.19	2.568		95.17
70x70x6.5	квадратная	70.0	70.0		6.5	16.25	15.06	11.82	95.28	27.22	2.515		95.28
70x70x7	квадратная	70.0	70.0		7.0	17.5	15.96	12.53	98.7	28.2	2.487		98.7
70x70x7.5	квадратная	70.0	70.0		7.5	18.75	16.82	13.2	101.64	29.04	2.458		101.64
70x70x8	квадратная	70.0	70.0		8.0	20.0	17.64	13.85	104.11	29.74	2.429		104.11
80x80x3	квадратная	80.0	80.0		3.0	6.0	9.01	7.07	87.84	21.96	3.123		87.84
80x80x3.5	квадратная	80.0	80.0		3.5	7.0	10.39	8.16	99.8	24.95	3.099		99.8
80x80x4	квадратная	80.0	80.0		4.0	8.0	11.75	9.22	111.04	27.76	3.074		111.04
80x80x4.5	квадратная	80.0	80.0		4.5	9.0	13.07	10.26	121.58	30.4	3.05		121.58
80x80x5	квадратная	80.0	80.0		5.0	10.0	14.36	11.27	131.44	32.86	3.026		131.44
80x80x5.5	квадратная	80.0	80.0		5.5	11.0	15.61	12.25	140.63	35.16	3.001		140.63
80x80x6	квадратная	80.0	80.0		6.0	12.0	16.83	13.21	149.18	37.29	2.977		149.18
80x80x6.5	квадратная	80.0	80.0		6.5	16.25	17.66	13.86	151.25	37.81	2.926		151.25
80x80x7	квадратная	80.0	80.0		7.0	17.5	18.76	14.72	157.61	39.4	2.898		157.61
80x80x7.5	квадратная	80.0	80.0		7.5	18.75	19.82	15.56	163.32	40.83	2.87		163.32
80x80x8	квадратная	80.0	80.0		8.0	20.0	20.84	16.36	168.38	42.09	2.842		168.38
80x80x9	квадратная	80.0	80.0		9.0	22.5	22.97	17.86	183.56	44.41	2.784		183.56
80x80x10	квадратная	80.0	80.0		10.0	25.0	25.76	19.53	198.1	48.03	2.725		198.1
80x80x11	квадратная	80.0	80.0		11.0	33.0	27.21	21.17	203.21	50.16	2.588		203.21
90x90x3	квадратная	90.0	90.0		3.0	6.0	10.21	8.01	127.28	28.29	3.531		127.28
90x90x3.5	квадратная	90.0	90.0		3.5	7.0	11.79	9.26	145.06	32.24	3.507		145.06
90x90x4	квадратная	90.0	90.0		4.0	8.0	13.35	10.48	161.92	35.98	3.483		161.92
90x90x4.5	квадратная	90.0	90.0		4.5	9.0	14.87	11.67	177.87	39.53	3.459		177.87
90x90x5	квадратная	90.0	90.0		5.0	10.0	16.36	12.84	192.93	42.87	3.434		192.93
90x90x5.5	квадратная	90.0	90.0		5.5	11.0	17.81	13.98	207.13	46.03	3.41		207.13
90x90x6	квадратная	90.0	90.0		6.0	12.0	19.23	15.1	220.48	48.99	3.386		220.48
90x90x6.5	квадратная	90.0	90.0		6.5	16.25	20.26	15.9	225.6	50.13	3.337		225.6
90x90x7	квадратная	90.0	90.0		7.0	17.5	21.56	16.92	236.13	52.47	3.309		236.13
90x90x7.5	квадратная	90.0	90.0		7.5	18.75	22.82	17.91	245.79	54.62	3.282		245.79
90x90x8	квадратная	90.0	90.0		8.0	20.0	24.04	18.87	254.59	56.58	3.254		254.59
100x100x3	квадратная	100.0	100.0		3.0	6.0	11.41	8.96	177.05	35.41	3.939		177.05
100x100x3.5	квадратная	100.0	100.0		3.5	7.0	13.19	10.36	202.28	40.46	3.915		202.28
100x100x4	квадратная	100.0	100.0		4.0	8.0	14.95	11.73	226.35	45.27	3.891		226.35
100x100x4.5	квадратная	100.0	100.0		4.5	9.0	16.67	13.08	249.29	49.86	3.867		249.29
100x100x5	квадратная	100.0	100.0		5.0	10.0	18.36	14.41	271.1	54.22	3.843		271.1
100x100x5.5	квадратная	100.0	100.0		5.5	11.0	20.01	15.71	291.82	58.36	3.819		291.82
100x100x6	квадратная	100.0	100.0		6.0	12.0	21.63	16.98	311.47	62.29	3.794		311.47
100x100x6.5	квадратная	100.0	100.0		6.5	16.25	22.86	17.94	320.93	64.19	3.747		320.93
100x100x7	квадратная	100.0	100.0		7.0	17.5	24.36	19.12	337.04	67.41	3.72		337.04
100x100x7.5	квадратная	100.0	100.0		7.5	18.75	25.82	20.27	352.04	70.41	3.692		352.04
100x100x8	квадратная	100.0	100.0		8.0	20.0	27.24	21.39	365.94	73.19	3.665		365.94
100x100x9	квадратная	100.0	100.0		9.0	13.5	31.37	24.62	424.11	84.82	3.679		424.11
110x110x6	квадратная	110.0	110.0		6.0	12.0	24.03	18.87	424.57	77.19	4.203		424.57
110x110x6.5	квадратная	110.0	110.0		6.5	16.25	25.46	19.99	439.85	79.97	4.156		439.85
110x110x7	квадратная	110.0	110.0		7.0	17.5	27.16	21.32	463.15	84.21	4.129		463.15
110x110x7.5	квадратная	110.0	110.0		7.5	18.75	28.82	22.62	485.07	88.2	4.102		485.07
110x110x8	квадратная	110.0	110.0		8.0	20.0	30.44	23.9	505.64	91.93	4.075		505.64
110x110x8.5	квадратная	110.0	110.0		8.5	21.25	32.03	25.14	524.87	95.43	4.048		524.87
110x110x9	квадратная	110.0	110.0		9.0	22.5	33.58	26.36	542.79	98.69	4.02		542.79
120x120x3	квадратная	120.0	120.0		3.0	6.0	13.81	10.84	312.35	52.06	4.756		312.35
120x120x3.5	квадратная	120.0	120.0		3.5	7.0	15.99	12.56	358.17	59.69	4.732		358.17
120x120x4	квадратная	120.0	120.0		4.0	8.0	18.15	14.25	402.28	67.05	4.708		402.28
120x120x4.5	квадратная	120.0	120.0		4.5	9.0	20.27	15.91	444.7	74.12	4.684		444.7
120x120x5	квадратная	120.0	120.0		5.0	10.0	22.36	17.55	485.47	80.91	4.66		485.47
120x120x5.5	квадратная	120.0	120.0		5.5	11.0	24.41	19.16	524.62	87.44	4.636		524.62
120x120x6	квадратная	120.0	120.0		6.0	12.0	26.43	20.75	562.16	93.69	4.612		562.16
120x120x6.5	квадратная	120.0	120.0		6.5	16.25	28.06	22.03	584.95	97.49	4.566		584.95
120x120x7	квадратная	120.0	120.0		7.0	17.5	29.96	23.52	617.26	102.88	4.539		617.26
120x120x7.5	квадратная	120.0	120.0		7.5	18.75	31.82	24.98	647.9	107.98	4.512		647.9
120x120x8	квадратная	120.0	120.0		8.0	20.0	33.64	26.41	676.88	112.81	4.485		676.88
120x120x9	квадратная	120.0	120.0		9.0	13.5	38.57	30.28	778.82	129.8	4.495		778.82
140x140x4	квадратная	140.0	140.0		4.0	8.0	21.35	16.76	651.62	93.09	5.525		651.62
140x140x4.5	квадратная	140.0	140.0		4.5	9.0	23.87	18.74	722.24	103.18	5.501		722.24
140x140x5	квадратная	140.0	140.0		5.0	10.0	26.36	20.69	790.56	112.94	5.477		790.56
140x140x5.5	квадратная	140.0	140.0		5.5	11.0	28.81	22.62	856.61	122.37	5.453		856.61
140x140x6	квадратная	140.0	140.0		6.0	12.0	31.23	24.52	920.43	131.49	5.428		920.43
140x140x6.5	квадратная	140.0	140.0		6.5	16.25	33.26	26.11	964.11	137.73	5.384		964.11
140x140x7	квадратная	140.0	140.0		7.0	17.5	35.56	27.91	1020.68	145.81	5.357		1020.68
140x140x7.5	квадратная	140.0	140.0		7.5	18.75	37.82	29.69	1074.89	153.56	5.331		1074.89
140x140x8	квадратная	140.0	140.0		8.0	20.0	40.04	31.43	1126.77	160.97	5.304		1126.77
140x140x9	квадратная	140.0	140.0		9.0	13.5	45.77	35.93	1290.58	184.37	5.311		1290.58
150x150x4	квадратная	150.0	150.0		4.0	8.0	22.95	18.01	807.82	107.71	5.933		807.82
150x150x4.5	квадратная	150.0	150.0		4.5	9.0	25.67	20.15	896.3	119.51	5.909		896.3
150x150x5	квадратная	150.0	150.0		5.0	10.0	28.36	22.26	982.12	130.95	5.885		982.12
150x150x5.5	квадратная	150.0	150.0		5.5	11.0	31.01	24.34	1065.31	142.04	5.861		1065.31
150x150x6	квадратная	150.0	150.0		6.0	12.0	33.63	26.4	1145.91	152.79	5.837		1145.91
150x150x6.5	квадратная	150.0	150.0		6.5	16.25	35.86	28.15	1203.37	160.45	5.793		1203.37
150x150x7	квадратная	150.0	150.0		7.0	17.5	38.36	30.11	1275.59	170.08	5.766		1275.59
150x150x7.5	квадратная	150.0	150.0		7.5	18.75	40.82	32.04	1345.06	179.34	5.74		1345.06
150x150x8	квадратная	150.0	150.0		8.0	20.0	43.24	33.95	1411.83	188.24	5.714		1411.83
150x150x9	квадратная	150.0	150.0		9.0	13.5	49.37	38.75	1614.37	215.25	5.719		1614.37
150x150x10	квадратная	150.0	150.0		10.0	15.0	54.28	42.61	1747.21	232.96	5.675		1747.21
160x160x4	квадратная	160.0	160.0		4.0	8.0	24.55	19.27	987.17	123.4	6.341		987.17
160x160x4.5	квадратная	160.0	160.0		4.5	9.0	27.47	21.56	1096.29	137.04	6.317		1096.29
160x160x5	квадратная	160.0	160.0		5.0	10.0	30.36	23.83	1202.36	150.29	6.293		1202.36
160x160x5.5	квадратная	160.0	160.0		5.5	11.0	33.21	26.07	1305.41	163.18	6.269		1305.41
160x160x6	квадратная	160.0	160.0		6.0	12.0	36.03	28.29	1405.48	175.69	6.245		1405.48
160x160x6.5	квадратная	160.0	160.0		6.5	16.25	38.46	30.19	1479.21	184.9	6.202		1479.21
160x160x7	квадратная	160.0	160.0		7.0	17.5	41.16	32.31	1569.69	196.21	6.175		1569.69
160x160x7.5	квадратная	160.0	160.0		7.5	18.75	43.82	34.4	1657.02	207.13	6.149		1657.02
160x160x8	квадратная	160.0	160.0		8.0	20.0	46.44	36.46	1741.23	217.65	6.123		1741.23
180x180x3	квадратная	180.0	180.0		3.0	6.0	21.01	16.49	1090.83	121.2	7.206		1090.83
180x180x3.5	квадратная	180.0	180.0		3.5	7.0	24.39	19.15	1258.28	139.81	7.182		1258.28
180x180x4	квадратная	180.0	180.0		4.0	8.0	27.75	21.78	1421.74	157.97	7.158		1421.74
180x180x4.5	квадратная	180.0	180.0		4.5	9.0	31.07	24.39	1581.26	175.7	7.134		1581.26
180x180x5	квадратная	180.0	180.0		5.0	10.0	34.36	26.97	1736.87	192.99	7.11		1736.87
180x180x5.5	квадратная	180.0	180.0		5.5	11.0	37.61	29.52	1888.61	209.85	7.086		1888.61
180x180x6	квадратная	180.0	180.0		6.0	12.0	40.83	32.05	2036.52	226.28	7.062		2036.52
180x180x6.5	квадратная	180.0	180.0		6.5	16.25	43.66	34.27	2151.05	239.01	7.019		2151.05
180x180x7	квадратная	180.0	180.0		7.0	17.5	46.76	36.7	2286.7	254.08	6.993		2286.7
180x180x7.5	квадратная	180.0	180.0		7.5	18.75	49.82	39.11	2418.29	268.7	6.967		2418.29
180x180x8	квадратная	180.0	180.0		8.0	20.0	52.84	41.48	2545.86	282.87	6.941		2545.86
180x180x8.5	квадратная	180.0	180.0		8.5	21.25	55.83	43.83	2669.46	296.61	6.915		2669.46
180x180x9	квадратная	180.0	180.0		9.0	22.5	58.78	46.14	2789.12	309.9	6.888		2789.12
180x180x9.5	квадратная	180.0	180.0		9.5	23.75	61.69	48.43	2904.89	322.77	6.862		2904.89
180x180x10	квадратная	180.0	180.0		10.0	25.0	64.57	50.68	3016.8	335.2	6.835		3016.8
180x180x10.5	квадратная	180.0	180.0		10.5	31.5	66.46	52.17	3045.13	338.35	6.769		3045.13
180x180x11	квадратная	180.0	180.0		11.0	33.0	69.17	54.3	3141.58	349.06	6.739		3141.58
180x180x11.5	квадратная	180.0	180.0		11.5	34.5	71.83	56.39	3233.92	359.32	6.709		3233.92
180x180x12	квадратная	180.0	180.0		12.0	36.0	74.46	58.45	3322.19	369.13	6.679		3322.19
180x180x12.5	квадратная	180.0	180.0		12.5	37.5	77.04	60.48	3406.43	378.49	6.649		3406.43
180x180x13	квадратная	180.0	180.0		13.0	39.0	79.59	62.48	3486.69	387.41	6.618		3486.69
180x180x13.5	квадратная	180.0	180.0		13.5	40.5	82.09	64.44	3562.99	395.89	6.587		3562.99
180x180x14	квадратная	180.0	180.0		14.0	42.0	84.55	66.37	3635.39	403.93	6.556		3635.39
180x180x14.5	квадратная	180.0	180.0		14.5	43.5	86.97	68.27	3703.93	411.55	6.525		3703.93
180x180x15	квадратная	180.0	180.0		15.0	45.0	89.34	70.13	3768.64	418.74	6.494		3768.64
180x180x15.5	квадратная	180.0	180.0		15.5	46.5	91.68	71.97	3829.56	425.51	6.462		3829.56
180x180x16	квадратная	180.0	180.0		16.0	48.0	93.97	73.77	3886.74	431.86	6.43		3886.74
200x200x5	квадратная	200.0	200.0		5.0	10.0	38.36	30.11	2410.09	241.01	7.927		2410.09
200x200x5.5	квадратная	200.0	200.0		5.5	11.0	42.01	32.98	2623.81	262.38	7.903		2623.81
200x200x6	квадратная	200.0	200.0		6.0	12.0	45.63	35.82	2832.75	283.27	7.879		2832.75
200x200x6.5	квадратная	200.0	200.0		6.5	16.25	48.86	38.35	3000.43	300.04	7.836		3000.43
200x200x7	квадратная	200.0	200.0		7.0	17.5	52.36	41.1	3194.1	319.41	7.81		3194.1
200x200x7.5	квадратная	200.0	200.0		7.5	18.75	55.82	43.82	3382.69	338.27	7.784		3382.69
200x200x8	квадратная	200.0	200.0		8.0	20.0	59.24	46.51	3566.25	356.63	7.758		3566.25
200x200x8.5	квадратная	200.0	200.0		8.5	21.25	62.63	49.16	3744.83	374.48	7.732		3744.83
200x200x9	квадратная	200.0	200.0		9.0	22.5	65.98	51.79	3918.45	391.85	7.706		3918.45
200x200x9.5	квадратная	200.0	200.0		9.5	23.75	69.29	54.39	4087.18	408.72	7.68		4087.18
200x200x10	квадратная	200.0	200.0		10.0	25.0	72.57	56.96	4251.06	425.11	7.654		4251.06
200x200x10.5	квадратная	200.0	200.0		10.5	31.5	74.86	58.76	4311.9	431.19	7.589		4311.9
200x200x11	квадратная	200.0	200.0		11.0	33.0	77.97	61.2	4456.51	445.65	7.56		4456.51
200x200x11.5	квадратная	200.0	200.0		11.5	34.5	81.03	63.61	4595.93	459.59	7.53		4595.93
200x200x12	квадратная	200.0	200.0		12.0	36.0	84.06	65.99	4730.22	473.02	7.501		4730.22
250x250x6	квадратная	250.0	250.0		6.0	12.0	57.63	45.24	5672.0	453.76	9.92		5672.0
250x250x6.5	квадратная	250.0	250.0		6.5	16.25	61.86	48.56	6037.1	482.97	9.879		6037.1
250x250x7	квадратная	250.0	250.0		7.0	17.5	66.36	52.09	6442.58	515.41	9.853		6442.58
250x250x7.5	квадратная	250.0	250.0		7.5	18.75	70.82	55.59	6839.93	547.19	9.828		6839.93
250x250x8	квадратная	250.0	250.0		8.0	20.0	75.24	59.07	7229.2	578.34	9.802		7229.2
250x250x8.5	квадратная	250.0	250.0		8.5	21.25	79.63	62.51	7610.46	608.84	9.776		7610.46
250x250x9	квадратная	250.0	250.0		9.0	22.5	83.98	65.92	7983.75	638.7	9.75		7983.75
250x250x9.5	квадратная	250.0	250.0		9.5	23.75	88.29	69.31	8349.14	667.93	9.724		8349.14
250x250x10	квадратная	250.0	250.0		10.0	25.0	92.57	72.66	8706.67	696.53	9.698		8706.67
250x250x10.5	квадратная	250.0	250.0		10.5	31.5	95.86	75.25	8903.75	712.3	9.637		8903.75
250x250x11	квадратная	250.0	250.0		11.0	33.0	99.97	78.47	9230.69	738.46	9.609		9230.69
250x250x11.5	квадратная	250.0	250.0		11.5	34.5	104.03	81.67	9549.22	763.94	9.58		9549.22
250x250x12	квадратная	250.0	250.0		12.0	36.0	108.06	84.83	9859.41	788.75	9.551		9859.41
300x300x4	квадратная	300.0	300.0		4.0	8.0	46.95	36.85	6825.31	455.02	12.057		6825.31
300x300x4.5	квадратная	300.0	300.0		4.5	9.0	52.67	41.34	7626.73	508.45	12.033		7626.73
300x300x5	квадратная	300.0	300.0		5.0	10.0	58.36	45.81	8416.88	561.13	12.01		8416.88
300x300x5.5	квадратная	300.0	300.0		5.5	11.0	64.01	50.25	9195.84	613.06	11.986		9195.84
300x300x6	квадратная	300.0	300.0		6.0	12.0	69.63	54.66	9963.67	664.24	11.962		9963.67
300x300x6.5	квадратная	300.0	300.0		6.5	16.25	74.86	58.76	10638.39	709.23	11.921		10638.39
300x300x7	квадратная	300.0	300.0		7.0	17.5	80.36	63.08	11371.03	758.07	11.895		11371.03
300x300x7.5	квадратная	300.0	300.0		7.5	18.75	85.82	67.37	12091.78	806.12	11.87		12091.78
300x300x8	квадратная	300.0	300.0		8.0	20.0	91.24	71.63	12800.69	853.38	11.844		12800.69
300x300x8.5	квадратная	300.0	300.0		8.5	21.25	96.63	75.85	13497.83	899.86	11.819		13497.83
300x300x9	квадратная	300.0	300.0		9.0	22.5	101.98	80.05	14183.28	945.55	11.793		14183.28
300x300x9.5	квадратная	300.0	300.0		9.5	23.75	107.29	84.22	14857.1	990.47	11.767		14857.1
300x300x10	квадратная	300.0	300.0		10.0	25.0	112.57	88.36	15519.36	1034.62	11.741		15519.36
300x300x10.5	квадратная	300.0	300.0		10.5	31.5	116.86	91.73	15951.2	1063.41	11.683		15951.2
300x300x11	квадратная	300.0	300.0		11.0	33.0	121.97	95.74	16568.95	1104.6	11.655		16568.95
300x300x11.5	квадратная	300.0	300.0		11.5	34.5	127.03	99.72	17174.31	1144.95	11.627		17174.31
300x300x12	квадратная	300.0	300.0		12.0	36.0	132.06	103.67	17767.35	1184.49	11.599		17767.35
300x300x12.5	квадратная	300.0	300.0		12.5	37.5	137.04	107.58	18348.13	1223.21	11.57		18348.13
300x300x13	квадратная	300.0	300.0		13.0	39.0	141.99	111.46	18916.72	1261.11	11.542		18916.72
300x300x13.5	квадратная	300.0	300.0		13.5	40.5	146.89	115.31	19473.18	1298.21	11.513		19473.18
300x300x14	квадратная	300.0	300.0		14.0	42.0	151.75	119.12	20017.59	1334.51	11.485		20017.59
300x300x14.5	квадратная	300.0	300.0		14.5	43.5	156.57	122.9	20550.01	1370.0	11.456		20550.01
300x300x15	квадратная	300.0	300.0		15.0	45.0	161.34	126.65	21070.5	1404.7	11.427		21070.5
300x300x15.5	квадратная	300.0	300.0		15.5	46.5	166.08	130.37	21579.13	1438.61	11.398		21579.13
300x300x16	квадратная	300.0	300.0		16.0	48.0	170.77	134.06	22075.97	1471.73	11.369		22075.97
300x300x16.5	квадратная	300.0	300.0		16.5	49.5	175.42	137.71	22561.08	1504.07	11.34		22561.08
300x300x17	квадратная	300.0	300.0		17.0	51.0	180.04	141.33	23034.53	1535.64	11.31		23034.53
300x300x17.5	квадратная	300.0	300.0		17.5	52.5	184.61	144.92	23496.4	1566.43	11.281		23496.4
300x300x18	квадратная	300.0	300.0		18.0	54.0	189.13	148.47	23946.74	1596.45	11.251		23946.74
300x300x18.5	квадратная	300.0	300.0		18.5	55.5	193.62	151.99	24385.62	1625.71	11.222		24385.62
300x300x19	квадратная	300.0	300.0		19.0	57.0	198.07	155.48	24813.11	1654.21	11.192		24813.11
300x300x20	квадратная	300.0	300.0		20.0	60.0	206.83	162.36	25634.18	1708.95	11.132		25634.18
300x300x21	квадратная	300.0	300.0		21.0	63.0	215.43	169.11	26410.5	1760.7	11.071		26410.5
300x300x22	квадратная	300.0	300.0		22.0	66.0	223.87	175.74	27142.6	1809.51	11.01		27142.6
350x350x5	квадратная	350.0	350.0		5.0	10.0	68.36	53.66	13495.71	771.18	14.051		13495.71
350x350x5.5	квадратная	350.0	350.0		5.5	11.0	75.01	58.88	14759.37	843.39	14.027		14759.37
350x350x6	квадратная	350.0	350.0		6.0	12.0	81.63	64.08	16007.74	914.73	14.003		16007.74
350x350x6.5	квадратная	350.0	350.0		6.5	16.25	87.86	68.97	17129.3	978.82	13.963		17129.3
350x350x7	квадратная	350.0	350.0		7.0	17.5	94.36	74.07	18329.46	1047.4	13.937		18329.46
350x350x7.5	квадратная	350.0	350.0		7.5	18.75	100.82	79.14	19513.23	1115.04	13.912		19513.23
350x350x8	квадратная	350.0	350.0		8.0	20.0	107.24	84.19	20680.7	1181.75	13.887		20680.7
350x350x8.5	квадратная	350.0	350.0		8.5	21.25	113.63	89.2	21831.94	1247.54	13.861		21831.94
350x350x9	квадратная	350.0	350.0		9.0	22.5	119.98	94.18	22967.05	1312.4	13.835		22967.05
350x350x9.5	квадратная	350.0	350.0		9.5	23.75	126.29	99.14	24086.08	1376.35	13.81		24086.08
350x350x10	квадратная	350.0	350.0		10.0	25.0	132.57	104.06	25189.13	1439.38	13.784		25189.13
350x350x10.5	квадратная	350.0	350.0		10.5	31.5	137.86	108.22	25979.25	1484.53	13.727		25979.25
350x350x11	квадратная	350.0	350.0		11.0	33.0	143.97	113.01	27021.3	1544.07	13.7		27021.3
350x350x11.5	квадратная	350.0	350.0		11.5	34.5	150.03	117.78	28046.2	1602.64	13.672		28046.2
350x350x12	квадратная	350.0	350.0		12.0	36.0	156.06	122.51	29054.03	1660.23	13.644		29054.03
350x350x12.5	квадратная	350.0	350.0		12.5	37.5	162.04	127.2	30044.87	1716.85	13.616		30044.87
350x350x13	квадратная	350.0	350.0		13.0	39.0	167.99	131.87	31018.79	1772.5	13.588		31018.79
350x350x13.5	квадратная	350.0	350.0		13.5	40.5	173.89	136.5	31975.88	1827.19	13.56		31975.88
350x350x14	квадратная	350.0	350.0		14.0	42.0	179.75	141.1	32916.21	1880.93	13.532		32916.21
350x350x14.5	квадратная	350.0	350.0		14.5	43.5	185.57	145.67	33839.85	1933.71	13.503		33839.85
350x350x15	квадратная	350.0	350.0		15.0	45.0	191.34	150.2	34746.89	1985.54	13.475		34746.89
350x350x15.5	квадратная	350.0	350.0		15.5	46.5	197.08	154.71	35637.4	2036.42	13.447		35637.4
350x350x16	квадратная	350.0	350.0		16.0	48.0	202.77	159.18	36511.45	2086.37	13.418		36511.45
350x350x16.5	квадратная	350.0	350.0		16.5	49.5	208.42	163.61	37369.14	2135.38	13.389		37369.14
350x350x17	квадратная	350.0	350.0		17.0	51.0	214.04	168.02	38210.53	2183.46	13.36		38210.53
350x350x17.5	квадратная	350.0	350.0		17.5	52.5	219.61	172.39	39035.69	2230.61	13.332		39035.69
350x350x18	квадратная	350.0	350.0		18.0	54.0	225.13	176.73	39844.72	2276.84	13.303		39844.72
350x350x18.5	квадратная	350.0	350.0		18.5	55.5	230.62	181.04	40637.69	2322.15	13.273		40637.69
350x350x19	квадратная	350.0	350.0		19.0	57.0	236.07	185.31	41414.66	2366.55	13.244		41414.66
350x350x20	квадратная	350.0	350.0		20.0	60.0	246.83	193.76	42920.98	2452.63	13.186		42920.98
350x350x21	квадратная	350.0	350.0		21.0	63.0	257.43	202.08	44364.28	2535.1	13.126		44364.28
350x350x22	квадратная	350.0	350.0		22.0	66.0	267.87	210.28	45745.21	2614.01	13.067		45745.21
400x400x6	квадратная	400.0	400.0		6.0	12.0	93.63	73.5	24104.23	1205.21	16.045		24104.23
400x400x6.5	квадратная	400.0	400.0		6.5	16.25	100.86	79.17	25834.82	1291.74	16.004		25834.82
400x400x7	квадратная	400.0	400.0		7.0	17.5	108.36	85.06	27667.85	1383.39	15.979		27667.85
400x400x7.5	квадратная	400.0	400.0		7.5	18.75	115.82	90.92	29479.29	1473.96	15.954		29479.29
400x400x8	квадратная	400.0	400.0		8.0	20.0	123.24	96.75	31269.24	1563.46	15.928		31269.24
400x400x8.5	квадратная	400.0	400.0		8.5	21.25	130.63	102.54	33037.8	1651.89	15.903		33037.8
400x400x9	квадратная	400.0	400.0		9.0	22.5	137.98	108.31	34785.05	1739.25	15.878		34785.05
400x400x9.5	квадратная	400.0	400.0		9.5	23.75	145.29	114.05	36511.08	1825.55	15.852		36511.08
400x400x10	квадратная	400.0	400.0		10.0	25.0	152.57	119.76	38215.98	1910.8	15.827		38215.98
400x400x10.5	квадратная	400.0	400.0		10.5	31.5	158.86	124.7	39512.9	1975.64	15.771		39512.9
400x400x11	квадратная	400.0	400.0		11.0	33.0	165.97	130.28	41137.72	2056.89	15.743		41137.72
400x400x11.5	квадратная	400.0	400.0		11.5	34.5	173.03	135.83	42739.88	2136.99	15.716		42739.88
400x400x12	квадратная	400.0	400.0		12.0	36.0	180.06	141.35	44319.45	2215.97	15.688		44319.45
400x400x12.5	квадратная	400.0	400.0		12.5	37.5	187.04	146.83	45876.53	2293.83	15.661		45876.53
400x400x13	квадратная	400.0	400.0		13.0	39.0	193.99	152.28	47411.2	2370.56	15.633		47411.2
400x400x13.5	квадратная	400.0	400.0		13.5	40.5	200.89	157.7	48923.55	2446.18	15.605		48923.55
400x400x14	квадратная	400.0	400.0		14.0	42.0	207.75	163.08	50413.67	2520.68	15.577		50413.67
400x400x14.5	квадратная	400.0	400.0		14.5	43.5	214.57	168.43	51881.65	2594.08	15.549		51881.65
400x400x15	квадратная	400.0	400.0		15.0	45.0	221.34	173.75	53327.57	2666.38	15.521		53327.57
400x400x15.5	квадратная	400.0	400.0		15.5	46.5	228.08	179.04	54751.52	2737.58	15.493		54751.52
400x400x16	квадратная	400.0	400.0		16.0	48.0	234.77	184.3	56153.6	2807.68	15.465		56153.6
400x400x16.5	квадратная	400.0	400.0		16.5	49.5	241.42	189.52	57533.88	2876.69	15.437		57533.88
400x400x17	квадратная	400.0	400.0		17.0	51.0	248.04	194.71	58892.47	2944.62	15.408		58892.47
400x400x17.5	квадратная	400.0	400.0		17.5	52.5	254.61	199.87	60229.44	3011.47	15.38		60229.44
400x400x18	квадратная	400.0	400.0		18.0	54.0	261.13	204.99	61544.88	3077.24	15.351		61544.88
400x400x18.5	квадратная	400.0	400.0		18.5	55.5	267.62	210.08	62838.88	3141.94	15.323		62838.88
400x400x19	квадратная	400.0	400.0		19.0	57.0	274.07	215.14	64111.54	3205.58	15.294		64111.54
400x400x20	квадратная	400.0	400.0		20.0	60.0	286.83	225.16	66593.17	3329.66	15.236		66593.17
400x400x21	квадратная	400.0	400.0		21.0	63.0	299.43	235.05	68990.47	3449.52	15.178		68990.47
400x400x22	квадратная	400.0	400.0		22.0	66.0	311.87	244.82	71304.15	3565.21	15.12		71304.15
450x450x6	квадратная	450.0	450.0		6.0	12.0	105.63	82.92	34553.13	1535.69	18.086		34553.13
450x450x6.5	квадратная	450.0	450.0		6.5	16.25	113.86	89.38	37079.96	1648.0	18.046		37079.96
450x450x7	квадратная	450.0	450.0		7.0	17.5	122.36	96.05	39736.2	1766.05	18.021		39736.2
450x450x7.5	квадратная	450.0	450.0		7.5	18.75	130.82	102.69	42364.95	1882.89	17.996		42364.95
450x450x8	квадратная	450.0	450.0		8.0	20.0	139.24	109.31	44966.32	1998.5	17.97		44966.32
450x450x8.5	квадратная	450.0	450.0		8.5	21.25	147.63	115.89	47540.39	2112.91	17.945		47540.39
450x450x9	квадратная	450.0	450.0		9.0	22.5	155.98	122.44	50087.28	2226.1	17.919		50087.28
450x450x9.5	квадратная	450.0	450.0		9.5	23.75	164.29	128.97	52607.09	2338.09	17.894		52607.09
450x450x10	квадратная	450.0	450.0		10.0	25.0	172.57	135.46	55099.91	2448.89	17.869		55099.91
450x450x10.5	квадратная	450.0	450.0		10.5	31.5	179.86	141.19	57077.15	2536.76	17.814		57077.15
450x450x11	квадратная	450.0	450.0		11.0	33.0	187.97	147.55	59468.23	2643.03	17.787		59468.23
450x450x11.5	квадратная	450.0	450.0		11.5	34.5	196.03	153.89	61830.36	2748.02	17.759		61830.36
450x450x12	квадратная	450.0	450.0		12.0	36.0	204.06	160.19	64163.62	2851.72	17.732		64163.62
450x450x12.5	квадратная	450.0	450.0		12.5	37.5	212.04	166.45	66468.11	2954.14	17.704		66468.11
450x450x13	квадратная	450.0	450.0		13.0	39.0	219.99	172.69	68743.94	3055.29	17.677		68743.94
450x450x13.5	квадратная	450.0	450.0		13.5	40.5	227.89	178.89	70991.19	3155.16	17.649		70991.19
450x450x14	квадратная	450.0	450.0		14.0	42.0	235.75	185.06	73209.98	3253.78	17.622		73209.98
450x450x14.5	квадратная	450.0	450.0		14.5	43.5	243.57	191.2	75400.39	3351.13	17.594		75400.39
450x450x15	квадратная	450.0	450.0		15.0	45.0	251.34	197.3	77562.54	3447.22	17.566		77562.54
450x450x15.5	квадратная	450.0	450.0		15.5	46.5	259.08	203.38	79696.5	3542.07	17.538		79696.5
450x450x16	квадратная	450.0	450.0		16.0	48.0	266.77	209.42	81802.4	3635.66	17.51		81802.4
450x450x16.5	квадратная	450.0	450.0		16.5	49.5	274.42	215.42	83880.32	3728.01	17.482		83880.32
450x450x17	квадратная	450.0	450.0		17.0	51.0	282.04	221.4	85930.36	3819.13	17.454		85930.36
450x450x17.5	квадратная	450.0	450.0		17.5	52.5	289.61	227.34	87952.62	3909.01	17.426		87952.62
450x450x18	квадратная	450.0	450.0		18.0	54.0	297.13	233.25	89947.21	3997.65	17.398		89947.21
450x450x18.5	квадратная	450.0	450.0		18.5	55.5	304.62	239.13	91914.22	4085.08	17.37		91914.22
450x450x19	квадратная	450.0	450.0		19.0	57.0	312.07	244.97	93853.74	4171.28	17.341		93853.74
450x450x20	квадратная	450.0	450.0		20.0	60.0	326.83	256.56	97650.76	4340.03	17.284		97650.76
450x450x21	квадратная	450.0	450.0		21.0	63.0	341.43	268.02	101339.05	4503.96	17.227		101339.05
450x450x22	квадратная	450.0	450.0		22.0	66.0	355.87	279.36	104919.42	4663.09	17.169		104919.42
500x500x7	квадратная	500.0	500.0		7.0	17.5	136.36	107.04	54884.53	2195.38	20.062		54884.53
500x500x7.5	квадратная	500.0	500.0		7.5	18.75	145.82	114.47	58545.23	2341.81	20.037		58545.23
500x500x8	квадратная	500.0	500.0		8.0	20.0	155.24	121.87	62171.92	2486.88	20.012		62171.92
500x500x8.5	квадратная	500.0	500.0		8.5	21.25	164.63	129.23	65764.72	2630.59	19.987		65764.72
500x500x9	квадратная	500.0	500.0		9.0	22.5	173.98	136.57	69323.75	2772.95	19.961		69323.75
500x500x9.5	квадратная	500.0	500.0		9.5	23.75	183.29	143.88	72849.11	2913.96	19.936		72849.11
500x500x10	квадратная	500.0	500.0		10.0	25.0	192.57	151.16	76340.92	3053.64	19.911		76340.92
500x500x10.5	квадратная	500.0	500.0		10.5	31.5	200.86	157.67	79197.0	3167.88	19.856		79197.0
500x500x11	квадратная	500.0	500.0		11.0	33.0	209.97	164.82	82562.83	3302.51	19.829		82562.83
500x500x11.5	квадратная	500.0	500.0		11.5	34.5	219.03	171.94	85892.64	3435.71	19.802		85892.64
500x500x12	квадратная	500.0	500.0		12.0	36.0	228.06	179.03	89186.53	3567.46	19.775		89186.53
500x500x12.5	квадратная	500.0	500.0		12.5	37.5	237.04	186.08	92444.61	3697.78	19.748		92444.61
500x500x13	квадратная	500.0	500.0		13.0	39.0	245.99	193.1	95667.0	3826.68	19.72		95667.0
500x500x13.5	квадратная	500.0	500.0		13.5	40.5	254.89	200.09	98853.81	3954.15	19.693		98853.81
500x500x14	квадратная	500.0	500.0		14.0	42.0	263.75	207.04	102005.13	4080.21	19.666		102005.13
500x500x14.5	квадратная	500.0	500.0		14.5	43.5	272.57	213.96	105121.09	4204.84	19.638		105121.09
500x500x15	квадратная	500.0	500.0		15.0	45.0	281.34	220.85	108201.79	4328.07	19.61		108201.79
500x500x15.5	квадратная	500.0	500.0		15.5	46.5	290.08	227.71	111247.34	4449.89	19.583		111247.34
500x500x16	квадратная	500.0	500.0		16.0	48.0	298.77	234.54	114257.85	4570.31	19.555		114257.85
500x500x16.5	квадратная	500.0	500.0		16.5	49.5	307.42	241.33	117233.43	4689.34	19.527		117233.43
500x500x17	квадратная	500.0	500.0		17.0	51.0	316.04	248.09	120174.2	4806.97	19.499		120174.2
500x500x17.5	квадратная	500.0	500.0		17.5	52.5	324.61	254.82	123080.25	4923.21	19.472		123080.25
500x500x18	квадратная	500.0	500.0		18.0	54.0	333.13	261.51	125951.71	5038.07	19.444		125951.71
500x500x18.5	квадратная	500.0	500.0		18.5	55.5	341.62	268.17	128788.68	5151.55	19.416		128788.68
500x500x19	квадратная	500.0	500.0		19.0	57.0	350.07	274.8	131591.26	5263.65	19.387		131591.26
500x500x20	квадратная	500.0	500.0		20.0	60.0	366.83	287.96	137093.75	5483.75	19.331		137093.75
500x500x21	квадратная	500.0	500.0		21.0	63.0	383.43	300.99	142460.04	5698.4	19.274		142460.04
500x500x22	квадратная	500.0	500.0		22.0	66.0	399.87	313.9	147691.02	5907.64	19.217		147691.02
15x10x1	прямоугольная	15.0	10.0		1.0	1.5	0.44	0.348	0.13	0.17	0.533		0.07
15x10x1.5	прямоугольная	15.0	10.0		1.5	2.25	0.62	0.488	0.16	0.21	0.509		0.08
15x10x2	прямоугольная	15.0	10.0		2.0	3.0	0.77	0.605	0.18	0.24	0.484		0.09
20x10x1	прямоугольная	20.0	10.0		1.0	1.5	0.54	0.426	0.26	0.26	0.694		0.09
20x10x1.2	прямоугольная	20.0	10.0		1.2	1.8	0.63	0.501	0.29	0.29	0.684		0.1
20x10x1.5	прямоугольная	20.0	10.0		1.5	2.25	0.77	0.606	0.34	0.34	0.668		0.11
20x10x2	прямоугольная	20.0	10.0		2.0	3.0	0.97	0.762	0.4	0.4	0.641		0.12
20x15x1	прямоугольная	20.0	15.0		1.0	1.5	0.64	0.505	0.35	0.35	0.74		0.22
20x15x1.2	прямоугольная	20.0	15.0		1.2	1.8	0.75	0.595	0.4	0.4	0.73		0.25
20x15x1.5	прямоугольная	20.0	15.0		1.5	2.25	0.92	0.723	0.47	0.47	0.716		0.3
20x15x2	прямоугольная	20.0	15.0		2.0	3.0	1.17	0.919	0.56	0.56	0.693		0.35
20x15x2.5	прямоугольная	20.0	15.0		2.5	3.75	1.39	1.093	0.62	0.62	0.669		0.39
25x10x1	прямоугольная	25.0	10.0		1.0	1.5	0.64	0.505	0.47	0.37	0.851		0.11
25x10x1.5	прямоугольная	25.0	10.0		1.5	2.25	0.92	0.723	0.62	0.5	0.823		0.14
25x10x2	прямоугольная	25.0	10.0		2.0	3.0	1.17	0.919	0.74	0.59	0.795		0.16
25x10x2.5	прямоугольная	25.0	10.0		2.5	3.75	1.39	1.093	0.82	0.65	0.766		0.17
25x15x0.8	прямоугольная	25.0	15.0		0.8	1.2	0.6	0.474	0.5	0.4	0.915		0.22
25x15x0.9	прямоугольная	25.0	15.0		0.9	1.35	0.67	0.529	0.55	0.44	0.911		0.25
25x15x1	прямоугольная	25.0	15.0		1.0	1.5	0.74	0.583	0.61	0.49	0.906		0.27
25x15x1.2	прямоугольная	25.0	15.0		1.2	1.8	0.87	0.689	0.7	0.56	0.896		0.31
25x15x1.5	прямоугольная	25.0	15.0		1.5	2.25	1.07	0.841	0.83	0.67	0.881		0.37
25x15x2	прямоугольная	25.0	15.0		2.0	3.0	1.37	1.076	1.0	0.8	0.856		0.44
25x15x2.5	прямоугольная	25.0	15.0		2.5	3.75	1.64	1.29	1.13	0.91	0.831		0.49
28x25x0.8	прямоугольная	28.0	25.0		0.8	1.2	0.81	0.637	0.965	0.68	1.09		0.81
28x25x0.9	прямоугольная	28.0	25.0		0.9	1.35	0.9	0.713	1.07	0.76	1.086		0.898
28x25x1	прямоугольная	28.0	25.0		1.0	1.5	0.99	0.787	1.17	0.83	1.081		0.98
28x25x1.2	прямоугольная	28.0	25.0		1.2	1.8	1.19	0.934	1.37	0.97	1.072		1.15
30x10x1	прямоугольная	30.0	10.0		1.0	1.5	0.74	0.583	0.75	0.5	1.004		0.13
30x10x1.5	прямоугольная	30.0	10.0		1.5	2.25	1.07	0.841	1.02	0.68	0.975		0.16
30x10x2	прямоугольная	30.0	10.0		2.0	3.0	1.37	1.076	1.23	0.82	0.946		0.19
30x10x2.5	прямоугольная	30.0	10.0		2.5	3.75	1.64	1.29	1.38	0.92	0.915		0.2
30x10x3	прямоугольная	30.0	10.0		3.0	6.0	1.81	1.427	1.31	0.87	0.85		0.19
30x15x0.8	прямоугольная	30.0	15.0		0.8	1.2	0.68	0.536	0.79	0.52	1.077		0.26
30x15x0.9	прямоугольная	30.0	15.0		0.9	1.35	0.76	0.6	0.87	0.58	1.072		0.29
30x15x1	прямоугольная	30.0	15.0		1.0	1.5	0.84	0.662	0.96	0.64	1.067		0.32
30x15x1.2	прямоугольная	30.0	15.0		1.2	1.8	0.99	0.783	1.11	0.74	1.057		0.37
30x15x1.5	прямоугольная	30.0	15.0		1.5	2.25	1.22	0.959	1.32	0.88	1.041		0.44
30x15x2	прямоугольная	30.0	15.0		2.0	3.0	1.57	1.233	1.62	1.08	1.015		0.52
30x15x2.5	прямоугольная	30.0	15.0		2.5	3.75	1.89	1.486	1.85	1.23	0.989		0.58
30x15x3	прямоугольная	30.0	15.0		3.0	6.0	2.11	1.652	1.86	1.24	0.938		0.59
30x20x0.8	прямоугольная	30.0	20.0		0.8	1.2	0.76	0.599	0.96	0.64	1.123		0.51
30x20x0.9	прямоугольная	30.0	20.0		0.9	1.35	0.85	0.67	1.07	0.71	1.119		0.57
30x20x1	прямоугольная	30.0	20.0		1.0	1.5	0.94	0.74	1.17	0.78	1.114		0.62
30x20x1.2	прямоугольная	30.0	20.0		1.2	1.8	1.12	0.877	1.36	0.9	1.104		0.72
30x20x1.5	прямоугольная	30.0	20.0		1.5	2.25	1.37	1.077	1.63	1.09	1.09		0.86
30x20x2	прямоугольная	30.0	20.0		2.0	3.0	1.77	1.39	2.01	1.34	1.066		1.05
30x20x2.5	прямоугольная	30.0	20.0		2.5	3.75	2.14	1.682	2.32	1.55	1.041		1.2
30x20x3	прямоугольная	30.0	20.0		3.0	6.0	2.41	1.894	2.41	1.6	0.999		1.25
35x15x0.8	прямоугольная	35.0	15.0		0.8	1.2	0.76	0.598	1.17	0.66	1.236		0.3
35x15x0.9	прямоугольная	35.0	15.0		0.9	1.35	0.85	0.672	1.29	0.73	1.23		0.34
35x15x1	прямоугольная	35.0	15.0		1.0	1.5	0.94	0.749	1.41	0.8	1.225		0.37
35x15x1.2	прямоугольная	35.0	15.0		1.2	1.8	1.12	0.871	1.65	0.94	1.214		0.42
35x15x1.5	прямоугольная	35.0	15.0		1.5	2.25	1.37	1.077	1.97	1.13	1.198		0.5
35x15x2	прямоугольная	35.0	15.0		2.0	3.0	1.77	1.39	2.43	1.39	1.171		0.61
35x15x2.5	прямоугольная	35.0	15.0		2.5	3.75	2.14	1.682	2.8	1.6	1.144		0.68
35x15x3	прямоугольная	35.0	15.0		3.0	6.0	2.41	1.892	2.87	1.64	1.091		0.7
35x15x3.5	прямоугольная	35.0	15.0		3.5	7.0	2.69	2.128	3.0	1.72	1.056		0.72
35x20x0.8	прямоугольная	35.0	20.0		0.8	1.2	0.84	0.662	1.4	0.8	1.288		0.58
35x20x0.9	прямоугольная	35.0	20.0		0.9	1.35	0.94	0.741	1.55	0.88	1.283		0.65
35x20x1	прямоугольная	35.0	20.0		1.0	1.5	1.04	0.819	1.7	0.97	1.278		0.71
35x20x1.2	прямоугольная	35.0	20.0		1.2	1.8	1.24	0.972	1.99	1.14	1.268		0.82
35x20x1.5	прямоугольная	35.0	20.0		1.5	2.25	1.52	1.194	2.39	1.37	1.253		0.99
35x20x2	прямоугольная	35.0	20.0		2.0	3.0	1.97	1.547	2.97	1.7	1.228		1.21
35x20x2.5	прямоугольная	35.0	20.0		2.5	3.75	2.39	1.878	3.46	1.98	1.203		1.39
35x20x3	прямоугольная	35.0	20.0		3.0	6.0	2.71	2.13	3.64	2.08	1.159		1.47
35x20x3.5	прямоугольная	35.0	20.0		3.5	7.0	3.04	2.391	3.88	2.22	1.128		1.55
35x25x1.5	прямоугольная	35.0	25.0		1.5	2.25	1.67	1.312	2.81	1.61	1.297		1.66
35x25x2	прямоугольная	35.0	25.0		2.0	3.0	2.17	1.704	3.52	2.01	1.273		2.07
35x25x2.5	прямоугольная	35.0	25.0		2.5	3.75	2.64	2.075	4.13	2.36	1.249		2.41
35x25x3	прямоугольная	35.0	25.0		3.0	6.0	3.01	2.363	4.41	2.52	1.21		2.57
35x25x3.5	прямоугольная	35.0	25.0		3.5	7.0	3.39	2.66	4.75	2.71	1.183		2.76
35x30x0.8	прямоугольная	35.0	30.0		0.8	1.2	1.0	0.788	1.87	1.07	1.364		1.48
35x30x0.9	прямоугольная	35.0	30.0		0.9	1.35	1.12	0.882	2.08	1.19	1.36		1.64
35x30x1	прямоугольная	35.0	30.0		1.0	1.5	1.24	0.976	2.28	1.3	1.355		1.8
35x30x1.2	прямоугольная	35.0	30.0		1.2	1.8	1.48	1.168	2.68	1.53	1.346		2.11
35x30x1.5	прямоугольная	35.0	30.0		1.5	2.25	1.82	1.431	3.23	1.85	1.332		2.54
35x30x2	прямоугольная	35.0	30.0		2.0	3.0	2.37	1.862	4.06	2.32	1.309		3.19
40x15x2	прямоугольная	40.0	15.0		2.0	3.0	1.97	1.547	3.46	1.73	1.325		0.69
40x15x2.5	прямоугольная	40.0	15.0		2.5	3.75	2.39	1.878	4.02	2.01	1.297		0.78
40x15x3	прямоугольная	40.0	15.0		3.0	6.0	2.71	2.132	4.18	2.09	1.242		0.81
40x15x3.5	прямоугольная	40.0	15.0		3.5	7.0	3.04	2.396	4.43	2.21	1.206		0.84
40x15x4	прямоугольная	40.0	15.0		4.0	8.0	3.35	2.639	4.57	2.28	1.168		0.85
40x20x0.8	прямоугольная	40.0	20.0		0.8	1.2	0.92	0.725	1.94	0.97	1.45		0.66
40x20x0.9	прямоугольная	40.0	20.0		0.9	1.35	1.03	0.811	2.16	1.08	1.445		0.73
40x20x1	прямоугольная	40.0	20.0		1.0	1.5	1.14	0.897	2.37	1.18	1.44		0.8
40x20x1.2	прямоугольная	40.0	20.0		1.2	1.8	1.36	1.07	2.77	1.39	1.429		0.93
40x20x1.5	прямоугольная	40.0	20.0		1.5	2.25	1.67	1.31	3.34	1.67	1.414		1.12
40x20x2	прямоугольная	40.0	20.0		2.0	3.0	2.17	1.704	4.18	2.09	1.388		1.38
40x20x2.5	прямоугольная	40.0	20.0		2.5	3.75	2.64	2.075	4.9	2.45	1.362		1.59
40x20x3	прямоугольная	40.0	20.0		3.0	6.0	3.01	2.36	5.21	2.6	1.316		1.68
40x20x3.5	прямоугольная	40.0	20.0		3.5	7.0	3.39	2.668	5.6	2.8	1.284		1.79
40x20x4	прямоугольная	40.0	20.0		4.0	8.0	3.75	2.946	5.87	2.93	1.251		1.86
40x25x1.5	прямоугольная	40.0	25.0		1.5	2.25	1.82	1.432	3.9	1.95	1.463		1.87
40x25x2	прямоугольная	40.0	25.0		2.0	3.0	2.37	1.861	4.91	2.45	1.438		2.33
40x25x2.5	прямоугольная	40.0	25.0		2.5	3.75	2.89	2.271	5.78	2.89	1.414		2.72
40x25x3	прямоугольная	40.0	25.0		3.0	6.0	3.31	2.604	6.24	3.12	1.373		2.94
40x25x3.5	прямоугольная	40.0	25.0		3.5	7.0	3.74	2.941	6.77	3.38	1.344		3.17
40x25x4	прямоугольная	40.0	25.0		4.0	8.0	4.15	3.26	7.17	3.59	1.315		3.34
40x30x1.5	прямоугольная	40.0	30.0		1.5	2.25	1.97	1.553	4.45	2.23	1.503		2.85
40x30x2	прямоугольная	40.0	30.0		2.0	3.0	2.57	2.018	5.63	2.81	1.48		3.58
40x30x2.5	прямоугольная	40.0	30.0		2.5	3.75	3.14	2.467	6.66	3.33	1.456		4.22
40x30x3	прямоугольная	40.0	30.0		3.0	6.0	3.61	2.837	7.27	3.63	1.419		4.6
40x30x3.5	прямоугольная	40.0	30.0		3.5	7.0	4.09	3.215	7.94	3.97	1.392		5.01
40x30x4	прямоугольная	40.0	30.0		4.0	8.0	4.55	3.571	8.47	4.24	1.365		5.33
45x20x2	прямоугольная	45.0	20.0		2.0	3.0	2.37	1.861	5.66	2.52	1.546		1.54
45x20x2.5	прямоугольная	45.0	20.0		2.5	3.75	2.89	2.271	6.67	2.97	1.519		1.78
45x20x3	прямоугольная	45.0	20.0		3.0	6.0	3.31	2.6	7.15	3.18	1.47		1.9
45x20x3.5	прямоугольная	45.0	20.0		3.5	7.0	3.74	2.949	7.74	3.44	1.438		2.03
45x20x4	прямоугольная	45.0	20.0		4.0	8.0	4.15	3.267	8.18	3.64	1.404		2.12
45x30x2	прямоугольная	45.0	30.0		2.0	3.0	2.77	2.175	7.52	3.34	1.647		3.97
45x30x2.5	прямоугольная	45.0	30.0		2.5	3.75	3.39	2.663	8.93	3.97	1.623		4.69
45x30x3	прямоугольная	45.0	30.0		3.0	6.0	3.91	3.071	9.8	4.36	1.584		5.15
45x30x3.5	прямоугольная	45.0	30.0		3.5	7.0	4.44	3.498	10.76	4.78	1.556		5.63
45x30x4	прямоугольная	45.0	30.0		4.0	8.0	4.95	3.885	11.55	5.13	1.528		6.01
50x25x1.5	прямоугольная	50.0	25.0		1.5	2.25	2.12	1.678	6.77	2.71	1.787		2.28
50x25x2	прямоугольная	50.0	25.0		2.0	3.0	2.77	2.175	8.59	3.44	1.761		2.86
50x25x2.5	прямоугольная	50.0	25.0		2.5	3.75	3.39	2.663	10.22	4.09	1.735		3.36
50x25x3	прямоугольная	50.0	25.0		3.0	6.0	3.91	3.076	11.17	4.47	1.691		3.67
50x25x3.5	прямоугольная	50.0	25.0		3.5	7.0	4.44	3.499	12.25	4.9	1.66		3.98
50x25x4	прямоугольная	50.0	25.0		4.0	8.0	4.95	3.883	13.13	5.25	1.629		4.23
50x30x1.5	прямоугольная	50.0	30.0		1.5	2.25	2.27	1.766	7.65	3.062	1.836		3.46
50x30x2	прямоугольная	50.0	30.0		2.0	3.0	2.97	2.332	9.75	3.9	1.811		4.37
50x30x2.5	прямоугольная	50.0	30.0		2.5	3.75	3.64	2.864	11.63	4.65	1.786		5.17
50x30x3	прямоугольная	50.0	30.0		3.0	6.0	4.21	3.307	12.83	5.13	1.746		5.7
50x30x3.5	прямоугольная	50.0	30.0		3.5	7.0	4.79	3.763	14.15	5.66	1.717		6.24
50x30x4	прямоугольная	50.0	30.0		4.0	8.0	5.35	4.209	15.25	6.1	1.688		6.69
50x30x4.5	прямоугольная	50.0	30.0		4.5	9.0	5.87	4.612	16.16	6.46	1.659		7.05
50x30x5	прямоугольная	50.0	30.0		5.0	10.0	6.36	4.991	16.87	6.75	1.629		7.33
50x35x1.5	прямоугольная	50.0	35.0		1.5	2.25	2.42	1.91	8.54	3.41	1.878		4.92
50x35x2	прямоугольная	50.0	35.0		2.0	3.0	3.17	2.491	10.9	4.36	1.854		6.24
50x35x2.2	прямоугольная	50.0	35.0		2.2	3.3	3.46	2.728	11.78	4.71	1.844		6.73
50x35x2.5	прямоугольная	50.0	35.0		2.5	5.0	3.89	3.094	13.03	5.21	1.819		7.43
50x35x3	прямоугольная	50.0	35.0		3.0	4.5	4.58	3.605	14.95	5.98	1.806		8.47
50x35x3.5	прямоугольная	50.0	35.0		3.5	5.25	5.25	4.127	16.66	6.66	1.782		9.4
50x35x4	прямоугольная	50.0	35.0		4.0	6.0	5.88	4.621	18.17	7.27	1.758		10.2
50x40x2	прямоугольная	50.0	40.0		2.0	3.0	3.37	2.646	12.05	4.82	1.891		8.52
50x40x2.5	прямоугольная	50.0	40.0		2.5	3.75	4.14	3.252	14.45	5.78	1.868		10.18
50x40x3	прямоугольная	50.0	40.0		3.0	6.0	4.81	3.779	16.15	6.46	1.833		11.38
50x40x3.5	прямоугольная	50.0	40.0		3.5	7.0	5.49	4.316	17.94	7.17	1.807		12.61
50x40x4	прямоугольная	50.0	40.0		4.0	8.0	6.15	4.834	19.49	7.8	1.78		13.68
50x40x4.5	прямоугольная	50.0	40.0		4.5	9.0	6.77	5.318	20.83	8.33	1.754		14.58
50x40x5	прямоугольная	50.0	40.0		5.0	10.0	7.36	5.775	21.95	8.78	1.727		15.34
60x20x2	прямоугольная	60.0	20.0		2.0	3.0	2.97	2.334	11.98	3.99	2.008		2.02
60x25x2.5	прямоугольная	60.0	25.0		2.5	3.75	3.89	3.056	16.34	5.45	2.049		3.99
60x25x3	прямоугольная	60.0	25.0		3.0	6.0	4.51	3.54	18.06	6.02	2.001		4.4
60x25x3.5	прямоугольная	60.0	25.0		3.5	7.0	5.14	4.041	19.96	6.65	1.969		4.8
60x25x4	прямоугольная	60.0	25.0		4.0	8.0	5.75	4.515	21.56	7.19	1.937		5.12
60x25x4.5	прямоугольная	60.0	25.0		4.5	9.0	6.32	4.968	22.89	7.63	1.903		5.37
60x25x5	прямоугольная	60.0	25.0		5.0	10.0	6.86	5.383	23.95	7.98	1.869		5.56
60x30x1.5	прямоугольная	60.0	30.0		1.5	2.25	2.57	2.021	11.99	4.0	2.16		4.07
60x30x2	прямоугольная	60.0	30.0		2.0	3.0	3.37	2.646	15.35	5.12	2.134		5.15
60x30x2.5	прямоугольная	60.0	30.0		2.5	3.75	4.14	3.252	18.41	6.14	2.108		6.12
60x30x3	прямоугольная	60.0	30.0		3.0	6.0	4.81	3.77	20.5	6.83	2.065		6.8
60x30x3.5	прямоугольная	60.0	30.0		3.5	7.0	5.49	4.311	22.75	7.58	2.035		7.48
60x30x4	прямоугольная	60.0	30.0		4.0	8.0	6.15	4.838	24.7	8.23	2.004		8.06
60x30x4.5	прямоугольная	60.0	30.0		4.5	9.0	6.77	5.312	26.36	8.79	1.973		8.53
60x30x5	прямоугольная	60.0	30.0		5.0	10.0	7.36	5.777	27.74	9.25	1.942		8.91
60x30x5.5	прямоугольная	60.0	30.0		5.5	11.0	7.91	6.213	28.86	9.62	1.91		9.2
60x30x6	прямоугольная	60.0	30.0		6.0	12.0	8.43	6.626	29.71	9.9	1.877		9.41
60x40x1.5	прямоугольная	60.0	40.0		1.5	2.25	2.87	2.254	14.56	4.85	2.252		7.79
60x40x2	прямоугольная	60.0	40.0		2.0	3.0	3.77	2.96	18.72	6.24	2.228		9.97
60x40x2.5	прямоугольная	60.0	40.0		2.5	3.75	4.64	3.645	22.55	7.52	2.204		11.94
60x40x3	прямоугольная	60.0	40.0		3.0	6.0	5.41	4.255	25.38	8.46	2.166		13.44
60x40x3.5	прямоугольная	60.0	40.0		3.5	7.0	6.19	4.86	28.35	9.45	2.139		14.95
60x40x4	прямоугольная	60.0	40.0		4.0	8.0	6.95	5.451	30.99	10.33	2.112		16.28
60x40x4.5	прямоугольная	60.0	40.0		4.5	9.0	7.67	6.029	33.31	11.1	2.084		17.44
60x40x5	прямоугольная	60.0	40.0		5.0	10.0	8.36	6.562	35.33	11.78	2.056		18.43
60x40x5.5	прямоугольная	60.0	40.0		5.5	11.0	9.01	7.077	37.05	12.35	2.028		19.26
60x40x6	прямоугольная	60.0	40.0		6.0	12.0	9.63	7.563	38.5	12.83	1.999		19.95
70x30x3	прямоугольная	70.0	30.0		3.0	6.0	5.41	4.258	30.57	8.74	2.378		7.9
70x30x3.5	прямоугольная	70.0	30.0		3.5	7.0	6.19	4.864	34.11	9.74	2.346		8.72
70x30x4	прямоугольная	70.0	30.0		4.0	8.0	6.95	5.456	37.23	10.64	2.315		9.42
70x30x4.5	прямоугольная	70.0	30.0		4.5	9.0	7.67	6.025	39.95	11.42	2.282		10.01
70x30x5	прямоугольная	70.0	30.0		5.0	10.0	8.36	6.561	42.3	12.08	2.25		10.49
70x30x5.5	прямоугольная	70.0	30.0		5.5	11.0	9.01	7.07	44.27	12.65	2.216		10.88
70x30x6	прямоугольная	70.0	30.0		6.0	12.0	9.63	7.562	45.88	13.11	2.182		11.18
70x40x3	прямоугольная	70.0	40.0		3.0	6.0	6.01	4.722	37.31	10.66	2.492		15.5
70x40x3.5	прямоугольная	70.0	40.0		3.5	7.0	6.89	5.416	41.85	11.96	2.464		17.29
70x40x4	прямоугольная	70.0	40.0		4.0	8.0	7.75	6.089	45.95	13.13	2.435		18.88
70x40x4.5	прямоугольная	70.0	40.0		4.5	9.0	8.57	6.73	49.62	14.18	2.406		20.29
70x40x5	прямоугольная	70.0	40.0		5.0	10.0	9.36	7.346	52.88	15.11	2.377		21.51
70x40x5.5	прямоугольная	70.0	40.0		5.5	11.0	10.11	7.945	55.73	15.92	2.348		22.56
70x40x6	прямоугольная	70.0	40.0		6.0	12.0	10.83	8.504	58.2	16.63	2.318		23.45
70x50x2	прямоугольная	70.0	50.0		2.0	3.0	4.57	3.588	31.89	9.11	2.641		18.97
70x50x2.5	прямоугольная	70.0	50.0		2.5	3.75	5.64	4.43	38.66	11.05	2.618		22.92
70x50x3	прямоугольная	70.0	50.0		3.0	6.0	6.61	5.197	44.05	12.59	2.582		26.1
70x50x3.5	прямоугольная	70.0	50.0		3.5	7.0	7.59	5.963	49.6	14.17	2.555		29.31
70x50x4	прямоугольная	70.0	50.0		4.0	8.0	8.55	6.718	54.67	15.62	2.529		32.22
70x50x4.5	прямоугольная	70.0	50.0		4.5	9.0	9.47	7.432	59.29	16.94	2.502		34.85
70x50x5	прямоугольная	70.0	50.0		5.0	10.0	10.36	8.139	63.46	18.13	2.475		37.2
70x50x5.5	прямоугольная	70.0	50.0		5.5	11.0	11.21	8.801	67.2	19.2	2.448		39.3
70x50x6	прямоугольная	70.0	50.0		6.0	12.0	12.03	9.45	70.52	20.15	2.421		41.14
80x40x2	прямоугольная	80.0	40.0		2.0	3.0	4.57	3.588	37.9	9.48	2.879		12.86
80x40x2.5	прямоугольная	80.0	40.0		2.5	3.75	5.64	4.43	45.95	11.49	2.854		15.47
80x40x3	прямоугольная	80.0	40.0		3.0	6.0	6.61	5.195	52.25	13.06	2.812		17.56
80x40x3.5	прямоугольная	80.0	40.0		3.5	7.0	7.59	5.964	58.81	14.7	2.783		19.63
80x40x4	прямоугольная	80.0	40.0		4.0	8.0	8.55	6.716	64.79	16.2	2.753		21.49
80x40x4.5	прямоугольная	80.0	40.0		4.5	9.0	9.47	7.433	70.22	17.56	2.723		23.14
80x40x5	прямоугольная	80.0	40.0		5.0	10.0	10.36	8.137	75.11	18.78	2.693		24.59
80x40x5.5	прямоугольная	80.0	40.0		5.5	11.0	11.21	8.802	79.47	19.87	2.662		25.86
80x40x6	прямоугольная	80.0	40.0		6.0	12.0	12.03	9.459	83.32	20.83	2.631		26.96
80x40x6.5	прямоугольная	80.0	40.0		6.5	16.25	12.46	9.781	80.83	20.21	2.547		26.47
80x40x7	прямоугольная	80.0	40.0		7.0	17.5	13.16	10.33	82.78	20.69	2.508		27.02
80x50x3	прямоугольная	80.0	50.0		3.0	4.5	7.28	5.72	62.35	15.58	2.926		29.88
80x50x3.5	прямоугольная	80.0	50.0		3.5	5.6	8.4	6.591	70.69	17.67	2.898		33.72
80x50x4	прямоугольная	80.0	50.0		4.0	6.4	9.48	7.449	78.68	19.62	2.873		37.26
80x60x2	прямоугольная	80.0	60.0		2.0	3.0	5.37	4.216	50.07	12.52	3.053		32.18
80x60x2.5	прямоугольная	80.0	60.0		2.5	3.75	6.64	5.215	60.97	15.24	3.03		39.09
80x60x3	прямоугольная	80.0	60.0		3.0	6.0	7.81	6.13	70.05	17.51	2.995		44.89
80x60x3.5	прямоугольная	80.0	60.0		3.5	7.0	8.99	7.065	79.3	19.83	2.969		50.72
80x60x4	прямоугольная	80.0	60.0		4.0	8.0	10.15	7.976	87.92	21.98	2.943		56.12
80x60x4.5	прямоугольная	80.0	60.0		4.5	9.0	11.27	8.854	95.9	23.98	2.917		61.09
80x60x5	прямоугольная	80.0	60.0		5.0	10.0	12.36	9.707	103.28	25.82	2.891		65.66
80x60x5.5	прямоугольная	80.0	60.0		5.5	11.0	13.41	10.53	110.05	27.51	2.864		69.84
80x60x6	прямоугольная	80.0	60.0		6.0	12.0	14.43	11.33	116.25	29.06	2.838		73.63
80x60x6.5	прямоугольная	80.0	60.0		6.5	16.25	15.06	11.82	116.04	29.01	2.775		73.8
80x60x7	прямоугольная	80.0	60.0		7.0	17.5	15.96	12.53	120.2	30.05	2.744		76.36
80x70x3	прямоугольная	80.0	70.0		3.0	6.0	8.41	6.608	78.94	19.74	3.064		64.26
80x70x3.5	прямоугольная	80.0	70.0		3.5	7.0	9.69	7.612	89.55	22.39	3.039		72.84
80x70x4	прямоугольная	80.0	70.0		4.0	8.0	10.95	8.599	99.48	24.87	3.014		80.84
80x70x4.5	прямоугольная	80.0	70.0		4.5	9.0	12.17	9.551	108.74	27.19	2.989		88.3
80x70x5	прямоугольная	80.0	70.0		5.0	10.0	13.36	10.48	117.36	29.34	2.964		95.21
80x70x5.5	прямоугольная	80.0	70.0		5.5	11.0	14.51	11.39	125.34	31.34	2.939		101.61
80x70x6	прямоугольная	80.0	70.0		6.0	12.0	15.63	12.27	132.71	33.18	2.913		107.5
80x70x6.5	прямоугольная	80.0	70.0		6.5	16.25	16.36	12.84	133.64	33.41	2.858		108.43
80x70x7	прямоугольная	80.0	70.0		7.0	17.5	17.36	13.63	138.91	34.73	2.828		112.65
90x40x3.5	прямоугольная	90.0	40.0		3.5	5.6	8.4	6.59	81.64	18.14	3.114		22.36
90x40x4	прямоугольная	90.0	40.0		4.0	6.4	9.48	7.44	90.61	20.13	3.086		24.59
90x40x5	прямоугольная	90.0	40.0		5.0	8.0	11.57	9.08	106.7	23.71	3.031		28.42
90x40x6	прямоугольная	90.0	40.0		6.0	9.6	13.54	10.63	120.43	26.75	2.975		31.48
90x40x7	прямоугольная	90.0	40.0		7.0	14.0	15.4	12.09	125.75	29.3	2.875		33.81
90x50x3	прямоугольная	90.0	50.0		3.0	6.0	7.81	6.13	81.85	18.19	3.238		32.74
90x50x3.5	прямоугольная	90.0	50.0		3.5	7.0	8.99	7.062	92.66	20.59	3.21		36.89
90x50x4	прямоугольная	90.0	50.0		4.0	8.0	10.15	7.974	102.71	22.82	3.181		40.71
90x50x4.5	прямоугольная	90.0	50.0		4.5	9.0	11.27	8.855	112.02	24.89	3.153		44.2
90x50x5	прямоугольная	90.0	50.0		5.0	10.0	12.36	9.706	120.6	26.8	3.124		47.37
90x50x5.5	прямоугольная	90.0	50.0		5.5	11.0	13.41	10.53	128.48	28.55	3.095		50.25
90x50x6	прямоугольная	90.0	50.0		6.0	12.0	14.43	11.33	135.66	30.15	3.066		52.83
90x50x6.5	прямоугольная	90.0	50.0		6.5	16.25	15.06	11.82	134.77	29.95	2.991		52.89
90x50x7	прямоугольная	90.0	50.0		7.0	17.5	15.96	12.53	139.45	30.99	2.956		54.58
90x60x3	прямоугольная	90.0	60.0		3.0	6.0	8.41	6.603	93.21	20.71	3.329		49.77
90x60x3.5	прямоугольная	90.0	60.0		3.5	7.0	9.69	7.618	105.76	23.5	3.303		56.31
90x60x4	прямоугольная	90.0	60.0		4.0	8.0	10.95	8.591	117.51	26.11	3.276		62.4
90x60x4.5	прямоугольная	90.0	60.0		4.5	9.0	12.17	9.559	128.48	28.55	3.249		68.04
90x60x5	прямоугольная	90.0	60.0		5.0	10.0	13.36	10.48	138.68	30.82	3.222		73.24
90x60x5.5	прямоугольная	90.0	60.0		5.5	11.0	14.51	11.39	148.14	32.92	3.195		78.03
90x60x6	прямоугольная	90.0	60.0		6.0	12.0	15.63	12.27	156.87	34.86	3.167		82.42
90x60x6.5	прямоугольная	90.0	60.0		6.5	16.25	16.36	12.84	157.48	35.0	3.102		83.14
90x60x7	прямоугольная	90.0	60.0		7.0	17.5	17.36	13.63	163.62	36.36	3.07		86.25
100x40x3	прямоугольная	100.0	40.0		3.0	6.0	7.81	6.13	92.34	18.47	3.439		21.67
100x40x3.5	прямоугольная	100.0	40.0		3.5	7.0	8.99	7.066	104.46	20.89	3.408		24.31
100x40x4	прямоугольная	100.0	40.0		4.0	8.0	10.15	7.975	115.7	23.14	3.376		26.69
100x40x4.5	прямоугольная	100.0	40.0		4.5	9.0	11.27	8.854	126.07	25.21	3.345		28.84
100x40x5	прямоугольная	100.0	40.0		5.0	10.0	12.36	9.707	135.6	27.12	3.313		30.76
100x40x5.5	прямоугольная	100.0	40.0		5.5	11.0	13.41	10.53	144.31	28.86	3.28		32.46
100x40x6	прямоугольная	100.0	40.0		6.0	12.0	14.43	11.33	152.21	30.44	3.247		33.96
100x40x6.5	прямоугольная	100.0	40.0		6.5	16.25	15.06	11.82	150.18	30.04	3.157		33.85
100x40x7	прямоугольная	100.0	40.0		7.0	17.5	15.96	12.53	155.07	31.01	3.117		34.76
100x50x3	прямоугольная	100.0	50.0		3.0	6.0	8.41	6.602	106.46	21.29	3.558		36.06
100x50x3.5	прямоугольная	100.0	50.0		3.5	7.0	9.69	7.619	120.76	24.15	3.529		40.68
100x50x4	прямоугольная	100.0	50.0		4.0	8.0	10.95	8.591	134.14	26.83	3.5		44.95
100x50x4.5	прямоугольная	100.0	50.0		4.5	9.0	12.17	9.55	146.61	29.32	3.471		48.87
100x50x5	прямоугольная	100.0	50.0		5.0	10.0	13.36	10.48	158.19	31.64	3.441		52.45
100x50x5.5	прямоугольная	100.0	50.0		5.5	11.0	14.51	11.39	168.89	33.78	3.411		55.72
100x50x6	прямоугольная	100.0	50.0		6.0	12.0	15.63	12.27	178.75	35.75	3.381		58.67
100x50x6.5	прямоугольная	100.0	50.0		6.5	16.25	16.36	12.84	178.64	35.73	3.304		59.08
100x50x7	прямоугольная	100.0	50.0		7.0	17.5	17.36	13.63	185.4	37.08	3.268		61.11
100x60x3	прямоугольная	100.0	60.0		3.0	6.0	9.01	7.073	120.57	24.11	3.658		54.65
100x60x3.5	прямоугольная	100.0	60.0		3.5	7.0	10.39	8.167	137.07	27.41	3.631		61.91
100x60x4	прямоугольная	100.0	60.0		4.0	8.0	11.75	9.222	152.58	30.52	3.604		68.68
100x60x4.5	прямоугольная	100.0	60.0		4.5	9.0	13.07	10.26	167.14	33.43	3.576		74.98
100x60x5	прямоугольная	100.0	60.0		5.0	10.0	14.36	11.27	180.77	36.15	3.548		80.83
100x60x5.5	прямоугольная	100.0	60.0		5.5	11.0	15.61	12.25	193.48	38.7	3.52		86.23
100x60x6	прямоугольная	100.0	60.0		6.0	12.0	16.83	13.21	205.3	41.06	3.492		91.2
100x60x6.5	прямоугольная	100.0	60.0		6.5	16.25	17.66	13.86	207.1	41.42	3.424		92.49
100x60x7	прямоугольная	100.0	60.0		7.0	17.5	18.76	14.72	215.73	43.15	3.391		96.14
100x70x4	прямоугольная	100.0	70.0		4.0	6.0	12.68	9.968	174.4	34.87	3.708		99.9
100x70x5	прямоугольная	100.0	70.0		5.0	7.5	15.58	12.22	208.5	41.71	3.66		118.8
100x70x6	прямоугольная	100.0	70.0		6.0	9.0	18.34	14.4	239.2	47.85	3.612		135.6
100x70x7	прямоугольная	100.0	70.0		7.0	10.5	21.0	16.48	266.6	53.32	3.565		150.5
110x40x4	прямоугольная	110.0	40.0		4.0	8.0	10.95	8.591	148.56	27.01	3.683		29.29
110x40x4.5	прямоугольная	110.0	40.0		4.5	9.0	12.17	9.559	162.22	29.49	3.651		31.69
110x40x5	прямоугольная	110.0	40.0		5.0	10.0	13.36	10.48	174.87	31.79	3.618		33.84
110x40x5.5	прямоугольная	110.0	40.0		5.5	11.0	14.51	11.39	186.51	33.91	3.585		35.77
110x40x6	прямоугольная	110.0	40.0		6.0	12.0	15.63	12.27	197.18	35.85	3.551		37.47
110x40x6.5	прямоугольная	110.0	40.0		6.5	16.25	16.36	12.84	195.82	35.6	3.459		37.54
110x40x7	прямоугольная	110.0	40.0		7.0	17.5	17.36	13.63	202.83	36.88	3.418		38.63
110x50x4	прямоугольная	110.0	50.0		4.0	8.0	11.75	9.221	171.04	31.1	3.815		49.19
110x50x4.5	прямоугольная	110.0	50.0		4.5	9.0	13.07	10.26	187.28	34.05	3.785		53.54
110x50x5	прямоугольная	110.0	50.0		5.0	10.0	14.36	11.27	202.45	36.81	3.755		57.54
110x50x5.5	прямоугольная	110.0	50.0		5.5	11.0	15.61	12.25	216.57	39.38	3.724		61.19
110x50x6	прямоугольная	110.0	50.0		6.0	12.0	16.83	13.21	229.66	41.76	3.693		64.52
110x50x6.5	прямоугольная	110.0	50.0		6.5	16.25	17.66	13.86	230.69	41.94	3.614		65.28
110x50x7	прямоугольная	110.0	50.0		7.0	17.5	18.76	14.72	240.02	43.64	3.577		67.64
110x60x4	прямоугольная	110.0	60.0		4.0	8.0	12.55	9.852	193.52	35.19	3.927		74.96
110x60x4.5	прямоугольная	110.0	60.0		4.5	9.0	13.97	10.97	212.34	38.61	3.899		81.93
110x60x5	прямоугольная	110.0	60.0		5.0	10.0	15.36	12.05	230.03	41.82	3.87		88.41
110x60x5.5	прямоугольная	110.0	60.0		5.5	11.0	16.71	13.12	246.63	44.84	3.841		94.42
110x60x6	прямоугольная	110.0	60.0		6.0	12.0	18.03	14.16	262.15	47.66	3.813		99.99
110x60x6.5	прямоугольная	110.0	60.0		6.5	16.25	18.96	14.88	265.55	48.28	3.742		101.84
110x7	прямоугольная	110.0	60.0		7.0	17.5	20.16	15.82	277.21	50.4	3.708		106.03
120x40x3	прямоугольная	120.0	40.0		3.0	6.0	9.01	7.07	148.04	24.67	4.054		25.79
120x40x3.5	прямоугольная	120.0	40.0		3.5	7.0	10.39	8.167	168.1	28.02	4.021		28.98
120x40x4	прямоугольная	120.0	40.0		4.0	8.0	11.75	9.229	186.89	31.15	3.988		31.9
120x40x4.5	прямоугольная	120.0	40.0		4.5	9.0	13.07	10.26	204.46	34.08	3.955		34.54
120x40x5	прямоугольная	120.0	40.0		5.0	10.0	14.36	11.27	220.81	36.8	3.922		36.93
120x40x5.5	прямоугольная	120.0	40.0		5.5	11.0	15.61	12.25	235.97	39.33	3.888		39.07
120x40x6	прямоугольная	120.0	40.0		6.0	12.0	16.83	13.21	249.97	41.66	3.853		40.97
120x40x6.5	прямоугольная	120.0	40.0		6.5	16.25	17.66	13.86	249.65	41.61	3.759		41.24
120x40x7	прямоугольная	120.0	40.0		7.0	17.5	18.76	14.72	259.27	43.21	3.717		42.5
120x40x8	прямоугольная	120.0	40.0		8.0	16.0	19.21	17.11	261.14	43.52	3.711		43.25
120x60x3	прямоугольная	120.0	60.0		3.0	6.0	10.21	8.016	189.12	31.52	4.304		64.4
120x60x3.5	прямоугольная	120.0	60.0		3.5	7.0	11.79	9.268	215.61	35.94	4.275		73.09
120x60x4	прямоугольная	120.0	60.0		4.0	8.0	13.35	10.48	240.74	40.12	4.247		81.25
120x60x4.5	прямоугольная	120.0	60.0		4.5	9.0	14.87	11.67	264.52	44.09	4.218		88.87
120x60x5	прямоугольная	120.0	60.0		5.0	10.0	16.36	12.84	286.97	47.83	4.189		95.99
120x60x5.5	прямоугольная	120.0	60.0		5.5	11.0	17.81	13.98	308.13	51.36	4.159		102.62
120x60x6	прямоугольная	120.0	60.0		6.0	12.0	19.23	15.1	328.01	54.67	4.129		108.77
120x60x6.5	прямоугольная	120.0	60.0		6.5	16.25	20.26	15.9	333.47	55.58	4.057		111.19
120x60x7	прямоугольная	120.0	60.0		7.0	17.5	21.56	16.92	348.77	58.13	4.022		115.92
120x60x8	прямоугольная	120.0	60.0		8.0	16.0	24.22	18.74	355.18	61.09	4.009		122.19
120x80x3	прямоугольная	120.0	80.0		3.0	6.0	11.41	8.96	230.2	38.37	4.492		123.43
120x80x3.5	прямоугольная	120.0	80.0		3.5	7.0	13.19	10.36	263.13	43.86	4.466		140.8
120x80x4	прямоугольная	120.0	80.0		4.0	8.0	14.95	11.73	294.59	49.1	4.439		157.29
120x80x4.5	прямоугольная	120.0	80.0		4.5	9.0	16.67	13.08	324.58	54.1	4.413		172.95
120x80x5	прямоугольная	120.0	80.0		5.0	10.0	18.36	14.41	353.14	58.86	4.386		187.78
120x80x5.5	прямоугольная	120.0	80.0		5.5	11.0	20.01	15.71	380.29	63.38	4.359		201.8
120x80x6	прямоугольная	120.0	80.0		6.0	12.0	21.63	16.98	406.06	67.68	4.332		215.03
120x80x6.5	прямоугольная	120.0	80.0		6.5	16.25	22.86	17.94	417.3	69.55	4.272		221.66
120x80x7	прямоугольная	120.0	80.0		7.0	17.5	24.36	19.12	438.27	73.04	4.241		232.45
120x80x8	прямоугольная	120.0	80.0		8.0	16.0	26.34	21.31	450.98	79.19	4.223		248.34
140x60x3	прямоугольная	140.0	60.0		3.0	6.0	11.41	8.965	278.08	39.73	4.937		74.16
140x60x3.5	прямоугольная	140.0	60.0		3.5	7.0	13.19	10.36	317.75	45.39	4.907		84.28
140x60x4	прямоугольная	140.0	60.0		4.0	8.0	14.95	11.73	355.59	50.8	4.877		93.81
140x60x4.5	прямоугольная	140.0	60.0		4.5	9.0	16.67	13.08	391.63	55.95	4.847		102.77
140x60x5	прямоугольная	140.0	60.0		5.0	10.0	18.36	14.41	425.89	60.84	4.817		111.16
140x60x5.5	прямоугольная	140.0	60.0		5.5	11.0	20.01	15.71	458.4	65.49	4.786		119.01
140x60x6	прямоугольная	140.0	60.0		6.0	12.0	21.63	16.98	489.19	69.88	4.755		126.34
140x60x6.5	прямоугольная	140.0	60.0		6.5	16.25	22.86	17.94	500.37	71.48	4.678		129.88
140x60x7	прямоугольная	140.0	60.0		7.0	17.5	24.36	19.12	524.93	74.99	4.642		135.69
140x60x8	прямоугольная	140.0	60.0		8.0	12.0	28.34	22.25	621.5	88.78	4.684		154.9
140x80x5	прямоугольная	140.0	80.0		5.0	7.5	20.57	16.15	527.3	75.33	5.063		219.2
140x80x6	прямоугольная	140.0	80.0		6.0	9.0	24.34	19.11	611.7	87.39	5.014		252.6
140x80x7	прямоугольная	140.0	80.0		7.0	10.5	28.0	21.98	689.6	98.51	4.964		282.8
140x80x8	прямоугольная	140.0	80.0		8.0	12.0	31.54	24.76	761.1	108.7	4.913		310.1
140x100x4	прямоугольная	140.0	100.0		4.0	8.0	18.15	14.25	503.61	71.94	5.268		300.12
140x100x4.5	прямоугольная	140.0	100.0		4.5	9.0	20.27	15.91	556.93	79.56	5.242		331.43
140x100x5	прямоугольная	140.0	100.0		5.0	10.0	22.36	17.55	608.23	86.89	5.216		361.44
140x100x5.5	прямоугольная	140.0	100.0		5.5	11.0	24.41	19.16	657.51	93.93	5.19		390.17
140x100x6	прямоугольная	140.0	100.0		6.0	12.0	26.43	20.75	704.81	100.69	5.164		417.65
140x100x6.5	прямоугольная	140.0	100.0		6.5	16.25	28.06	22.03	732.24	104.61	5.108		434.76
140x100x7	прямоугольная	140.0	100.0		7.0	17.5	29.96	23.52	772.81	110.4	5.079		458.36
140x120x4	прямоугольная	140.0	120.0		4.0	8.0	19.75	15.5	577.61	82.52	5.408		456.12
140x120x4.5	прямоугольная	140.0	120.0		4.5	9.0	22.07	17.32	639.59	91.37	5.383		504.76
140x120x5	прямоугольная	140.0	120.0		5.0	10.0	24.36	19.12	699.39	99.91	5.359		551.64
140x120x5.5	прямоугольная	140.0	120.0		5.5	11.0	26.61	20.89	757.06	108.15	5.334		596.78
140x120x6	прямоугольная	140.0	120.0		6.0	12.0	28.83	22.63	812.62	116.09	5.309		640.21
140x120x6.5	прямоугольная	140.0	120.0		6.5	16.25	30.66	24.07	848.18	121.17	5.259		668.78
140x120x7	прямоугольная	140.0	120.0		7.0	17.5	32.76	25.71	896.74	128.11	5.232		706.76
140x120x7.5	прямоугольная	140.0	120.0		7.5	18.75	34.82	27.33	943.08	134.73	5.204		742.96
140x120x8	прямоугольная	140.0	120.0		8.0	20.0	36.84	28.92	987.21	141.03	5.176		777.4
140x120x9	прямоугольная	140.0	120.0		9.0	13.5	42.17	33.1	1135.0	162.3	5.191		889.9
150x50x3	прямоугольная	150.0	50.0		3.0	6.0	11.41	8.962	298.55	39.81	5.116		52.65
150x50x3.5	прямоугольная	150.0	50.0		3.5	7.0	13.19	10.36	340.98	45.46	5.083		59.64
150x50x4	прямоугольная	150.0	50.0		4.0	8.0	14.95	11.73	381.39	50.85	5.051		66.16
150x50x4.5	прямоугольная	150.0	50.0		4.5	9.0	16.67	13.08	419.82	55.98	5.018		72.23
150x50x5	прямоугольная	150.0	50.0		5.0	10.0	18.36	14.41	456.29	60.84	4.985		77.87
150x50x5.5	прямоугольная	150.0	50.0		5.5	11.0	20.01	15.71	490.83	65.44	4.952		83.09
150x50x6	прямоугольная	150.0	50.0		6.0	12.0	21.63	16.98	523.47	69.8	4.919		87.89
150x50x6.5	прямоугольная	150.0	50.0		6.5	16.25	22.86	17.94	533.67	71.16	4.831		90.06
150x50x7	прямоугольная	150.0	50.0		7.0	17.5	24.36	19.12	559.3	74.57	4.791		93.75
150x80x6	прямоугольная	150.0	80.0		6.0	12.0	25.23	19.81	710.2	94.69	5.305		264.42
150x80x6.5	прямоугольная	150.0	80.0		6.5	16.25	26.76	21.01	734.58	97.94	5.239		274.47
150x80x7	прямоугольная	150.0	80.0		7.0	17.5	28.56	22.42	774.19	103.22	5.206		288.58
150x80x7.5	прямоугольная	150.0	80.0		7.5	18.75	30.32	23.8	811.53	108.2	5.173		301.79
150x80x8	прямоугольная	150.0	80.0		8.0	20.0	32.04	25.15	846.64	112.89	5.14		314.13
150x80x8.5	прямоугольная	150.0	80.0		8.5	21.25	33.73	26.48	879.55	117.27	5.106		325.61
150x80x9	прямоугольная	150.0	80.0		9.0	22.5	35.38	27.77	910.29	121.37	5.072		336.26
150x80x9.5	прямоугольная	150.0	80.0		9.5	23.75	36.99	29.04	938.88	125.18	5.037		346.1
150x80x10	прямоугольная	150.0	80.0		10.0	25.0	38.57	30.27	965.36	128.71	5.002		355.14
150x100x4	прямоугольная	150.0	100.0		4.0	8.0	18.95	14.87	594.6	79.28	5.602		318.56
150x100x4.5	прямоугольная	150.0	100.0		4.5	9.0	21.17	16.62	658.06	87.74	5.575		351.96
150x100x5	прямоугольная	150.0	100.0		5.0	10.0	23.36	18.33	719.2	95.89	5.549		384.02
150x100x5.5	прямоугольная	150.0	100.0		5.5	11.0	25.51	20.03	778.07	103.74	5.522		414.75
150x100x6	прямоугольная	150.0	100.0		6.0	12.0	27.63	21.69	834.69	111.29	5.496		444.19
150x100x6.5	прямоугольная	150.0	100.0		6.5	16.25	29.36	23.05	868.52	115.8	5.439		463.22
150x100x7	прямоугольная	150.0	100.0		7.0	17.5	31.36	24.62	917.44	122.33	5.409		488.68
150x100x7.5	прямоугольная	150.0	100.0		7.5	18.75	33.32	26.16	963.97	128.53	5.378		512.82
150x100x8	прямоугольная	150.0	100.0		8.0	20.0	35.24	27.67	1008.13	134.42	5.348		535.65
150x100x8.5	прямоугольная	150.0	100.0		8.5	21.25	37.13	29.15	1049.95	139.99	5.317		557.2
150x100x9	прямоугольная	150.0	100.0		9.0	22.5	38.98	30.6	1089.46	145.26	5.286		577.49
150x100x9.5	прямоугольная	150.0	100.0		9.5	23.75	40.79	32.02	1126.7	150.23	5.255		596.56
150x100x10	прямоугольная	150.0	100.0		10.0	25.0	42.57	33.41	1161.7	154.89	5.224		614.41
150x130x4	прямоугольная	150.0	130.0		4.0	8.0	21.35	16.76	722.53	96.34	5.818		580.49
150x130x4.5	прямоугольная	150.0	130.0		4.5	9.0	23.87	18.74	801.0	106.8	5.793		643.21
150x130x5	прямоугольная	150.0	130.0		5.0	10.0	26.36	20.69	876.95	116.93	5.768		703.84
150x130x5.5	прямоугольная	150.0	130.0		5.5	11.0	28.81	22.62	950.41	126.72	5.743		762.42
150x130x6	прямоугольная	150.0	130.0		6.0	12.0	31.23	24.52	1021.42	136.19	5.719		818.97
150x130x6.5	прямоугольная	150.0	130.0		6.5	16.25	33.26	26.11	1069.43	142.59	5.67		858.07
150x130x7	прямоугольная	150.0	130.0		7.0	17.5	35.56	27.91	1132.33	150.98	5.643		908.19
150x130x7.5	прямоугольная	150.0	130.0		7.5	18.75	37.82	29.69	1192.62	159.02	5.615		956.19
150x130x8	прямоугольная	150.0	130.0		8.0	20.0	40.04	31.43	1250.35	166.71	5.588		1002.1
160x40x3	прямоугольная	160.0	40.0		3.0	6.0	11.41	8.96	315.9	39.49	5.262		34.02
160x40x3.5	прямоугольная	160.0	40.0		3.5	7.0	13.19	10.36	360.54	45.07	5.227		38.34
160x40x4	прямоугольная	160.0	40.0		4.0	8.0	14.95	11.73	402.98	50.37	5.192		42.31
160x40x4.5	прямоугольная	160.0	40.0		4.5	9.0	16.67	13.08	443.24	55.41	5.156		45.94
160x40x5	прямоугольная	160.0	40.0		5.0	10.0	18.36	14.41	481.36	60.17	5.121		49.26
160x40x5.5	прямоугольная	160.0	40.0		5.5	11.0	20.01	15.71	517.36	64.67	5.084		52.27
160x40x6	прямоугольная	160.0	40.0		6.0	12.0	21.63	16.98	551.27	68.91	5.048		54.99
160x40x6.5	прямоугольная	160.0	40.0		6.5	16.25	22.86	17.94	559.74	69.97	4.948		56.01
160x40x7	прямоугольная	160.0	40.0		7.0	17.5	24.36	19.12	585.83	73.23	4.904		57.97
160x80x4	прямоугольная	160.0	80.0		4.0	8.0	18.15	14.25	597.71	74.71	5.739		203.54
160x80x4.5	прямоугольная	160.0	80.0		4.5	9.0	20.27	15.91	660.92	82.62	5.71		224.31
160x80x5	прямоугольная	160.0	80.0		5.0	10.0	22.36	17.55	721.69	90.21	5.681		244.11
160x80x5.5	прямоугольная	160.0	80.0		5.5	11.0	24.41	19.16	780.04	97.51	5.653		262.96
160x80x6	прямоугольная	160.0	80.0		6.0	12.0	26.43	20.75	836.01	104.5	5.624		280.89
160x80x6.5	прямоугольная	160.0	80.0		6.5	16.25	28.06	22.03	866.23	108.28	5.556		292.07
160x80x7	прямоугольная	160.0	80.0		7.0	17.5	29.96	23.52	913.78	114.22	5.522		307.28
160x100x4	прямоугольная	160.0	100.0		4.0	8.0	19.75	15.5	695.08	86.88	5.933		337.01
160x100x4.5	прямоугольная	160.0	100.0		4.5	9.0	22.07	17.32	769.77	96.22	5.906		372.5
160x100x5	прямоугольная	160.0	100.0		5.0	10.0	24.36	19.12	841.86	105.23	5.879		406.6
160x100x5.5	прямоугольная	160.0	100.0		5.5	11.0	26.61	20.89	911.38	113.92	5.852		439.34
160x100x6	прямоугольная	160.0	100.0		6.0	12.0	28.83	22.63	978.38	122.3	5.825		470.74
160x100x6.5	прямоугольная	160.0	100.0		6.5	16.25	30.66	24.07	1019.48	127.43	5.766		491.68
160x100x7	прямоугольная	160.0	100.0		7.0	17.5	32.76	25.71	1077.76	134.72	5.736		519.01
160x100x7.5	прямоугольная	160.0	100.0		7.5	18.75	34.82	27.33	1133.33	141.67	5.705		544.98
160x100x8	прямоугольная	160.0	100.0		8.0	20.0	36.84	28.92	1186.23	148.28	5.674		569.59
160x120x4	прямоугольная	160.0	120.0		4.0	8.0	21.35	16.76	792.44	99.06	6.093		509.97
160x120x4.5	прямоугольная	160.0	120.0		4.5	9.0	23.87	18.74	878.61	109.83	6.067		564.83
160x120x5	прямоугольная	160.0	120.0		5.0	10.0	26.36	20.69	962.02	120.25	6.041		617.81
160x120x5.5	прямоугольная	160.0	120.0		5.5	11.0	28.81	22.62	1042.72	130.34	6.016		668.94
160x120x6	прямоугольная	160.0	120.0		6.0	12.0	31.23	24.52	1120.74	140.09	5.99		718.25
160x120x6.5	прямоугольная	160.0	120.0		6.5	16.25	33.26	26.11	1172.72	146.59	5.938		752.6
160x120x7	прямоугольная	160.0	120.0		7.0	17.5	35.56	27.91	1241.74	155.22	5.909		796.26
160x120x7.5	прямоугольная	160.0	120.0		7.5	18.75	37.82	29.69	1307.89	163.49	5.88		838.02
160x120x8	прямоугольная	160.0	120.0		8.0	20.0	40.04	31.43	1371.23	171.4	5.851		877.92
160x140x4	прямоугольная	160.0	140.0		4.0	8.0	22.95	18.01	889.81	111.23	6.227		725.62
160x140x4.5	прямоугольная	160.0	140.0		4.5	9.0	25.67	20.15	987.45	123.43	6.202		804.89
160x140x5	прямоугольная	160.0	140.0		5.0	10.0	28.36	22.26	1082.19	135.27	6.178		881.73
160x140x5.5	прямоугольная	160.0	140.0		5.5	11.0	31.01	24.34	1174.07	146.76	6.153		956.16
160x140x6	прямоугольная	160.0	140.0		6.0	12.0	33.63	26.4	1263.11	157.89	6.128		1028.23
160x140x6.5	прямоугольная	160.0	140.0		6.5	16.25	35.86	28.15	1325.97	165.75	6.081		1080.05
160x140x7	прямоугольная	160.0	140.0		7.0	17.5	38.36	30.11	1405.71	175.71	6.053		1144.62
160x140x7.5	прямоугольная	160.0	140.0		7.5	18.75	40.82	32.04	1482.46	185.31	6.026		1206.7
160x140x8	прямоугольная	160.0	140.0		8.0	20.0	43.24	33.95	1556.23	194.53	5.999		1266.34
180x60x4	прямоугольная	180.0	60.0		4.0	8.0	18.15	14.25	678.19	75.35	6.113		118.94
180x60x4.5	прямоугольная	180.0	60.0		4.5	9.0	20.27	15.91	749.47	83.27	6.081		130.55
180x60x5	прямоугольная	180.0	60.0		5.0	10.0	22.36	17.55	817.87	90.87	6.048		141.49
180x60x5.5	прямоугольная	180.0	60.0		5.5	11.0	24.41	19.16	883.42	98.16	6.015		151.8
180x60x6	прямоугольная	180.0	60.0		6.0	12.0	26.43	20.75	946.15	105.13	5.983		161.47
180x60x6.5	прямоугольная	180.0	60.0		6.5	16.25	28.06	22.03	976.52	108.5	5.899		167.28
180x60x7	прямоугольная	180.0	60.0		7.0	17.5	29.96	23.52	1028.99	114.33	5.86		175.25
180x60x7.5	прямоугольная	180.0	60.0		7.5	18.75	31.82	24.98	1078.41	119.82	5.821		182.61
180x60x8	прямоугольная	180.0	60.0		8.0	20.0	33.64	26.41	1124.81	124.98	5.782		189.39
180x80x4	прямоугольная	180.0	80.0		4.0	8.0	19.75	15.5	802.12	89.12	6.373		226.67
180x80x4.5	прямоугольная	180.0	80.0		4.5	9.0	22.07	17.32	888.1	98.68	6.344		249.99
180x80x5	прямоугольная	180.0	80.0		5.0	10.0	24.36	19.12	971.03	107.89	6.314		272.28
180x80x5.5	прямоугольная	180.0	80.0		5.5	11.0	26.61	20.89	1050.95	116.77	6.284		293.54
180x80x6	прямоугольная	180.0	80.0		6.0	12.0	28.83	22.63	1127.88	125.32	6.254		313.82
180x80x6.5	прямоугольная	180.0	80.0		6.5	16.25	30.66	24.07	1172.27	130.25	6.183		327.28
180x80x7	прямоугольная	180.0	80.0		7.0	17.5	32.76	25.71	1238.61	137.62	6.149		344.7
180x80x7.5	прямоугольная	180.0	80.0		7.5	18.75	34.82	27.33	1301.73	144.64	6.114		361.13
180x80x8	прямоугольная	180.0	80.0		8.0	20.0	36.84	28.92	1361.65	151.29	6.079		376.59
180x80x8.5	прямоугольная	180.0	80.0		8.5	21.25	38.83	30.48	1418.41	157.6	6.043		391.1
180x80x9	прямоугольная	180.0	80.0		9.0	22.5	40.78	32.01	1472.06	163.56	6.008		404.68
180x80x9.5	прямоугольная	180.0	80.0		9.5	23.75	42.69	33.51	1522.62	169.18	5.971		417.35
180x80x10	прямоугольная	180.0	80.0		10.0	25.0	44.57	34.98	1570.13	174.46	5.935		429.14
180x80x10.5	прямоугольная	180.0	80.0		10.5	26.25	46.4	36.43	1614.63	179.4	5.898		440.07
180x80x11	прямоугольная	180.0	80.0		11.0	27.5	48.21	37.84	1656.14	184.02	5.861		450.16
180x80x11.5	прямоугольная	180.0	80.0		11.5	28.75	49.97	39.23	1694.71	188.3	5.823		459.43
180x80x12	прямоугольная	180.0	80.0		12.0	30.0	51.7	40.58	1730.36	192.26	5.784		467.9
180x100x4	прямоугольная	180.0	100.0		4.0	8.0	21.35	16.76	926.04	102.89	6.586		373.89
180x100x4.5	прямоугольная	180.0	100.0		4.5	9.0	23.87	18.74	1026.73	114.08	6.559		413.57
180x100x5	прямоугольная	180.0	100.0		5.0	10.0	26.36	20.69	1124.2	124.91	6.531		451.77
180x100x5.5	прямоугольная	180.0	100.0		5.5	11.0	28.81	22.62	1218.48	135.39	6.503		488.51
180x100x6	прямоугольная	180.0	100.0		6.0	12.0	31.23	24.52	1309.61	145.51	6.475		523.83
180x100x6.5	прямоугольная	180.0	100.0		6.5	16.25	33.26	26.11	1368.03	152.0	6.413		548.59
180x100x7	прямоугольная	180.0	100.0		7.0	17.5	35.56	27.91	1448.23	160.91	6.382		579.67
180x100x7.5	прямоугольная	180.0	100.0		7.5	18.75	37.82	29.69	1525.04	169.45	6.35		609.29
180x100x8	прямоугольная	180.0	100.0		8.0	20.0	40.04	31.43	1598.49	177.61	6.318		637.47
180x100x8.5	прямоугольная	180.0	100.0		8.5	21.25	42.23	33.15	1668.62	185.4	6.285		664.25
180x100x9	прямоугольная	180.0	100.0		9.0	22.5	44.38	34.84	1735.47	192.83	6.253		689.65
180x100x9.5	прямоугольная	180.0	100.0		9.5	23.75	46.49	36.5	1799.07	199.9	6.22		713.7
180x100x10	прямоугольная	180.0	100.0		10.0	25.0	48.57	38.12	1859.47	206.61	6.187		736.41
180x100x10.5	прямоугольная	180.0	100.0		10.5	26.25	50.6	39.72	1916.68	212.96	6.154		757.82
180x100x11	прямоугольная	180.0	100.0		11.0	27.5	52.61	41.3	1970.75	218.97	6.12		777.95
180x100x11.5	прямоугольная	180.0	100.0		11.5	28.75	54.57	42.84	2021.73	224.64	6.086		796.83
180x100x12	прямоугольная	180.0	100.0		12.0	30.0	56.5	44.35	2069.63	229.96	6.052		814.47
180x120x4	прямоугольная	180.0	120.0		4.0	8.0	22.95	18.01	1049.97	116.66	6.764		563.81
180x120x4.5	прямоугольная	180.0	120.0		4.5	9.0	25.67	20.15	1165.36	129.48	6.738		624.89
180x120x5	прямоугольная	180.0	120.0		5.0	10.0	28.36	22.26	1277.37	141.93	6.712		683.97
180x120x5.5	прямоугольная	180.0	120.0		5.5	11.0	31.01	24.34	1386.01	154.0	6.685		741.1
180x120x6	прямоугольная	180.0	120.0		6.0	12.0	33.63	26.4	1491.34	165.7	6.659		796.3
180x120x6.5	прямоугольная	180.0	120.0		6.5	16.25	35.86	28.15	1563.78	173.75	6.603		836.43
180x120x7	прямоугольная	180.0	120.0		7.0	17.5	38.36	30.11	1657.85	184.21	6.574		885.75
180x120x7.5	прямоугольная	180.0	120.0		7.5	18.75	40.82	32.04	1748.35	194.26	6.544		933.08
180x120x8	прямоугольная	180.0	120.0		8.0	20.0	43.24	33.95	1835.33	203.93	6.514		978.44
180x140x4	прямоугольная	180.0	140.0		4.0	8.0	24.55	19.27	1173.89	130.43	6.915		799.63
180x140x4.5	прямоугольная	180.0	140.0		4.5	9.0	27.47	21.56	1304.0	144.89	6.89		887.54
180x140x5	прямоугольная	180.0	140.0		5.0	10.0	30.36	23.83	1430.53	158.95	6.865		972.89
180x140x5.5	прямоугольная	180.0	140.0		5.5	11.0	33.21	26.07	1553.54	172.62	6.839		1055.72
180x140x6	прямоугольная	180.0	140.0		6.0	12.0	36.03	28.29	1673.07	185.9	6.814		1136.04
180x140x6.5	прямоугольная	180.0	140.0		6.5	16.25	38.46	30.19	1759.54	195.5	6.764		1195.99
180x140x7	прямоугольная	180.0	140.0		7.0	17.5	41.16	32.31	1867.46	207.5	6.736		1268.55
180x140x7.5	прямоугольная	180.0	140.0		7.5	18.75	43.82	34.4	1971.66	219.07	6.708		1338.51
180x140x8	прямоугольная	180.0	140.0		8.0	20.0	46.44	36.46	2072.18	230.24	6.679		1405.9
180x150x8	прямоугольная	180.0	150.0		8.0	20.0	48.04	37.71	2190.6	243.4	6.752		1654.06
180x150x8.5	прямоугольная	180.0	150.0		8.5	21.25	50.73	39.82	2294.15	254.91	6.724		1731.52
180x150x9	прямоугольная	180.0	150.0		9.0	22.5	53.38	41.9	2394.0	266.0	6.697		1806.15
180x150x9.5	прямоугольная	180.0	150.0		9.5	23.75	55.99	43.95	2490.21	276.69	6.669		1877.97
180x150x10	прямоугольная	180.0	150.0		10.0	25.0	58.57	45.97	2582.8	286.98	6.64		1947.03
180x150x10.5	прямоугольная	180.0	150.0		10.5	26.25	61.1	47.97	2671.81	296.87	6.612		2013.35
180x150x11	прямоугольная	180.0	150.0		11.0	27.5	63.61	49.93	2757.29	306.37	6.584		2076.97
180x150x11.5	прямоугольная	180.0	150.0		11.5	28.75	66.07	51.86	2839.27	315.47	6.555		2137.92
180x150x12	прямоугольная	180.0	150.0		12.0	30.0	68.5	53.77	2917.79	324.2	6.526		2196.25
200x40x4	прямоугольная	200.0	40.0		4.0	8.0	18.15	14.25	738.65	73.86	6.38		52.72
200x40x4.5	прямоугольная	200.0	40.0		4.5	9.0	20.27	15.91	815.37	81.54	6.342		57.35
200x40x5	прямоугольная	200.0	40.0		5.0	10.0	22.36	17.55	888.75	88.88	6.305		61.59
200x40x5.5	прямоугольная	200.0	40.0		5.5	11.0	24.41	19.16	958.83	95.88	6.267		65.47
200x40x6	прямоугольная	200.0	40.0		6.0	12.0	26.43	20.75	1025.64	102.56	6.229		69.0
200x40x6.5	прямоугольная	200.0	40.0		6.5	16.25	28.06	22.03	1052.7	105.27	6.125		70.78
200x40x7	прямоугольная	200.0	40.0		7.0	17.5	29.96	23.52	1107.24	110.72	6.079		73.45
200x80x4	прямоугольная	200.0	80.0		4.0	8.0	21.35	16.76	1046.02	104.6	7.0		249.8
200x80x4.5	прямоугольная	200.0	80.0		4.5	9.0	23.87	18.74	1159.42	115.94	6.969		275.67
200x80x5	прямоугольная	200.0	80.0		5.0	10.0	26.36	20.69	1269.09	126.91	6.939		300.44
200x80x5.5	прямоугольная	200.0	80.0		5.5	11.0	28.81	22.62	1375.08	137.51	6.908		324.12
200x80x6	прямоугольная	200.0	80.0		6.0	12.0	31.23	24.52	1477.42	147.74	6.877		346.74
200x80x6.5	прямоугольная	200.0	80.0		6.5	16.25	33.26	26.11	1539.63	153.96	6.803		362.48
200x80x7	прямоугольная	200.0	80.0		7.0	17.5	35.56	27.91	1628.96	162.9	6.768		382.12
200x80x7.5	прямоугольная	200.0	80.0		7.5	18.75	37.82	29.69	1714.32	171.43	6.732		400.69
200x80x8	прямоугольная	200.0	80.0		8.0	20.0	40.04	31.43	1795.76	179.58	6.696		418.23
200x100x4	прямоугольная	200.0	100.0		4.0	8.0	22.95	18.01	1199.71	119.97	7.23		410.78
200x100x4.5	прямоугольная	200.0	100.0		4.5	9.0	25.67	20.15	1331.44	133.14	7.202		454.64
200x100x5	прямоугольная	200.0	100.0		5.0	10.0	28.36	22.26	1459.25	145.93	7.174		496.94
200x100x5.5	прямоугольная	200.0	100.0		5.5	11.0	31.01	24.34	1583.2	158.32	7.145		537.68
200x100x6	прямоугольная	200.0	100.0		6.0	12.0	33.63	26.4	1703.31	170.33	7.116		576.91
200x100x6.5	прямоугольная	200.0	100.0		6.5	16.25	35.86	28.15	1783.1	178.31	7.051		605.51
200x100x7	прямоугольная	200.0	100.0		7.0	17.5	38.36	30.11	1889.81	188.98	7.019		640.33
200x100x7.5	прямоугольная	200.0	100.0		7.5	18.75	40.82	32.04	1992.38	199.24	6.986		673.6
200x100x8	прямоугольная	200.0	100.0		8.0	20.0	43.24	33.95	2090.84	209.08	6.953		705.36
200x120x4	прямоугольная	200.0	120.0		4.0	8.0	24.55	19.27	1353.39	135.34	7.425		617.66
200x120x4.5	прямоугольная	200.0	120.0		4.5	9.0	27.47	21.56	1503.46	150.35	7.398		684.95
200x120x5	прямоугольная	200.0	120.0		5.0	10.0	30.36	23.83	1649.42	164.94	7.371		750.14
200x120x5.5	прямоугольная	200.0	120.0		5.5	11.0	33.21	26.07	1791.32	179.13	7.344		813.26
200x120x6	прямоугольная	200.0	120.0		6.0	12.0	36.03	28.29	1929.2	192.92	7.317		874.35
200x120x6.5	прямоугольная	200.0	120.0		6.5	16.25	38.46	30.19	2026.56	202.66	7.259		920.26
200x120x7	прямоугольная	200.0	120.0		7.0	17.5	41.16	32.31	2150.67	215.07	7.228		975.25
200x120x7.5	прямоугольная	200.0	120.0		7.5	18.75	43.82	34.4	2270.44	227.04	7.198		1028.15
200x120x8	прямоугольная	200.0	120.0		8.0	20.0	46.44	36.46	2385.92	238.59	7.167		1078.97
200x150x5	прямоугольная	200.0	150.0		5.0	10.0	33.36	26.18	1934.67	193.47	7.616		1245.04
200x150x5.5	прямоугольная	200.0	150.0		5.5	11.0	36.51	28.66	2103.5	210.35	7.59		1352.55
200x150x6	прямоугольная	200.0	150.0		6.0	12.0	39.63	31.11	2268.03	226.8	7.565		1457.13
200x150x6.5	прямоугольная	200.0	150.0		6.5	16.25	42.36	33.25	2391.76	239.18	7.514		1538.22
200x150x7	прямоугольная	200.0	150.0		7.0	17.5	45.36	35.61	2541.96	254.2	7.486		1633.73
200x160x5	прямоугольная	200.0	160.0		5.0	10.0	34.36	26.97	2029.75	202.98	7.686		1442.69
200x160x5.5	прямоугольная	200.0	160.0		5.5	11.0	37.61	29.52	2207.56	220.76	7.661		1568.09
200x160x6	прямоугольная	200.0	160.0		6.0	12.0	40.83	32.05	2380.97	238.1	7.636		1690.22
200x160x6.5	прямоугольная	200.0	160.0		6.5	16.25	43.66	34.27	2513.5	251.35	7.587		1785.71
200x160x7	прямоугольная	200.0	160.0		7.0	17.5	46.76	36.7	2672.39	267.24	7.56		1897.65
200x160x7.5	прямоугольная	200.0	160.0		7.5	18.75	49.82	39.11	2826.57	282.66	7.532		2006.14
200x160x8	прямоугольная	200.0	160.0		8.0	20.0	52.84	41.48	2976.09	297.61	7.504		2111.24
200x160x8.5	прямоугольная	200.0	160.0		8.5	21.25	55.83	43.83	3120.99	312.1	7.476		2212.97
200x160x9	прямоугольная	200.0	160.0		9.0	22.5	58.78	46.14	3261.31	326.13	7.448		2311.37
200x160x9.5	прямоугольная	200.0	160.0		9.5	23.75	61.69	48.43	3397.1	339.71	7.42		2406.48
200x160x10	прямоугольная	200.0	160.0		10.0	25.0	64.57	50.68	3528.39	352.84	7.392		2498.34
220x100x4	прямоугольная	220.0	100.0		4.0	8.0	24.55	19.27	1519.26	138.11	7.867		447.66
220x100x4.5	прямоугольная	220.0	100.0		4.5	9.0	27.47	21.56	1687.48	153.41	7.838		495.71
220x100x5	прямоугольная	220.0	100.0		5.0	10.0	30.36	23.83	1851.02	168.27	7.809		542.1
220x100x5.5	прямоугольная	220.0	100.0		5.5	11.0	33.21	26.07	2009.94	182.72	7.779		586.86
220x100x6	прямоугольная	220.0	100.0		6.0	12.0	36.03	28.29	2164.27	196.75	7.75		630.0
220x100x6.5	прямоугольная	220.0	100.0		6.5	16.25	38.46	30.19	2269.89	206.35	7.682		662.43
220x100x7	прямоугольная	220.0	100.0		7.0	17.5	41.16	32.31	2408.11	218.92	7.649		700.99
220x100x7.5	прямоугольная	220.0	100.0		7.5	18.75	43.82	34.4	2541.36	231.03	7.615		737.91
220x100x8	прямоугольная	220.0	100.0		8.0	20.0	46.44	36.46	2669.67	242.7	7.581		773.24
220x140x5	прямоугольная	220.0	140.0		5.0	10.0	34.36	26.97	2313.36	210.31	8.206		1155.23
220x140x5.5	прямоугольная	220.0	140.0		5.5	11.0	37.61	29.52	2516.16	228.74	8.179		1254.82
220x140x6	прямоугольная	220.0	140.0		6.0	12.0	40.83	32.05	2713.97	246.72	8.152		1351.66
220x140x6.5	прямоугольная	220.0	140.0		6.5	16.25	43.66	34.27	2862.64	260.24	8.097		1427.86
220x140x7	прямоугольная	220.0	140.0		7.0	17.5	46.76	36.7	3043.51	276.68	8.068		1516.43
220x140x7.5	прямоугольная	220.0	140.0		7.5	18.75	49.82	39.11	3218.99	292.64	8.038		1602.14
220x140x8	прямоугольная	220.0	140.0		8.0	20.0	52.84	41.48	3389.12	308.1	8.008		1685.02
240x120x3	прямоугольная	240.0	120.0		3.0	6.0	21.01	16.49	1618.68	134.89	8.778		558.8
240x120x3.5	прямоугольная	240.0	120.0		3.5	7.0	24.39	19.15	1867.61	155.63	8.75		643.27
240x120x4	прямоугольная	240.0	120.0		4.0	8.0	27.75	21.78	2110.72	175.89	8.722		725.35
240x120x4.5	прямоугольная	240.0	120.0		4.5	9.0	31.07	24.39	2348.06	195.67	8.693		805.07
240x120x5	прямоугольная	240.0	120.0		5.0	10.0	34.36	26.97	2579.67	214.97	8.665		882.47
240x120x5.5	прямоугольная	240.0	120.0		5.5	11.0	37.61	29.52	2805.6	233.8	8.637		957.59
240x120x6	прямоугольная	240.0	120.0		6.0	12.0	40.83	32.05	3025.91	252.16	8.608		1030.45
240x120x6.5	прямоугольная	240.0	120.0		6.5	16.25	43.66	34.27	3188.08	265.67	8.545		1087.91
240x120x7	прямоугольная	240.0	120.0		7.0	17.5	46.76	36.7	3388.86	282.41	8.513		1154.25
240x120x7.5	прямоугольная	240.0	120.0		7.5	18.75	49.82	39.11	3583.54	298.63	8.481		1218.27
240x120x8	прямоугольная	240.0	120.0		8.0	20.0	52.84	41.48	3772.16	314.35	8.449		1280.01
240x120x8.5	прямоугольная	240.0	120.0		8.5	21.25	55.83	43.83	3954.76	329.56	8.416		1339.5
240x120x9	прямоугольная	240.0	120.0		9.0	22.5	58.78	46.14	4131.4	344.28	8.383		1396.78
240x120x9.5	прямоугольная	240.0	120.0		9.5	23.75	61.69	48.43	4302.13	358.51	8.35		1451.87
240x120x10	прямоугольная	240.0	120.0		10.0	25.0	64.57	50.68	4466.98	372.25	8.317		1504.81
240x120x10.5	прямоугольная	240.0	120.0		10.5	26.25	67.4	52.91	4626.02	385.5	8.284		1555.63
240x120x11	прямоугольная	240.0	120.0		11.0	27.5	70.21	55.11	4779.29	398.27	8.25		1604.35
240x120x11.5	прямоугольная	240.0	120.0		11.5	28.75	72.97	57.28	4926.83	410.57	8.216		1651.03
240x120x12	прямоугольная	240.0	120.0		12.0	30.0	75.7	59.42	5068.7	422.39	8.182		1695.67
240x120x13	прямоугольная	240.0	120.0		13.0	32.5	81.04	63.61	5335.59	444.63	8.113		1779.02
240x120x14	прямоугольная	240.0	120.0		14.0	35.0	86.23	67.69	5580.34	465.03	8.044		1854.64
240x120x15	прямоугольная	240.0	120.0		15.0	37.5	91.27	71.65	5803.32	483.61	7.973		1922.79
240x120x16	прямоугольная	240.0	120.0		16.0	40.0	96.17	75.49	6004.93	500.41	7.901		1983.73
240x150x5	прямоугольная	240.0	150.0		5.0	10.0	37.36	29.32	2993.92	249.49	8.952		1455.37
240x150x5.5	прямоугольная	240.0	150.0		5.5	11.0	40.91	32.12	3259.36	271.61	8.926		1582.35
240x150x6	прямоугольная	240.0	150.0		6.0	12.0	44.43	34.88	3518.82	293.24	8.899		1706.1
240x150x6.5	прямоугольная	240.0	150.0		6.5	16.25	47.56	37.33	3719.81	309.98	8.844		1806.11
240x150x7	прямоугольная	240.0	150.0		7.0	17.5	50.96	40.0	3959.07	329.92	8.814		1920.24
240x150x7.5	прямоугольная	240.0	150.0		7.5	18.75	54.32	42.64	4191.88	349.32	8.784		2031.03
240x150x8	прямоугольная	240.0	150.0		8.0	20.0	57.64	45.25	4418.3	368.19	8.755		2138.51
240x160x5	прямоугольная	240.0	160.0		5.0	10.0	38.36	30.11	3132.0	261.0	9.036		1683.02
240x160x5.5	прямоугольная	240.0	160.0		5.5	11.0	42.01	32.98	3410.61	284.22	9.01		1830.78
240x160x6	прямоугольная	240.0	160.0		6.0	12.0	45.63	35.82	3683.13	306.93	8.984		1974.95
240x160x6.5	прямоугольная	240.0	160.0		6.5	16.25	48.86	38.35	3897.05	324.75	8.931		2092.2
240x160x7	прямоугольная	240.0	160.0		7.0	17.5	52.36	41.1	4149.14	345.76	8.902		2225.6
240x160x7.5	прямоугольная	240.0	160.0		7.5	18.75	55.82	43.82	4394.66	366.22	8.873		2355.27
240x160x8	прямоугольная	240.0	160.0		8.0	20.0	59.24	46.51	4633.68	386.14	8.844		2481.25
240x160x8.5	прямоугольная	240.0	160.0		8.5	21.25	62.63	49.16	4866.24	405.52	8.814		2603.57
240x160x9	прямоугольная	240.0	160.0		9.0	22.5	65.98	51.79	5092.38	424.37	8.785		2722.27
240x160x9.5	прямоугольная	240.0	160.0		9.5	23.75	69.29	54.39	5312.17	442.68	8.755		2837.41
240x160x10	прямоугольная	240.0	160.0		10.0	25.0	72.57	56.96	5525.65	460.47	8.726		2949.0
240x160x10.5	прямоугольная	240.0	160.0		10.5	31.5	74.86	58.76	5592.04	466.0	8.642		2993.91
240x160x11	прямоугольная	240.0	160.0		11.0	33.0	77.97	61.2	5779.15	481.6	8.609		3092.32
240x160x11.5	прямоугольная	240.0	160.0		11.5	34.5	81.03	63.61	5959.43	496.62	8.575		3187.03
240x160x12	прямоугольная	240.0	160.0		12.0	36.0	84.06	65.99	6132.94	511.08	8.541		3278.06
250x140x5	прямоугольная	250.0	140.0		5.0	10.0	37.36	29.32	3154.09	252.33	9.189		1291.98
250x140x5.5	прямоугольная	250.0	140.0		5.5	11.0	40.91	32.12	3433.66	274.69	9.161		1404.15
250x140x6	прямоугольная	250.0	140.0		6.0	12.0	44.43	34.88	3706.92	296.55	9.134		1513.37
250x140x6.5	прямоугольная	250.0	140.0		6.5	16.25	47.56	37.33	3916.9	313.35	9.075		1601.76
250x140x7	прямоугольная	250.0	140.0		7.0	17.5	50.96	40.0	4168.57	333.49	9.044		1702.34
250x140x7.5	прямоугольная	250.0	140.0		7.5	18.75	54.32	42.64	4413.4	353.07	9.014		1799.86
250x140x8	прямоугольная	250.0	140.0		8.0	20.0	57.64	45.25	4651.45	372.12	8.983		1894.37
250x150x5	прямоугольная	250.0	150.0		5.0	10.0	38.36	30.11	3304.18	264.33	9.281		1507.95
250x150x5.5	прямоугольная	250.0	150.0		5.5	11.0	42.01	32.98	3598.08	287.85	9.254		1639.79
250x150x6	прямоугольная	250.0	150.0		6.0	12.0	45.63	35.82	3885.56	310.84	9.227		1768.35
250x150x6.5	прямоугольная	250.0	150.0		6.5	16.25	48.86	38.35	4109.65	328.77	9.171		1873.08
250x150x7	прямоугольная	250.0	150.0		7.0	17.5	52.36	41.1	4375.3	350.02	9.141		1991.87
250x150x7.5	прямоугольная	250.0	150.0		7.5	18.75	55.82	43.82	4633.99	370.72	9.111		2107.25
250x150x8	прямоугольная	250.0	150.0		8.0	20.0	59.24	46.51	4885.79	390.86	9.081		2219.25
250x150x8.5	прямоугольная	250.0	150.0		8.5	21.25	62.63	49.16	5130.74	410.46	9.051		2327.9
250x150x9	прямоугольная	250.0	150.0		9.0	22.5	65.98	51.79	5368.89	429.51	9.02		2433.25
250x150x9.5	прямоугольная	250.0	150.0		9.5	23.75	69.29	54.39	5600.3	448.02	8.99		2535.34
250x150x10	прямоугольная	250.0	150.0		10.0	25.0	72.57	56.96	5825.01	466.0	8.959		2634.2
250x150x10.5	прямоугольная	250.0	150.0		10.5	31.5	74.86	58.76	5890.41	471.23	8.87		2674.25
250x150x11	прямоугольная	250.0	150.0		11.0	33.0	77.97	61.2	6086.82	486.95	8.835		2761.29
250x150x11.5	прямоугольная	250.0	150.0		11.5	34.5	81.03	63.61	6275.96	502.08	8.8		2844.95
250x150x12	прямоугольная	250.0	150.0		12.0	36.0	84.06	65.99	6457.89	516.63	8.764		2925.29
260x130x6	прямоугольная	260.0	130.0		6.0	12.0	44.43	34.88	3887.95	299.07	9.354		1326.78
260x130x6.5	прямоугольная	260.0	130.0		6.5	16.25	47.56	37.33	4106.12	315.86	9.291		1403.84
260x130x7	прямоугольная	260.0	130.0		7.0	17.5	50.96	40.0	4369.52	336.12	9.26		1491.28
260x130x7.5	прямоугольная	260.0	130.0		7.5	18.75	54.32	42.64	4625.7	355.82	9.228		1575.97
260x130x8	прямоугольная	260.0	130.0		8.0	20.0	57.64	45.25	4874.7	374.98	9.196		1657.93
260x130x8.5	прямоугольная	260.0	130.0		8.5	21.25	60.93	47.83	5116.58	393.58	9.163		1737.21
260x130x9	прямоугольная	260.0	130.0		9.0	22.5	64.18	50.38	5351.38	411.64	9.131		1813.83
260x130x9.5	прямоугольная	260.0	130.0		9.5	23.75	67.39	52.9	5579.16	429.17	9.098		1887.84
260x130x10	прямоугольная	260.0	130.0		10.0	25.0	70.57	55.39	5799.98	446.15	9.065		1959.27
260x130x10.5	прямоугольная	260.0	130.0		10.5	31.5	72.76	57.12	5848.91	449.92	8.965		1986.26
260x130x11	прямоугольная	260.0	130.0		11.0	33.0	75.77	59.48	6039.66	464.59	8.927		2048.51
260x130x11.5	прямоугольная	260.0	130.0		11.5	34.5	78.73	61.81	6222.82	478.68	8.889		2108.1
260x130x12	прямоугольная	260.0	130.0		12.0	36.0	81.66	64.1	6398.44	492.19	8.851		2165.05
260x140x5	прямоугольная	260.0	140.0		5.0	10.0	38.36	30.11	3471.03	267.0	9.513		1337.56
260x140x5.5	прямоугольная	260.0	140.0		5.5	11.0	42.01	32.98	3779.67	290.74	9.485		1453.92
260x140x6	прямоугольная	260.0	140.0		6.0	12.0	45.63	35.82	4081.53	313.96	9.457		1567.27
260x140x6.5	прямоугольная	260.0	140.0		6.5	16.25	48.86	38.35	4315.01	331.92	9.397		1659.73
260x140x7	прямоугольная	260.0	140.0		7.0	17.5	52.36	41.1	4593.61	353.35	9.366		1764.3
260x140x7.5	прямоугольная	260.0	140.0		7.5	18.75	55.82	43.82	4864.86	374.22	9.335		1865.76
260x140x8	прямоугольная	260.0	140.0		8.0	20.0	59.24	46.51	5128.8	394.52	9.304		1964.15
260x140x8.5	прямоугольная	260.0	140.0		8.5	21.25	62.63	49.16	5385.5	414.27	9.273		2059.5
260x140x9	прямоугольная	260.0	140.0		9.0	22.5	65.98	51.79	5635.01	433.46	9.241		2151.84
260x140x9.5	прямоугольная	260.0	140.0		9.5	23.75	69.29	54.39	5877.37	452.11	9.209		2241.22
260x140x10	прямоугольная	260.0	140.0		10.0	25.0	72.57	56.96	6112.64	470.2	9.177		2327.67
260x140x10.5	прямоугольная	260.0	140.0		10.5	31.5	74.86	58.76	6175.91	475.07	9.082		2362.72
260x140x11	прямоугольная	260.0	140.0		11.0	33.0	77.97	61.2	6380.89	490.84	9.046		2438.65
260x140x11.5	прямоугольная	260.0	140.0		11.5	34.5	81.03	63.61	6578.15	506.01	9.009		2511.54
260x140x12	прямоугольная	260.0	140.0		12.0	36.0	84.06	65.99	6767.76	520.6	8.972		2581.43
260x240x6	прямоугольная	260.0	240.0		6.0	12.0	57.63	45.24	6017.37	462.87	10.218		5326.17
260x240x6.5	прямоугольная	260.0	240.0		6.5	16.25	61.86	48.56	6404.0	492.62	10.175		5669.49
260x240x7	прямоугольная	260.0	240.0		7.0	17.5	66.36	52.09	6834.5	525.73	10.148		6049.83
260x240x7.5	прямоугольная	260.0	240.0		7.5	18.75	70.82	55.59	7256.42	558.19	10.122		6422.48
260x240x8	прямоугольная	260.0	240.0		8.0	20.0	75.24	59.07	7669.82	589.99	10.096		6787.49
260x240x8.5	прямоугольная	260.0	240.0		8.5	21.25	79.63	62.51	8074.74	621.13	10.07		7144.93
260x240x9	прямоугольная	260.0	240.0		9.0	22.5	83.98	65.92	8471.27	651.64	10.043		7494.84
260x240x9.5	прямоугольная	260.0	240.0		9.5	23.75	88.29	69.31	8859.44	681.5	10.017		7837.29
260x240x10	прямоугольная	260.0	240.0		10.0	25.0	92.57	72.66	9239.31	710.72	9.99		8172.32
260x240x10.5	прямоугольная	260.0	240.0		10.5	31.5	95.86	75.25	9445.98	726.61	9.926		8359.16
260x240x11	прямоугольная	260.0	240.0		11.0	33.0	99.97	78.47	9793.16	753.32	9.897		8665.62
260x240x11.5	прямоугольная	260.0	240.0		11.5	34.5	104.03	81.67	10131.44	779.34	9.868		8964.17
260x240x12	прямоугольная	260.0	240.0		12.0	36.0	108.06	84.83	10460.88	804.68	9.838		9254.86
300x100x6	прямоугольная	300.0	100.0		6.0	12.0	45.63	35.82	4776.79	318.45	10.231		842.35
300x100x6.5	прямоугольная	300.0	100.0		6.5	16.25	48.86	38.35	5038.23	335.88	10.154		890.09
300x100x7	прямоугольная	300.0	100.0		7.0	17.5	52.36	41.1	5360.46	357.36	10.118		943.61
300x100x7.5	прямоугольная	300.0	100.0		7.5	18.75	55.82	43.82	5673.65	378.24	10.081		995.16
300x100x8	прямоугольная	300.0	100.0		8.0	20.0	59.24	46.51	5977.86	398.52	10.045		1044.77
300x100x8.5	прямоугольная	300.0	100.0		8.5	21.25	62.63	49.16	6273.14	418.21	10.008		1092.47
300x100x9	прямоугольная	300.0	100.0		9.0	22.5	65.98	51.79	6559.56	437.3	9.97		1138.28
300x100x9.5	прямоугольная	300.0	100.0		9.5	23.75	69.29	54.39	6837.17	455.81	9.933		1182.26
300x100x10	прямоугольная	300.0	100.0		10.0	25.0	72.57	56.96	7106.03	473.74	9.895		1224.41
300x100x10.5	прямоугольная	300.0	100.0		10.5	31.5	74.86	58.76	7147.27	476.48	9.77		1239.94
300x100x11	прямоугольная	300.0	100.0		11.0	33.0	77.97	61.2	7377.2	491.81	9.726		1276.15
300x100x11.5	прямоугольная	300.0	100.0		11.5	34.5	81.03	63.61	7597.53	506.5	9.682		1310.52
300x100x12	прямоугольная	300.0	100.0		12.0	36.0	84.06	65.99	7808.31	520.55	9.637		1343.1
300x200x6	прямоугольная	300.0	200.0		6.0	12.0	57.63	45.24	7370.23	491.35	11.308		3962.19
300x200x6.5	прямоугольная	300.0	200.0		6.5	16.25	61.86	48.56	7838.31	522.55	11.256		4217.76
300x200x7	прямоугольная	300.0	200.0		7.0	17.5	66.36	52.09	8365.75	557.72	11.228		4498.39
300x200x7.5	прямоугольная	300.0	200.0		7.5	18.75	70.82	55.59	8882.71	592.18	11.199		4773.01
300x200x8	прямоугольная	300.0	200.0		8.0	20.0	75.24	59.07	9389.27	625.95	11.17		5041.67
300x200x8.5	прямоугольная	300.0	200.0		8.5	21.25	79.63	62.51	9885.49	659.03	11.142		5304.42
300x200x9	прямоугольная	300.0	200.0		9.0	22.5	83.98	65.92	10371.42	691.43	11.113		5561.31
300x200x9.5	прямоугольная	300.0	200.0		9.5	23.75	88.29	69.31	10847.14	723.14	11.084		5812.4
300x200x10	прямоугольная	300.0	200.0		10.0	25.0	92.57	72.66	11312.7	754.18	11.055		6057.73
300x200x10.5	прямоугольная	300.0	200.0		10.5	31.5	95.86	75.25	11549.23	769.95	10.976		6199.12
300x200x11	прямоугольная	300.0	200.0		11.0	33.0	99.97	78.47	11973.08	798.21	10.943		6423.38
300x200x11.5	прямоугольная	300.0	200.0		11.5	34.5	104.03	81.67	12385.92	825.73	10.911		6641.57
300x200x12	прямоугольная	300.0	200.0		12.0	36.0	108.06	84.83	12787.83	852.52	10.878		6853.74
320x180x6	прямоугольная	320.0	180.0		6.0	12.0	57.63	45.24	8012.67	500.79	11.791		3308.62
320x180x6.5	прямоугольная	320.0	180.0		6.5	16.25	61.86	48.56	8517.32	532.33	11.734		3521.35
320x180x7	прямоугольная	320.0	180.0		7.0	17.5	66.36	52.09	9089.93	568.12	11.704		3754.02
320x180x7.5	прямоугольная	320.0	180.0		7.5	18.75	70.82	55.59	9651.07	603.19	11.674		3981.48
320x180x8	прямоугольная	320.0	180.0		8.0	20.0	75.24	59.07	10200.81	637.55	11.643		4203.76
320x180x8.5	прямоугольная	320.0	180.0		8.5	21.25	79.63	62.51	10739.22	671.2	11.613		4420.92
320x180x9	прямоугольная	320.0	180.0		9.0	22.5	83.98	65.92	11266.35	704.15	11.582		4633.01
320x180x9.5	прямоугольная	320.0	180.0		9.5	23.75	88.29	69.31	11782.29	736.39	11.552		4840.06
320x180x10	прямоугольная	320.0	180.0		10.0	25.0	92.57	72.66	12287.09	767.94	11.521		5042.13
320x180x10.5	прямоугольная	320.0	180.0		10.5	31.5	95.86	75.25	12532.06	783.25	11.433		5159.51
320x180x11	прямоугольная	320.0	180.0		11.0	33.0	99.97	78.47	12990.26	811.89	11.399		5343.88
320x180x11.5	прямоугольная	320.0	180.0		11.5	34.5	104.03	81.67	13436.34	839.77	11.364		5523.04
320x180x12	прямоугольная	320.0	180.0		12.0	36.0	108.06	84.83	13870.36	866.9	11.329		5697.04
350x150x6	прямоугольная	350.0	150.0		6.0	12.0	57.63	45.24	8906.86	508.96	12.431		2390.79
350x150x6.5	прямоугольная	350.0	150.0		6.5	16.25	61.86	48.56	9458.89	540.51	12.365		2542.78
350x150x7	прямоугольная	350.0	150.0		7.0	17.5	66.36	52.09	10092.88	576.74	12.332		2708.16
350x150x7.5	прямоугольная	350.0	150.0		7.5	18.75	70.82	55.59	10713.85	612.22	12.299		2869.44
350x150x8	прямоугольная	350.0	150.0		8.0	20.0	75.24	59.07	11321.87	646.96	12.266		3026.66
350x150x8.5	прямоугольная	350.0	150.0		8.5	21.25	79.63	62.51	11917.01	680.97	12.233		3179.87
350x150x9	прямоугольная	350.0	150.0		9.0	22.5	83.98	65.92	12499.33	714.25	12.199		3329.11
350x150x9.5	прямоугольная	350.0	150.0		9.5	23.75	88.29	69.31	13068.9	746.79	12.166		3474.43
350x150x10	прямоугольная	350.0	150.0		10.0	25.0	92.57	72.66	13625.8	778.62	12.132		3615.86
350x150x10.5	прямоугольная	350.0	150.0		10.5	31.5	95.86	75.25	13873.06	792.75	12.029		3697.84
350x150x11	прямоугольная	350.0	150.0		11.0	33.0	99.97	78.47	14375.55	821.46	11.991		3826.16
350x150x11.5	прямоугольная	350.0	150.0		11.5	34.5	104.03	81.67	14864.17	849.38	11.952		3950.47
350x150x12	прямоугольная	350.0	150.0		12.0	36.0	108.06	84.83	15338.99	876.51	11.913		4070.81
350x250x4	прямоугольная	350.0	250.0		4.0	8.0	46.95	36.85	8527.75	487.3	13.477		5117.72
350x250x4.5	прямоугольная	350.0	250.0		4.5	9.0	52.67	41.34	9530.69	544.61	13.452		5716.25
350x250x5	прямоугольная	350.0	250.0		5.0	10.0	58.36	45.81	10519.88	601.14	13.426		6305.84
350x250x5.5	прямоугольная	350.0	250.0		5.5	11.0	64.01	50.25	11495.39	656.88	13.401		6886.55
350x250x6	прямоугольная	350.0	250.0		6.0	12.0	69.63	54.66	12457.3	711.85	13.375		7458.44
350x250x6.5	прямоугольная	350.0	250.0		6.5	16.25	74.86	58.76	13294.09	759.66	13.326		7964.56
350x250x7	прямоугольная	350.0	250.0		7.0	17.5	80.36	63.08	14211.17	812.07	13.298		8509.87
350x250x7.5	прямоугольная	350.0	250.0		7.5	18.75	85.82	67.37	15113.54	863.63	13.27		9045.87
350x250x8	прямоугольная	350.0	250.0		8.0	20.0	91.24	71.63	16001.28	914.36	13.242		9572.62
350x250x8.5	прямоугольная	350.0	250.0		8.5	21.25	96.63	75.85	16874.47	964.26	13.215		10090.18
350x250x9	прямоугольная	350.0	250.0		9.0	22.5	101.98	80.05	17733.19	1013.32	13.186		10598.61
350x250x9.5	прямоугольная	350.0	250.0		9.5	23.75	107.29	84.22	18577.49	1061.57	13.158		11097.98
350x250x10	прямоугольная	350.0	250.0		10.0	25.0	112.57	88.36	19407.47	1109.0	13.13		11588.34
350x250x10.5	прямоугольная	350.0	250.0		10.5	31.5	116.86	91.73	19926.16	1138.64	13.058		11917.09
350x250x11	прямоугольная	350.0	250.0		11.0	33.0	121.97	95.74	20698.42	1182.77	13.027		12374.56
350x250x11.5	прямоугольная	350.0	250.0		11.5	34.5	127.03	99.72	21455.18	1226.01	12.995		12822.49
350x250x12	прямоугольная	350.0	250.0		12.0	36.0	132.06	103.67	22196.51	1268.37	12.964		13260.93
350x250x13	прямоугольная	350.0	250.0		13.0	39.0	141.99	111.46	23633.15	1350.47	12.901		14109.62
350x250x14	прямоугольная	350.0	250.0		14.0	42.0	151.75	119.12	25008.92	1429.08	12.837		14921.11
350x250x15	прямоугольная	350.0	250.0		15.0	45.0	161.34	126.65	26324.39	1504.25	12.772		15695.89
350x250x16	прямоугольная	350.0	250.0		16.0	48.0	170.77	134.06	27580.15	1576.01	12.707		16434.44
350x250x17	прямоугольная	350.0	250.0		17.0	51.0	180.04	141.33	28776.77	1644.39	12.642		17137.25
350x250x18	прямоугольная	350.0	250.0		18.0	54.0	189.13	148.47	29914.84	1709.42	12.575		17804.8
350x250x19	прямоугольная	350.0	250.0		19.0	57.0	198.07	155.48	30994.94	1771.14	12.508		18437.6
350x250x20	прямоугольная	350.0	250.0		20.0	60.0	206.83	162.36	32017.64	1829.58	12.44		19036.12
350x250x21	прямоугольная	350.0	250.0		21.0	63.0	215.43	169.11	32983.54	1884.77	12.372		19600.86
350x250x22	прямоугольная	350.0	250.0		22.0	66.0	223.87	175.74	33893.22	1936.76	12.303		20132.31
350x300x6	прямоугольная	350.0	300.0		6.0	12.0	75.63	59.37	14232.52	813.29	13.718		11260.39
350x300x6.5	прямоугольная	350.0	300.0		6.5	16.25	81.36	63.87	15211.7	869.24	13.673		12038.43
350x300x7	прямоугольная	350.0	300.0		7.0	17.5	87.36	68.58	16270.31	929.73	13.647		12873.68
350x300x7.5	прямоугольная	350.0	300.0		7.5	18.75	93.32	73.26	17313.38	989.34	13.621		13696.31
350x300x8	прямоугольная	350.0	300.0		8.0	20.0	99.24	77.91	18340.99	1048.06	13.594		14506.39
350x300x8.5	прямоугольная	350.0	300.0		8.5	21.25	105.13	82.53	19353.21	1105.9	13.568		15304.0
350x300x9	прямоугольная	350.0	300.0		9.0	22.5	110.98	87.12	20350.12	1162.86	13.541		16089.21
350x300x9.5	прямоугольная	350.0	300.0		9.5	23.75	116.79	91.68	21331.79	1218.96	13.514		16862.09
350x300x10	прямоугольная	350.0	300.0		10.0	25.0	122.57	96.21	22298.3	1274.19	13.488		17622.7
350x300x10.5	прямоугольная	350.0	300.0		10.5	31.5	127.36	99.98	22952.7	1311.58	13.424		18152.18
350x300x11	прямоугольная	350.0	300.0		11.0	33.0	132.97	104.38	23859.86	1363.42	13.395		18866.89
350x300x11.5	прямоугольная	350.0	300.0		11.5	34.5	138.53	108.75	24750.69	1414.33	13.366		19568.51
350x300x12	прямоугольная	350.0	300.0		12.0	36.0	144.06	113.09	25625.27	1464.3	13.337		20257.11
380x220x6	прямоугольная	380.0	220.0		6.0	12.0	69.63	54.66	13885.52	730.82	14.121		6012.14
380x220x6.5	прямоугольная	380.0	220.0		6.5	16.25	74.86	58.76	14811.21	779.54	14.066		6419.15
380x220x7	прямоугольная	380.0	220.0		7.0	17.5	80.36	63.08	15832.35	833.28	14.036		6855.88
380x220x7.5	прямоугольная	380.0	220.0		7.5	18.75	85.82	67.37	16837.01	886.16	14.007		7284.74
380x220x8	прямоугольная	380.0	220.0		8.0	20.0	91.24	71.63	17825.26	938.17	13.977		7705.79
400x200x4	прямоугольная	400.0	200.0		4.0	8.0	46.95	36.85	10125.03	506.25	14.685		3504.99
400x200x4.5	прямоугольная	400.0	200.0		4.5	9.0	52.67	41.34	11315.63	565.78	14.658		3911.76
400x200x5	прямоугольная	400.0	200.0		5.0	10.0	58.36	45.81	12489.82	624.49	14.63		4311.75
400x200x5.5	прямоугольная	400.0	200.0		5.5	11.0	64.01	50.25	13647.7	682.39	14.602		4705.03
400x200x6	прямоугольная	400.0	200.0		6.0	12.0	69.63	54.66	14789.35	739.47	14.573		5091.63
400x200x6.5	прямоугольная	400.0	200.0		6.5	16.25	74.86	58.76	15769.16	788.46	14.514		5435.09
400x200x7	прямоугольная	400.0	200.0		7.0	17.5	80.36	63.08	16855.27	842.76	14.483		5802.67
400x200x7.5	прямоугольная	400.0	200.0		7.5	18.75	85.82	67.37	17923.66	896.18	14.451		6163.32
400x200x8	прямоугольная	400.0	200.0		8.0	20.0	91.24	71.63	18974.42	948.72	14.42		6517.08
400x200x8.5	прямоугольная	400.0	200.0		8.5	21.25	96.63	75.85	20007.61	1000.38	14.389		6864.01
400x200x9	прямоугольная	400.0	200.0		9.0	22.5	101.98	80.05	21023.33	1051.17	14.358		7204.17
400x200x9.5	прямоугольная	400.0	200.0		9.5	23.75	107.29	84.22	22021.65	1101.08	14.326		7537.62
400x200x10	прямоугольная	400.0	200.0		10.0	25.0	112.57	88.36	23002.65	1150.13	14.295		7864.39
400x200x10.5	прямоугольная	400.0	200.0		10.5	31.5	116.86	91.73	23579.46	1178.97	14.204		8086.34
400x200x11	прямоугольная	400.0	200.0		11.0	33.0	121.97	95.74	24487.98	1224.4	14.169		8390.26
400x200x11.5	прямоугольная	400.0	200.0		11.5	34.5	127.03	99.72	25377.6	1268.88	14.133		8687.21
400x200x12	прямоугольная	400.0	200.0		12.0	36.0	132.06	103.67	26248.41	1312.42	14.097		8977.26
400x200x13	прямоугольная	400.0	200.0		13.0	39.0	141.99	111.46	27933.91	1396.7	14.025		9536.85
400x200x14	прямоугольная	400.0	200.0		14.0	42.0	151.75	119.12	29545.08	1477.25	13.952		10069.48
400x200x15	прямоугольная	400.0	200.0		15.0	45.0	161.34	126.65	31082.57	1554.13	13.879		10575.57
400x200x16	прямоугольная	400.0	200.0		16.0	48.0	170.77	134.06	32546.99	1627.35	13.804		11055.56
400x200x17	прямоугольная	400.0	200.0		17.0	51.0	180.04	141.33	33938.96	1696.95	13.729		11509.91
400x200x18	прямоугольная	400.0	200.0		18.0	54.0	189.13	148.47	35259.12	1762.96	13.652		11939.04
400x200x19	прямоугольная	400.0	200.0		19.0	57.0	198.07	155.48	36508.09	1825.4	13.575		12343.41
400x200x20	прямоугольная	400.0	200.0		20.0	60.0	206.83	162.36	37686.5	1884.33	13.497		12723.45
400x200x21	прямоугольная	400.0	200.0		21.0	63.0	215.43	169.11	38794.99	1939.75	13.417		13079.62
400x200x22	прямоугольная	400.0	200.0		22.0	66.0	223.87	175.74	39834.18	1991.71	13.337		13412.35
400x300x5	прямоугольная	400.0	300.0		5.0	10.0	68.36	53.66	16390.66	819.53	15.485		10592.72
400x300x5.5	прямоугольная	400.0	300.0		5.5	11.0	75.01	58.88	17927.81	896.39	15.46		11581.2
400x300x6	прямоугольная	400.0	300.0		6.0	12.0	81.63	64.08	19446.79	972.34	15.434		12557.11
400x300x6.5	прямоугольная	400.0	300.0		6.5	16.25	87.86	68.97	20801.99	1040.1	15.387		13438.47
400x300x7	прямоугольная	400.0	300.0		7.0	17.5	94.36	74.07	22261.56	1113.08	15.36		14376.32
400x300x7.5	прямоугольная	400.0	300.0		7.5	18.75	100.82	79.14	23701.48	1185.07	15.332		15300.84
400x300x8	прямоугольная	400.0	300.0		8.0	20.0	107.24	84.19	25121.83	1256.09	15.305		16212.1
400x300x8.5	прямоугольная	400.0	300.0		8.5	21.25	113.63	89.2	26522.7	1326.14	15.278		17110.18
400x300x9	прямоугольная	400.0	300.0		9.0	22.5	119.98	94.18	27904.19	1395.21	15.25		17995.14
400x300x9.5	прямоугольная	400.0	300.0		9.5	23.75	126.29	99.14	29266.36	1463.32	15.223		18867.07
400x300x10	прямоугольная	400.0	300.0		10.0	25.0	132.57	104.06	30609.32	1530.47	15.195		19726.03
400x300x10.5	прямоугольная	400.0	300.0		10.5	31.5	137.86	108.22	31546.18	1577.31	15.127		20353.17
400x300x11	прямоугольная	400.0	300.0		11.0	33.0	143.97	113.01	32812.85	1640.64	15.096		21164.82
400x300x11.5	прямоугольная	400.0	300.0		11.5	34.5	150.03	117.78	34058.74	1702.94	15.066		21962.7
400x300x12	прямоугольная	400.0	300.0		12.0	36.0	156.06	122.51	35283.93	1764.2	15.036		22746.87
400x300x13	прямоугольная	400.0	300.0		13.0	39.0	167.99	131.87	37672.55	1883.63	14.975		24274.37
400x300x14	прямоугольная	400.0	300.0		14.0	42.0	179.75	141.1	39979.38	1998.97	14.913		25747.88
400x300x15	прямоугольная	400.0	300.0		15.0	45.0	191.34	150.2	42205.07	2110.25	14.851		27168.0
400x300x16	прямоугольная	400.0	300.0		16.0	48.0	202.77	159.18	44350.29	2217.51	14.788		28535.27
400x300x17	прямоугольная	400.0	300.0		17.0	51.0	214.04	168.02	46415.71	2320.79	14.725		29850.29
400x300x18	прямоугольная	400.0	300.0		18.0	54.0	225.13	176.73	48402.0	2420.1	14.662		31113.62
400x300x19	прямоугольная	400.0	300.0		19.0	57.0	236.07	185.31	50309.82	2515.49	14.597		32325.83
400x300x20	прямоугольная	400.0	300.0		20.0	60.0	246.83	193.76	52139.84	2606.99	14.533		33487.52
400x300x21	прямоугольная	400.0	300.0		21.0	63.0	257.43	202.08	53892.73	2694.64	14.467		34599.24
400x300x22	прямоугольная	400.0	300.0		22.0	66.0	267.87	210.28	55569.16	2778.46	14.402		35661.59
500x300x6	прямоугольная	500.0	300.0		6.0	12.0	93.63	73.5	33011.56	1320.46	18.777		15150.55
500x300x6.5	прямоугольная	500.0	300.0		6.5	16.25	100.86	79.17	35358.55	1414.34	18.723		16238.55
500x300x7	прямоугольная	500.0	300.0		7.0	17.5	108.36	85.06	37869.96	1514.8	18.694		17381.61
500x300x7.5	прямоугольная	500.0	300.0		7.5	18.75	115.82	90.92	40352.1	1614.08	18.665		18509.9
500x300x8	прямоугольная	500.0	300.0		8.0	20.0	123.24	96.75	42805.09	1712.2	18.636		19623.51
500x300x8.5	прямоугольная	500.0	300.0		8.5	21.25	130.63	102.54	45229.03	1809.16	18.607		20722.52
500x300x9	прямоугольная	500.0	300.0		9.0	22.5	137.98	108.31	47624.03	1904.96	18.578		21807.0
500x300x9.5	прямоугольная	500.0	300.0		9.5	23.75	145.29	114.05	49990.18	1999.61	18.549		22877.03
500x300x10	прямоугольная	500.0	300.0		10.0	25.0	152.57	119.76	52327.59	2093.1	18.519		23932.7
500x300x10.5	прямоугольная	500.0	300.0		10.5	31.5	158.86	124.7	54034.06	2161.36	18.442		24755.14
500x300x11	прямоугольная	500.0	300.0		11.0	33.0	165.97	130.28	56255.08	2250.2	18.41		25760.7
500x300x11.5	прямоугольная	500.0	300.0		11.5	34.5	173.03	135.83	58444.86	2337.79	18.378		26751.09
500x300x12	прямоугольная	500.0	300.0		12.0	36.0	180.06	141.35	60603.49	2424.14	18.345		27726.39
500x300x13	прямоугольная	500.0	300.0		13.0	39.0	193.99	152.28	64827.71	2593.11	18.28		29632.01
500x300x14	прямоугольная	500.0	300.0		14.0	42.0	207.75	163.08	68928.54	2757.14	18.214		31478.18
500x300x15	прямоугольная	500.0	300.0		15.0	45.0	221.34	173.75	72906.79	2916.27	18.148		33265.5
500x300x16	прямоугольная	500.0	300.0		16.0	48.0	234.77	184.3	76763.24	3070.53	18.081		34994.58
500x300x17	прямоугольная	500.0	300.0		17.0	51.0	248.04	194.71	80498.69	3219.95	18.014		36666.04
500x300x18	прямоугольная	500.0	300.0		18.0	54.0	261.13	204.99	84113.95	3364.56	17.946		38280.5
500x300x19	прямоугольная	500.0	300.0		19.0	57.0	274.07	215.14	87609.81	3504.39	17.878		39838.56
500x300x20	прямоугольная	500.0	300.0		20.0	60.0	286.83	225.16	90987.08	3639.48	17.809		41340.85
500x300x21	прямоугольная	500.0	300.0		21.0	63.0	299.43	235.05	94246.56	3769.86	17.74		42787.98
500x300x22	прямоугольная	500.0	300.0		22.0	66.0	311.87	244.82	97389.05	3895.56	17.67		44180.57
500x400x6	прямоугольная	500.0	400.0		6.0	12.0	105.63	82.92	40333.0	1613.32	19.54		28761.67
500x400x6.5	прямоугольная	500.0	400.0		6.5	16.25	113.86	89.38	43274.13	1730.97	19.495		30867.65
500x400x7	прямоугольная	500.0	400.0		7.0	17.5	122.36	96.05	46377.24	1855.09	19.469		33074.13
500x400x7.5	прямоугольная	500.0	400.0		7.5	18.75	130.82	102.69	49448.67	1977.95	19.442		35257.1
500x400x8	прямоугольная	500.0	400.0		8.0	20.0	139.24	109.31	52488.51	2099.54	19.415		37416.66
500x400x8.5	прямоугольная	500.0	400.0		8.5	21.25	147.63	115.89	55496.88	2219.88	19.388		39552.89
500x400x9	прямоугольная	500.0	400.0		9.0	22.5	155.98	122.44	58473.89	2338.96	19.362		41665.91
500x400x9.5	прямоугольная	500.0	400.0		9.5	23.75	164.29	128.97	61419.64	2456.79	19.335		43755.79
500x400x10	прямоугольная	500.0	400.0		10.0	25.0	172.57	135.46	64334.26	2573.37	19.308		45822.65
500x400x10.5	прямоугольная	500.0	400.0		10.5	31.5	179.86	141.19	66615.53	2664.62	19.245		47479.62
500x400x11	прямоугольная	500.0	400.0		11.0	33.0	187.97	147.55	69408.95	2776.36	19.216		49462.6
500x400x11.5	прямоугольная	500.0	400.0		11.5	34.5	196.03	153.89	72168.75	2886.75	19.187		51421.02
500x400x12	прямоугольная	500.0	400.0		12.0	36.0	204.06	160.19	74895.01	2995.8	19.157		53354.97
500x400x13	прямоугольная	500.0	400.0		13.0	39.0	219.99	172.69	80247.36	3209.89	19.099		57149.85
500x400x14	прямоугольная	500.0	400.0		14.0	42.0	235.75	185.06	85466.84	3418.67	19.04		60847.96
500x400x15	прямоугольная	500.0	400.0		15.0	45.0	251.34	197.3	90554.29	3622.17	18.98		64450.07
500x400x16	прямоугольная	500.0	400.0		16.0	48.0	266.77	209.42	95510.54	3820.42	18.921		67956.91
500x400x17	прямоугольная	500.0	400.0		17.0	51.0	282.04	221.4	100336.4	4013.46	18.861		71369.22
500x400x18	прямоугольная	500.0	400.0		18.0	54.0	297.13	233.25	105032.8	4201.31	18.8		74687.76
500x400x19	прямоугольная	500.0	400.0		19.0	57.0	312.07	244.97	109600.5	4384.02	18.74		77913.27
500x400x20	прямоугольная	500.0	400.0		20.0	60.0	326.83	256.56	114040.4	4561.62	18.679		81046.5
500x400x21	прямоугольная	500.0	400.0		21.0	63.0	341.43	268.02	118353.3	4734.13	18.617		84088.21
500x400x22	прямоугольная	500.0	400.0		22.0	66.0	355.87	279.36	122540.0	4901.6	18.555		87039.14
40x40x2	квадратная	40.0	40.0		2.0	4.0	2.94	2.31	6.94	3.47	1.54		6.94
40x40x2.5	квадратная	40.0	40.0		2.5	5.0	3.59	2.82	8.21	4.1	1.51		8.21
40x40x3	квадратная	40.0	40.0		3.0	6.0	4.21	3.3	9.31	4.65	1.49		9.31
40x40x3.5	квадратная	40.0	40.0		3.5	7.0	4.79	3.76	10.26	5.13	1.46		10.26
40x40x4	квадратная	40.0	40.0		4.0	8.0	5.35	4.2	11.05	5.52	1.44		11.05
50x50x2	квадратная	50.0	50.0		2.0	4.0	3.74	2.93	14.14	5.66	1.95		14.14
50x50x2.5	квадратная	50.0	50.0		2.5	5.0	4.59	3.6	16.93	6.77	1.92		16.93
50x50x3	квадратная	50.0	50.0		3.0	6.0	5.41	4.25	19.45	7.78	1.9		19.45
50x50x3.5	квадратная	50.0	50.0		3.5	7.0	6.19	4.86	21.7	8.68	1.87		21.7
50x50x4	квадратная	50.0	50.0		4.0	8.0	6.95	5.45	23.7	9.48	1.85		23.7
50x50x4.5	квадратная	50.0	50.0		4.5	9.0	7.67	6.02	25.45	10.19	1.82		25.45
50x50x5	квадратная	50.0	50.0		5.0	10.0	8.36	6.56	26.98	10.79	1.8		26.98
50x50x5.5	квадратная	50.0	50.0		5.5	11.0	9.01	7.07	28.27	11.31	1.77		28.27
50x50x6	квадратная	50.0	50.0		6.0	12.0	9.63	7.56	29.36	11.74	1.75		29.36
60x60x2	квадратная	60.0	60.0		2.0	4.0	4.54	3.56	25.14	8.38	2.35		25.14
60x60x2.5	квадратная	60.0	60.0		2.5	5.0	5.59	4.39	30.33	10.11	2.33		30.33
60x60x3	квадратная	60.0	60.0		3.0	6.0	6.61	5.19	35.11	11.7	2.31		35.11
60x60x3.5	квадратная	60.0	60.0		3.5	7.0	7.59	5.96	39.5	13.17	2.28		39.5
60x60x4	квадратная	60.0	60.0		4.0	8.0	8.55	6.71	43.5	14.5	2.26		43.5
60x60x4.5	квадратная	60.0	60.0		4.5	9.0	9.47	7.43	47.14	15.71	2.23		47.14
60x60x5	квадратная	60.0	60.0		5.0	10.0	10.36	8.13	50.41	16.8	2.21		50.41
60x60x5.5	квадратная	60.0	60.0		5.5	11.0	11.21	8.8	53.34	17.78	2.18		53.34
60x60x6	квадратная	60.0	60.0		6.0	12.0	12.03	9.45	55.94	18.65	2.16		55.94
70x70x2	квадратная	70.0	70.0		2.0	4.0	5.34	4.19	40.72	11.63	2.76		40.72
70x70x2.5	квадратная	70.0	70.0		2.5	5.0	6.59	5.17	49.39	14.11	2.74		49.39
70x70x3	квадратная	70.0	70.0		3.0	6.0	7.81	6.13	57.5	16.43	2.71		57.5
70x70x3.5	квадратная	70.0	70.0		3.5	7.0	8.99	7.06	65.05	18.59	2.69		65.05
70x70x4	квадратная	70.0	70.0		4.0	8.0	10.15	7.97	72.06	20.59	2.66		72.06
70x70x4.5	квадратная	70.0	70.0		4.5	9.0	11.27	8.85	78.55	22.44	2.64		78.55
70x70x5	квадратная	70.0	70.0		5.0	10.0	12.36	9.7	84.52	24.15	2.62		84.52
70x70x5.5	квадратная	70.0	70.0		5.5	11.0	13.41	10.53	90.01	25.72	2.59		90.01
70x70x6	квадратная	70.0	70.0		6.0	12.0	14.43	11.33	95.01	27.14	2.57		95.01
70x70x6.5	квадратная	70.0	70.0		6.5	16.25	15.06	11.82	95.11	27.17	2.51		95.11
70x70x7	квадратная	70.0	70.0		7.0	17.5	15.96	12.53	98.5	28.14	2.48		98.5
80x80x3	квадратная	80.0	80.0		3.0	6.0	9.01	7.07	87.81	21.95	3.12		87.81
80x80x3.5	квадратная	80.0	80.0		3.5	7.0	10.39	8.16	99.75	24.94	3.1		99.75
80x80x4	квадратная	80.0	80.0		4.0	8.0	11.75	9.22	111.0	27.74	3.07		111.0
80x80x4.5	квадратная	80.0	80.0		4.5	9.0	13.07	10.26	121.5	30.37	3.05		121.5
80x80x5	квадратная	80.0	80.0		5.0	10.0	14.36	11.27	131.3	32.83	3.02		131.3
80x80x5.5	квадратная	80.0	80.0		5.5	11.0	15.61	12.25	140.5	35.12	3.0		140.5
80x80x6	квадратная	80.0	80.0		6.0	12.0	16.83	13.21	149.0	37.24	2.97		149.0
80x80x6.5	квадратная	80.0	80.0		6.5	16.25	17.66	13.86	151.0	37.76	2.92		151.0
80x80x7	квадратная	80.0	80.0		7.0	17.5	18.76	14.72	157.4	39.34	2.9		157.4
80x80x7.5	квадратная	80.0	80.0		7.5	18.75	19.82	15.56	163.0	40.76	2.87		163.0
80x80x8	квадратная	80.0	80.0		8.0	20.0	20.84	16.36	168.0	42.01	2.84		168.0
90x90x3	квадратная	90.0	90.0		3.0	6.0	10.21	8.01	127.2	28.28	3.53		127.2
90x90x3.5	квадратная	90.0	90.0		3.5	7.0	11.79	9.26	145.0	32.22	3.51		145.0
90x90x4	квадратная	90.0	90.0		4.0	8.0	13.35	10.48	161.8	35.96	3.48		161.8
90x90x4.5	квадратная	90.0	90.0		4.5	9.0	14.87	11.67	177.8	39.5	3.46		177.8
90x90x5	квадратная	90.0	90.0		5.0	10.0	16.36	12.84	192.8	42.84	3.43		192.8
90x90x5.5	квадратная	90.0	90.0		5.5	11.0	17.81	13.98	206.9	45.99	3.41		206.9
90x90x6	квадратная	90.0	90.0		6.0	12.0	19.23	15.1	220.2	48.94	3.38		220.2
90x90x6.5	квадратная	90.0	90.0		6.5	16.25	20.26	15.9	225.3	50.07	3.34		225.3
90x90x7	квадратная	90.0	90.0		7.0	17.5	21.56	16.92	235.8	52.4	3.31		235.8
90x90x7.5	квадратная	90.0	90.0		7.5	18.75	22.82	17.91	245.4	54.54	3.28		245.4
90x90x8	квадратная	90.0	90.0		8.0	20.0	24.04	18.87	254.2	56.48	3.25		254.2
100x100x3	квадратная	100.0	100.0		3.0	6.0	11.41	8.96	177.0	35.4	3.94		177.0
100x100x3.5	квадратная	100.0	100.0		3.5	7.0	13.19	10.36	202.2	40.44	3.91		202.2
100x100x4	квадратная	100.0	100.0		4.0	8.0	14.95	11.73	225.1	45.02	3.88		225.1
100x100x4.5	квадратная	100.0	100.0		4.5	9.0	16.67	13.08	247.5	49.5	3.85		247.5
100x100x5	квадратная	100.0	100.0		5.0	10.0	18.36	14.41	270.9	54.19	3.84		270.9
100x100x5.5	квадратная	100.0	100.0		5.5	11.0	20.01	15.71	291.6	58.32	3.82		291.6
100x100x6	квадратная	100.0	100.0		6.0	12.0	21.63	16.98	311.2	62.24	3.79		311.2
100x100x6.5	квадратная	100.0	100.0		6.5	16.25	22.86	17.94	320.6	64.12	3.75		320.6
100x100x7	квадратная	100.0	100.0		7.0	17.5	24.36	19.12	336.7	67.33	3.72		336.7
100x100x7.5	квадратная	100.0	100.0		7.5	18.75	25.82	20.27	351.6	70.32	3.69		351.6
100x100x8	квадратная	100.0	100.0		8.0	20.0	27.24	21.39	365.4	73.09	3.66		365.4
120x120x3	квадратная	120.0	120.0		3.0	6.0	13.81	10.84	312.3	52.05	4.76		312.3
120x120x3.5	квадратная	120.0	120.0		3.5	7.0	15.99	12.56	358.1	59.68	4.73		358.1
120x120x4	квадратная	120.0	120.0		4.0	8.0	18.15	14.25	402.2	67.03	4.71		402.2
120x120x4.5	квадратная	120.0	120.0		4.5	9.0	20.27	15.91	444.5	74.09	4.68		444.5
120x120x5	квадратная	120.0	120.0		5.0	10.0	22.36	17.55	485.3	80.88	4.66		485.3
120x120x5.5	квадратная	120.0	120.0		5.5	11.0	24.41	19.16	524.3	87.39	4.63		524.3
120x120x6	квадратная	120.0	120.0		6.0	12.0	26.43	20.75	561.8	93.64	4.61		561.8
120x120x6.5	квадратная	120.0	120.0		6.5	16.25	28.06	22.03	584.6	97.43	4.56		584.6
120x120x7	квадратная	120.0	120.0		7.0	17.5	29.96	23.52	616.8	102.8	4.54		616.8
120x120x7.5	квадратная	120.0	120.0		7.5	18.75	31.82	24.98	647.3	107.9	4.51		647.3
120x120x8	квадратная	120.0	120.0		8.0	20.0	33.64	26.41	676.2	112.7	4.48		676.2
140x140x4	квадратная	140.0	140.0		4.0	8.0	21.35	16.76	651.5	93.07	5.52		651.5
140x140x4.5	квадратная	140.0	140.0		4.5	9.0	23.87	18.74	722.1	103.2	5.5		722.1
140x140x5	квадратная	140.0	140.0		5.0	10.0	26.36	20.69	790.3	112.9	5.48		790.3
140x140x5.5	квадратная	140.0	140.0		5.5	11.0	28.81	22.62	856.3	122.3	5.45		856.3
140x140x6	квадратная	140.0	140.0		6.0	12.0	31.23	24.52	920.0	131.4	5.43		920.0
140x140x6.5	квадратная	140.0	140.0		6.5	16.25	33.26	26.11	963.6	137.7	5.38		963.6
140x140x7	квадратная	140.0	140.0		7.0	17.5	35.56	27.91	1020.0	145.7	5.36		1020.0
140x140x7.5	квадратная	140.0	140.0		7.5	18.75	37.82	29.69	1074.0	153.5	5.33		1074.0
140x140x8	квадратная	140.0	140.0		8.0	20.0	40.04	31.43	1126.0	160.8	5.3		1126.0
150x150x4	квадратная	150.0	150.0		4.0	8.0	22.95	18.01	807.7	107.7	5.93		807.7
150x150x4.5	квадратная	150.0	150.0		4.5	9.0	25.67	20.15	896.1	119.5	5.91		896.1
150x150x5	квадратная	150.0	150.0		5.0	10.0	28.36	22.26	981.8	130.9	5.88		981.8
150x150x5.5	квадратная	150.0	150.0		5.5	11.0	31.01	24.34	1065.0	142.0	5.86		1065.0
150x150x6	квадратная	150.0	150.0		6.0	12.0	33.63	26.4	1145.0	152.7	5.84		1145.0
150x150x6.5	квадратная	150.0	150.0		6.5	16.25	35.86	28.15	1203.0	160.4	5.79		1203.0
150x150x7	квадратная	150.0	150.0		7.0	17.5	38.36	30.11	1275.0	170.0	5.77		1275.0
150x150x7.5	квадратная	150.0	150.0		7.5	18.75	40.82	32.04	1344.0	179.2	5.74		1344.0
150x150x8	квадратная	150.0	150.0		8.0	20.0	43.24	33.95	1411.0	188.1	5.71		1411.0
160x160x4	квадратная	160.0	160.0		4.0	8.0	24.55	19.27	987.0	123.4	6.34		987.0
160x160x4.5	квадратная	160.0	160.0		4.5	9.0	27.47	21.56	1096.0	137.0	6.32		1096.0
160x160x5	квадратная	160.0	160.0		5.0	10.0	30.36	23.83	1202.0	150.3	6.29		1202.0
160x160x5.5	квадратная	160.0	160.0		5.5	11.0	33.21	26.07	1305.0	163.1	6.27		1305.0
160x160x6	квадратная	160.0	160.0		6.0	12.0	36.03	28.29	1405.0	175.6	6.24		1405.0
160x160x6.5	квадратная	160.0	160.0		6.5	16.25	38.46	30.19	1479.0	184.8	6.2		1479.0
160x160x7	квадратная	160.0	160.0		7.0	17.5	41.16	32.31	1569.0	196.1	6.17		1569.0
160x160x7.5	квадратная	160.0	160.0		7.5	18.75	43.82	34.4	1656.0	207.0	6.15		1656.0
160x160x8	квадратная	160.0	160.0		8.0	20.0	46.44	36.46	1740.0	217.5	6.12		1740.0
180x180x5	квадратная	180.0	180.0		5.0	10.0	34.36	26.97	1737.0	192.9	7.11		1737.0
180x180x5.5	квадратная	180.0	180.0		5.5	11.0	37.61	29.52	1888.0	209.8	7.09		1888.0
180x180x6	квадратная	180.0	180.0		6.0	12.0	40.83	32.05	2036.0	226.2	7.06		2036.0
180x180x6.5	квадратная	180.0	180.0		6.5	16.25	43.66	34.27	2150.0	238.9	7.02		2150.0
180x180x7	квадратная	180.0	180.0		7.0	17.5	46.76	36.7	2286.0	254.0	6.99		2286.0
180x180x7.5	квадратная	180.0	180.0		7.5	18.75	49.82	39.11	2417.0	268.6	6.97		2417.0
180x180x8	квадратная	180.0	180.0		8.0	20.0	52.84	41.48	2545.0	282.7	6.94		2545.0
180x180x8.5	квадратная	180.0	180.0		8.5	21.25	55.83	43.83	2668.0	296.5	6.91		2668.0
180x180x9	квадратная	180.0	180.0		9.0	22.5	58.78	46.14	2787.0	309.7	6.89		2787.0
180x180x9.5	квадратная	180.0	180.0		9.5	23.75	61.69	48.43	2903.0	322.6	6.86		2903.0
180x180x10	квадратная	180.0	180.0		10.0	25.0	64.57	50.68	3015.0	335.0	6.83		3015.0
180x180x10.5	квадратная	180.0	180.0		10.5	31.5	66.45	52.16	3045.0	338.3	6.77		3045.0
180x180x11	квадратная	180.0	180.0		11.0	33.0	69.16	54.29	3141.0	349.0	6.74		3141.0
180x180x11.5	квадратная	180.0	180.0		11.5	34.5	71.82	56.38	3234.0	359.3	6.71		3234.0
180x180x12	квадратная	180.0	180.0		12.0	36.0	74.45	58.44	3322.0	369.1	6.68		3322.0
180x180x12.5	квадратная	180.0	180.0		12.5	37.5	77.03	60.47	3406.0	378.5	6.65		3406.0
180x180x13	квадратная	180.0	180.0		13.0	39.0	79.57	62.46	3486.0	387.4	6.62		3486.0
180x180x13.5	квадратная	180.0	180.0		13.5	40.5	82.07	64.43	3563.0	395.9	6.59		3563.0
180x180x14	квадратная	180.0	180.0		14.0	42.0	84.53	66.36	3635.0	403.9	6.56		3635.0
180x180x14.5	квадратная	180.0	180.0		14.5	43.5	86.95	68.26	3704.0	411.5	6.53		3704.0
180x180x15	квадратная	180.0	180.0		15.0	45.0	89.33	70.12	3768.0	418.7	6.5		3768.0
180x180x15.5	квадратная	180.0	180.0		15.5	46.5	91.66	71.95	3829.0	425.5	6.46		3829.0
180x180x16	квадратная	180.0	180.0		16.0	48.0	93.95	73.75	3886.0	431.8	6.43		3886.0
200x200x5	квадратная	200.0	200.0		5.0	10.0	38.36	30.11	2410.0	241.0	7.93		2410.0
200x200x5.5	квадратная	200.0	200.0		5.5	11.0	42.01	32.98	2624.0	262.4	7.9		2624.0
200x200x6	квадратная	200.0	200.0		6.0	12.0	45.63	35.82	2832.0	283.2	7.88		2832.0
200x200x6.5	квадратная	200.0	200.0		6.5	16.25	48.86	38.35	3000.0	300.0	7.84		3000.0
200x200x7	квадратная	200.0	200.0		7.0	17.5	52.36	41.1	3193.0	319.3	7.81		3193.0
200x200x7.5	квадратная	200.0	200.0		7.5	18.75	55.82	43.82	3382.0	338.2	7.78		3382.0
200x200x8	квадратная	200.0	200.0		8.0	20.0	59.24	46.51	3565.0	356.5	7.76		3565.0
200x200x8.5	квадратная	200.0	200.0		8.5	21.25	62.63	49.16	3743.0	374.3	7.73		3743.0
200x200x9	квадратная	200.0	200.0		9.0	22.5	65.98	51.79	3917.0	391.7	7.7		3917.0
200x200x9.5	квадратная	200.0	200.0		9.5	23.75	69.29	54.39	4085.0	408.5	7.68		4085.0
200x200x10	квадратная	200.0	200.0		10.0	25.0	72.57	56.96	4249.0	424.9	7.65		4249.0
200x200x10.5	квадратная	200.0	200.0		10.5	31.5	74.86	58.76	4309.0	430.9	7.59		4309.0
200x200x11	квадратная	200.0	200.0		11.0	33.0	77.97	61.2	4454.0	445.4	7.56		4454.0
200x200x11.5	квадратная	200.0	200.0		11.5	34.5	81.03	63.61	4593.0	459.3	7.53		4593.0
200x200x12	квадратная	200.0	200.0		12.0	36.0	84.06	65.99	4727.0	472.7	7.5		4727.0
250x250x6	квадратная	250.0	250.0		6.0	12.0	57.63	45.24	5671.0	453.7	9.92		5671.0
250x250x6.5	квадратная	250.0	250.0		6.5	16.25	61.86	48.56	6036.0	482.9	9.88		6036.0
250x250x7	квадратная	250.0	250.0		7.0	17.5	66.36	52.09	6441.0	515.3	9.85		6441.0
250x250x7.5	квадратная	250.0	250.0		7.5	18.75	70.82	55.59	6838.0	547.1	9.83		6838.0
250x250x8	квадратная	250.0	250.0		8.0	20.0	75.24	59.07	7227.0	578.2	9.8		7227.0
250x250x8.5	квадратная	250.0	250.0		8.5	21.25	79.63	62.51	7608.0	608.7	9.77		7608.0
250x250x9	квадратная	250.0	250.0		9.0	22.5	83.98	65.92	7981.0	638.5	9.75		7981.0
250x250x9.5	квадратная	250.0	250.0		9.5	23.75	88.29	69.31	8346.0	667.7	9.72		8346.0
250x250x10	квадратная	250.0	250.0		10.0	25.0	92.57	72.66	8703.0	696.3	9.7		8703.0
250x250x10.5	квадратная	250.0	250.0		10.5	31.5	95.86	75.25	8900.0	712.0	9.64		8900.0
250x250x11	квадратная	250.0	250.0		11.0	33.0	99.97	78.47	9227.0	738.1	9.61		9227.0
250x250x11.5	квадратная	250.0	250.0		11.5	34.5	104.0	81.67	9545.0	763.6	9.58		9545.0
250x250x12	квадратная	250.0	250.0		12.0	36.0	108.1	84.83	9854.0	788.3	9.55		9854.0
300x300x6	квадратная	300.0	300.0		6.0	12.0	69.63	54.66	9963.0	664.2	11.96		9963.0
300x300x6.5	квадратная	300.0	300.0		6.5	16.25	74.86	58.76	10637.0	709.1	11.92		10637.0
300x300x7	квадратная	300.0	300.0		7.0	17.5	80.36	63.08	11370.0	758.0	11.89		11370.0
300x300x7.5	квадратная	300.0	300.0		7.5	18.75	85.82	67.37	12090.0	806.0	11.87		12090.0
300x300x8	квадратная	300.0	300.0		8.0	20.0	91.24	71.63	12798.0	853.2	11.84		12798.0
300x300x8.5	квадратная	300.0	300.0		8.5	21.25	96.63	75.85	13495.0	899.7	11.82		13495.0
300x300x9	квадратная	300.0	300.0		9.0	22.5	102.0	80.05	14180.0	945.3	11.79		14180.0
300x300x9.5	квадратная	300.0	300.0		9.5	23.75	107.3	84.22	14853.0	990.2	11.77		14853.0
300x300x10	квадратная	300.0	300.0		10.0	25.0	112.6	88.36	15515.0	1034.0	11.74		15515.0
300x300x10.5	квадратная	300.0	300.0		10.5	31.5	116.9	91.73	15947.0	1063.0	11.68		15947.0
300x300x11	квадратная	300.0	300.0		11.0	33.0	122.0	95.74	16564.0	1104.0	11.65		16564.0
300x300x11.5	квадратная	300.0	300.0		11.5	34.5	127.0	99.72	17168.0	1145.0	11.63		17168.0
300x300x12	квадратная	300.0	300.0		12.0	36.0	132.1	103.7	17761.0	1184.0	11.6		17761.0
300x300x12.5	квадратная	300.0	300.0		12.5	37.5	137.0	107.6	18347.0	1223.0	11.6		18347.0
300x300x13	квадратная	300.0	300.0		13.0	39.0	142.0	111.4	18915.0	1261.0	11.5		18915.0
300x300x13.5	квадратная	300.0	300.0		13.5	40.5	146.9	115.3	19472.0	1298.0	11.5		19472.0
300x300x14	квадратная	300.0	300.0		14.0	42.0	151.7	119.1	20016.0	1334.0	11.5		20016.0
300x300x14.5	квадратная	300.0	300.0		14.5	43.5	156.5	122.9	20548.0	1370.0	11.5		20548.0
300x300x15	квадратная	300.0	300.0		15.0	45.0	161.3	126.6	21069.0	1405.0	11.4		21069.0
300x300x15.5	квадратная	300.0	300.0		15.5	46.5	166.1	130.4	21577.0	1438.0	11.4		21577.0
300x300x16	квадратная	300.0	300.0		16.0	48.0	170.8	134.0	22074.0	1472.0	11.4		22074.0
300x300x16.5	квадратная	300.0	300.0		16.5	49.5	175.4	137.7	22559.0	1504.0	11.3		22559.0
300x300x17	квадратная	300.0	300.0		17.0	51.0	180.0	141.3	23032.0	1535.0	11.3		23032.0
300x300x17.5	квадратная	300.0	300.0		17.5	52.5	184.6	144.9	23494.0	1566.0	11.3		23494.0
300x300x18	квадратная	300.0	300.0		18.0	54.0	189.1	148.4	23945.0	1596.0	11.3		23945.0
300x300x18.5	квадратная	300.0	300.0		18.5	55.5	193.6	152.0	24383.0	1626.0	11.2		24383.0
300x300x19	квадратная	300.0	300.0		19.0	57.0	198.0	155.5	24811.0	1654.0	11.2		24811.0
300x300x20	квадратная	300.0	300.0		20.0	60.0	206.8	162.3	25632.0	1709.0	11.1		25632.0
300x300x21	квадратная	300.0	300.0		21.0	63.0	215.4	169.1	26408.0	1761.0	11.1		26408.0
300x300x22	квадратная	300.0	300.0		22.0	66.0	223.8	175.7	27140.0	1809.0	11.0		27140.0
350x350x6	квадратная	350.0	350.0		6.0	12.0	81.63	64.08	16007.0	915.0	14.0		16007.0
350x350x6.5	квадратная	350.0	350.0		6.5	16.25	87.86	68.97	17129.0	979.0	14.0		17129.0
350x350x7	квадратная	350.0	350.0		7.0	17.5	94.35	74.07	18329.0	1047.0	13.9		18329.0
350x350x7.5	квадратная	350.0	350.0		7.5	18.75	100.8	79.14	19512.0	1115.0	13.9		19512.0
350x350x8	квадратная	350.0	350.0		8.0	20.0	107.2	84.18	20680.0	1182.0	13.9		20680.0
350x350x8.5	квадратная	350.0	350.0		8.5	21.25	113.6	89.2	21831.0	1247.0	13.9		21831.0
350x350x9	квадратная	350.0	350.0		9.0	22.5	120.0	94.18	22966.0	1312.0	13.8		22966.0
350x350x9.5	квадратная	350.0	350.0		9.5	23.75	126.3	99.13	24085.0	1376.0	13.8		24085.0
350x350x10	квадратная	350.0	350.0		10.0	25.0	132.6	104.1	25188.0	1439.0	13.8		25188.0
350x350x10.5	квадратная	350.0	350.0		10.5	31.5	137.8	108.2	25977.0	1484.0	13.7		25977.0
350x350x11	квадратная	350.0	350.0		11.0	33.0	144.0	113.0	27019.0	1544.0	13.7		27019.0
350x350x11.5	квадратная	350.0	350.0		11.5	34.5	150.0	117.8	28044.0	1603.0	13.7		28044.0
350x350x12	квадратная	350.0	350.0		12.0	36.0	156.0	122.5	29052.0	1660.0	13.6		29052.0
350x350x12.5	квадратная	350.0	350.0		12.5	37.5	162.0	127.2	30043.0	1717.0	13.6		30043.0
350x350x13	квадратная	350.0	350.0		13.0	39.0	168.0	131.9	31016.0	1772.0	13.6		31016.0
350x350x13.5	квадратная	350.0	350.0		13.5	40.5	173.9	136.5	31973.0	1827.0	13.6		31973.0
350x350x14.5	квадратная	350.0	350.0		14.5	43.5	185.5	145.7	33837.0	1934.0	13.5		33837.0
350x350x15	квадратная	350.0	350.0		15.0	45.0	191.3	150.2	34744.0	1985.0	13.5		34744.0
350x350x15.5	квадратная	350.0	350.0		15.5	46.5	197.1	154.7	35634.0	2036.0	13.4		35634.0
350x350x16	квадратная	350.0	350.0		16.0	48.0	202.8	159.2	36508.0	2086.0	13.4		36508.0
350x350x16.5	квадратная	350.0	350.0		16.5	49.5	208.4	163.6	37366.0	2135.0	13.4		37366.0
350x350x17	квадратная	350.0	350.0		17.0	51.0	214.0	168.0	38207.0	2183.0	13.4		38207.0
350x350x17.5	квадратная	350.0	350.0		17.5	52.5	219.6	172.4	39032.0	2230.0	13.3		39032.0
350x350x18	квадратная	350.0	350.0		18.0	54.0	225.1	176.7	39841.0	2277.0	13.3		39841.0
350x350x18.5	квадратная	350.0	350.0		18.5	55.5	230.6	181.0	40634.0	2322.0	13.3		40634.0
350x350x19	квадратная	350.0	350.0		19.0	57.0	236.0	185.3	41411.0	2366.0	13.2		41411.0
350x350x20	квадратная	350.0	350.0		20.0	60.0	246.8	193.7	42917.0	2452.0	13.2		42917.0
350x350x21	квадратная	350.0	350.0		21.0	63.0	257.4	202.1	44360.0	2535.0	13.1		44360.0
350x350x22	квадратная	350.0	350.0		22.0	66.0	267.8	210.2	45741.0	2614.0	13.1		45741.0
400x400x7	квадратная	400.0	400.0		7.0	17.5	108.4	85.1	27667.0	1383.0	15.98		27667.0
400x400x7.5	квадратная	400.0	400.0		7.5	18.75	115.8	90.9	29478.0	1474.0	15.95		29478.0
400x400x8	квадратная	400.0	400.0		8.0	20.0	123.2	96.7	31268.0	1563.0	15.93		31268.0
400x400x8.5	квадратная	400.0	400.0		8.5	21.25	130.6	102.5	33036.0	1652.0	15.9		33036.0
400x400x9	квадратная	400.0	400.0		9.0	22.5	138.0	108.3	34783.0	1739.0	15.88		34783.0
400x400x9.5	квадратная	400.0	400.0		9.5	23.75	145.3	114.0	36509.0	1825.0	15.85		36509.0
400x400x10	квадратная	400.0	400.0		10.0	25.0	152.6	119.8	38214.0	1911.0	15.83		38214.0
400x400x10.5	квадратная	400.0	400.0		10.5	31.5	158.8	124.7	39510.0	1976.0	15.77		39510.0
400x400x11	квадратная	400.0	400.0		11.0	33.0	166.0	130.3	41135.0	2057.0	15.74		41135.0
400x400x11.5	квадратная	400.0	400.0		11.5	34.5	173.0	135.8	42737.0	2137.0	15.72		42737.0
400x400x12	квадратная	400.0	400.0		12.0	36.0	180.0	141.3	44316.0	2216.0	15.69		44316.0
400x400x12.5	квадратная	400.0	400.0		12.5	37.5	187.0	146.8	45873.0	2294.0	15.66		45873.0
400x400x13	квадратная	400.0	400.0		13.0	39.0	194.0	152.3	47408.0	2370.0	15.63		47408.0
400x400x13.5	квадратная	400.0	400.0		13.5	40.5	200.9	157.7	48920.0	2446.0	15.61		48920.0
400x400x14	квадратная	400.0	400.0		14.0	42.0	207.7	163.1	50410.0	2520.0	15.58		50410.0
400x400x14.5	квадратная	400.0	400.0		14.5	43.5	214.5	168.4	51878.0	2594.0	15.55		51878.0
400x400x15	квадратная	400.0	400.0		15.0	45.0	221.3	173.7	53323.0	2666.0	15.52		53323.0
400x400x15.5	квадратная	400.0	400.0		15.5	46.5	228.1	179.0	54747.0	2737.0	15.49		54747.0
400x400x16	квадратная	400.0	400.0		16.0	48.0	234.8	184.3	56149.0	2807.0	15.47		56149.0
400x400x16.5	квадратная	400.0	400.0		16.5	49.5	241.4	189.5	57529.0	2876.0	15.44		57529.0
400x400x17	квадратная	400.0	400.0		17.0	51.0	248.0	194.7	58888.0	2944.0	15.41		58888.0
400x400x17.5	квадратная	400.0	400.0		17.5	52.5	254.6	199.8	60224.0	3011.0	15.38		60224.0
400x400x18	квадратная	400.0	400.0		18.0	54.0	261.1	205.0	61540.0	3077.0	15.35		61540.0
400x400x18.5	квадратная	400.0	400.0		18.5	55.5	267.6	210.1	62833.0	3142.0	15.32		62833.0
400x400x19	квадратная	400.0	400.0		19.0	57.0	274.0	215.1	64106.0	3205.0	15.29		64106.0
400x400x20	квадратная	400.0	400.0		20.0	60.0	286.8	225.1	66587.0	3329.0	15.24		66587.0
400x400x21	квадратная	400.0	400.0		21.0	63.0	299.4	235.0	68984.0	3449.0	15.18		68984.0
400x400x22	квадратная	400.0	400.0		22.0	66.0	311.83	279.3	71284.0	3564.0	15.12		71284.57
450x450x7	квадратная	450.0	450.0		7.0	17.5	122.4	96.0	39735.0	1766.0	18.02		39735.0
450x450x7.5	квадратная	450.0	450.0		7.5	18.75	130.8	102.7	42363.0	1883.0	18.0		42363.0
450x450x8	квадратная	450.0	450.0		8.0	20.0	139.2	109.3	44965.0	1998.0	17.97		44965.0
450x450x8.5	квадратная	450.0	450.0		8.5	21.25	147.6	115.9	47538.0	2113.0	17.94		47538.0
450x450x9	квадратная	450.0	450.0		9.0	22.5	156.0	122.4	50085.0	2226.0	17.92		50085.0
450x450x9.5	квадратная	450.0	450.0		9.5	23.75	164.3	129.0	52605.0	2338.0	17.89		52605.0
450x450x10	квадратная	450.0	450.0		10.0	25.0	172.6	135.5	55097.0	2449.0	17.87		55097.0
450x450x10.5	квадратная	450.0	450.0		10.5	31.5	179.8	141.2	57074.0	2537.0	17.81		57074.0
450x450x11	квадратная	450.0	450.0		11.0	33.0	188.0	147.5	59465.0	2643.0	17.79		59465.0
450x450x11.5	квадратная	450.0	450.0		11.5	34.5	196.0	153.9	61827.0	2748.0	17.76		61827.0
450x450x12	квадратная	450.0	450.0		12.0	36.0	204.0	160.2	64160.0	2852.0	17.73		64160.0
450x450x12.5	квадратная	450.0	450.0		12.5	37.5	212.0	166.4	66464.0	2954.0	17.7		66464.0
450x450x13	квадратная	450.0	450.0		13.0	39.0	220.0	172.7	68739.0	3055.0	17.68		68739.0
450x450x13.5	квадратная	450.0	450.0		13.5	40.5	227.9	178.9	70986.0	3155.0	17.65		70986.0
450x450x14	квадратная	450.0	450.0		14.0	42.0	235.7	185.0	73205.0	3254.0	17.62		73205.0
450x450x14.5	квадратная	450.0	450.0		14.5	43.5	243.5	191.2	75395.0	3351.0	17.59		75395.0
450x450x15	квадратная	450.0	450.0		15.0	45.0	251.3	197.3	77557.0	3447.0	17.57		77557.0
450x450x15.5	квадратная	450.0	450.0		15.5	46.5	259.1	203.4	79691.0	3542.0	17.54		79691.0
450x450x16	квадратная	450.0	450.0		16.0	48.0	266.8	209.4	81796.0	3635.0	17.51		81796.0
450x450x16.5	квадратная	450.0	450.0		16.5	49.5	274.4	215.4	83874.0	3728.0	17.48		83874.0
450x450x17	квадратная	450.0	450.0		17.0	51.0	282.0	221.4	85924.0	3819.0	17.46		85924.0
450x450x17.5	квадратная	450.0	450.0		17.5	52.5	289.6	227.3	87946.0	3909.0	17.43		87946.0
450x450x18	квадратная	450.0	450.0		18.0	54.0	297.1	233.2	89940.0	3997.0	17.4		89940.0
450x450x18.5	квадратная	450.0	450.0		18.5	55.5	304.6	239.1	91907.0	4085.0	17.37		91907.0
450x450x19	квадратная	450.0	450.0		19.0	57.0	312.0	244.9	93846.0	4171.0	17.34		93846.0
450x450x20	квадратная	450.0	450.0		20.0	60.0	326.8	256.5	97642.0	4340.0	17.29		97642.0
450x450x21	квадратная	450.0	450.0		21.0	63.0	341.4	268.0	101330.0	4504.0	17.23		101330.0
450x450x22	квадратная	450.0	450.0		22.0	66.0	355.8	279.3	104910.0	4663.0	17.17		104910.0
500x500x8	квадратная	500.0	500.0		8.0	20.0	155.2	121.9	62170.0	2487.0	20.01		62170.0
500x500x8.5	квадратная	500.0	500.0		8.5	21.25	164.6	129.2	65762.0	2630.0	19.99		65762.0
500x500x9	квадратная	500.0	500.0		9.0	22.5	174.0	136.6	69321.0	2773.0	19.96		69321.0
500x500x9.5	квадратная	500.0	500.0		9.5	23.75	183.3	143.9	72846.0	2914.0	19.94		72846.0
500x500x10	квадратная	500.0	500.0		10.0	25.0	192.6	151.2	76338.0	3054.0	19.91		76338.0
500x500x10.5	квадратная	500.0	500.0		10.5	31.5	200.8	157.7	79193.0	3168.0	19.86		79193.0
500x500x11	квадратная	500.0	500.0		11.0	33.0	210.0	164.8	82558.0	3302.0	19.83		82558.0
500x500x11.5	квадратная	500.0	500.0		11.5	34.5	219.0	171.9	85888.0	3436.0	19.8		85888.0
500x500x12	квадратная	500.0	500.0		12.0	36.0	228.0	179.0	89181.0	3567.0	19.78		89181.0
500x500x12.5	квадратная	500.0	500.0		12.5	37.5	237.0	186.1	92439.0	3698.0	19.75		92439.0
500x500x13	квадратная	500.0	500.0		13.0	39.0	246.0	193.1	95661.0	3826.0	19.72		95661.0
500x500x13.5	квадратная	500.0	500.0		13.5	40.5	254.9	200.1	98848.0	3954.0	19.69		98848.0
500x500x14	квадратная	500.0	500.0		14.0	42.0	263.7	207.0	101998.0	4080.0	19.67		101998.0
500x500x14.5	квадратная	500.0	500.0		14.5	43.5	272.5	214.0	105114.0	4205.0	19.64		105114.0
500x500x15	квадратная	500.0	500.0		15.0	45.0	281.3	220.8	108194.0	4328.0	19.61		108194.0
500x500x15.5	квадратная	500.0	500.0		15.5	46.5	290.1	227.7	111240.0	4450.0	19.58		111240.0
500x500x16	квадратная	500.0	500.0		16.0	48.0	298.8	234.5	114250.0	4570.0	19.56		114250.0
500x500x16.5	квадратная	500.0	500.0		16.5	49.5	307.4	241.3	117225.0	4689.0	19.53		117225.0
500x500x17	квадратная	500.0	500.0		17.0	51.0	316.0	248.1	120165.0	4807.0	19.5		120165.0
500x500x17.5	квадратная	500.0	500.0		17.5	52.5	324.6	254.8	123071.0	4923.0	19.47		123071.0
500x500x18	квадратная	500.0	500.0		18.0	54.0	333.1	261.5	125942.0	5038.0	19.44		125942.0
500x500x18.5	квадратная	500.0	500.0		18.5	55.5	341.6	268.2	128779.0	5151.0	19.42		128779.0
500x500x19	квадратная	500.0	500.0		19.0	57.0	350.0	274.8	131581.0	5263.0	19.39		131581.0
500x500x20	квадратная	500.0	500.0		20.0	60.0	366.8	287.9	137083.0	5483.0	19.33		137083.0
500x500x21	квадратная	500.0	500.0		21.0	63.0	383.4	301.0	142448.0	5698.0	19.28		142448.0
500x500x22	квадратная	500.0	500.0		22.0	66.0	399.8	313.9	147678.0	5907.0	19.22		147678.0
50x25x2	прямоугольная	50.0	25.0		2.0	4.0	2.74	2.15	8.38	3.35	1.75		2.8
50x25x2.5	прямоугольная	50.0	25.0		2.5	5.0	3.34	2.62	9.88	3.95	1.72		3.27
50x25x3	прямоугольная	50.0	25.0		3.0	6.0	3.91	3.07	11.17	4.47	1.69		3.65
50x25x3.5	прямоугольная	50.0	25.0		3.5	7.0	4.44	3.49	12.24	4.9	1.66		3.96
50x25x4	прямоугольная	50.0	25.0		4.0	8.0	4.95	3.88	13.12	5.25	1.63		4.19
50x30x2	прямоугольная	50.0	30.0		2.0	4.0	2.94	2.31	9.53	3.81	1.8		4.29
50x30x2.5	прямоугольная	50.0	30.0		2.5	5.0	3.59	2.82	11.29	4.52	1.77		5.04
50x30x3	прямоугольная	50.0	30.0		3.0	6.0	4.21	3.3	12.82	5.13	1.75		5.68
50x30x3.5	прямоугольная	50.0	30.0		3.5	7.0	4.79	3.76	14.13	5.65	1.72		6.22
50x30x4	прямоугольная	50.0	30.0		4.0	8.0	5.35	4.2	15.24	6.09	1.69		6.66
50x30x5	прямоугольная	50.0	30.0		5.0	10.0	6.36	4.99	16.85	6.74	1.63		7.26
50x40x2	прямоугольная	50.0	40.0		2.0	4.0	3.34	2.62	11.84	4.73	1.88		8.38
50x40x2.5	прямоугольная	50.0	40.0		2.5	5.0	4.09	3.21	14.11	5.65	1.86		9.97
50x40x3	прямоугольная	50.0	40.0		3.0	6.0	4.81	3.77	16.14	6.45	1.83		11.36
50x40x3.5	прямоугольная	50.0	40.0		3.5	7.0	5.49	4.31	17.92	7.17	1.81		12.59
50x40x4	прямоугольная	50.0	40.0		4.0	8.0	6.15	4.83	19.47	7.79	1.78		13.64
50x40x4.5	прямоугольная	50.0	40.0		4.5	9.0	6.77	5.31	20.8	8.32	1.75		14.54
50x40x5	прямоугольная	50.0	40.0		5.0	10.0	7.36	5.77	21.91	8.77	1.73		15.28
60x30x2	прямоугольная	60.0	30.0		2.0	4.0	3.34	2.93	15.04	5.01	2.12		5.08
60x30x2.5	прямоугольная	60.0	30.0		2.5	5.0	4.09	3.21	17.93	5.98	2.09		5.99
60x30x3	прямоугольная	60.0	30.0		3.0	6.0	4.81	3.77	20.49	6.83	2.06		6.78
60x30x3.5	прямоугольная	60.0	30.0		3.5	7.0	5.49	4.31	22.74	7.58	2.03		7.45
60x30x4	прямоугольная	60.0	30.0		4.0	8.0	6.15	4.83	24.69	8.23	2.0		8.01
60x30x4.5	прямоугольная	60.0	30.0		4.5	9.0	6.77	5.31	26.34	8.78	1.97		8.47
60x30x5	прямоугольная	60.0	30.0		5.0	10.0	7.36	5.77	27.72	9.24	1.94		8.83
60x30x5.5	прямоугольная	60.0	30.0		5.5	11.0	7.91	6.21	28.84	9.61	1.91		9.1
60x30x6	прямоугольная	60.0	30.0		6.0	12.0	8.43	6.62	29.69	9.9	1.88		9.28
60x40x2	прямоугольная	60.0	40.0		2.0	4.0	3.74	2.93	18.41	6.14	2.22		9.82
60x40x2.5	прямоугольная	60.0	40.0		2.5	5.0	4.59	3.6	22.06	7.35	2.19		11.72
60x40x3	прямоугольная	60.0	40.0		3.0	6.0	5.41	4.25	25.37	8.46	2.17		13.42
60x40x3.5	прямоугольная	60.0	40.0		3.5	7.0	6.19	4.86	28.33	9.44	2.14		14.92
60x40x4	прямоугольная	60.0	40.0		4.0	8.0	6.95	5.45	30.96	10.32	2.11		16.23
60x40x4.5	прямоугольная	60.0	40.0		4.5	9.0	7.67	6.02	33.28	11.09	2.08		17.37
60x40x5	прямоугольная	60.0	40.0		5.0	10.0	8.36	6.56	35.29	11.76	2.05		18.34
60x40x5.5	прямоугольная	60.0	40.0		5.5	11.0	9.01	7.07	37.0	12.33	2.03		19.16
60x40x6	прямоугольная	60.0	40.0		6.0	12.0	9.63	7.56	38.44	12.81	2.0		19.82
70x50x2	прямоугольная	70.0	50.0		2.0	4.0	4.54	3.56	31.47	8.99	2.63		18.75
70x50x2.5	прямоугольная	70.0	50.0		2.5	5.0	5.59	4.39	38.0	10.86	2.61		22.57
70x50x3	прямоугольная	70.0	50.0		3.0	6.0	6.61	5.19	44.03	12.58	2.58		26.08
70x50x3.5	прямоугольная	70.0	50.0		3.5	7.0	7.59	5.96	49.57	14.16	2.55		29.27
70x50x4	прямоугольная	70.0	50.0		4.0	8.0	8.55	6.71	54.64	15.61	2.53		32.16
70x50x4.5	прямоугольная	70.0	50.0		4.5	9.0	9.47	7.43	59.24	16.93	2.5		34.77
70x50x5	прямоугольная	70.0	50.0		5.0	10.0	10.36	8.13	63.4	18.11	2.47		37.1
70x50x5.5	прямоугольная	70.0	50.0		5.5	11.0	11.21	8.8	67.12	19.18	2.45		39.17
70x50x6	прямоугольная	70.0	50.0		6.0	12.0	12.03	9.45	70.43	20.12	2.42		40.98
80x40x2	прямоугольная	80.0	40.0		2.0	4.0	4.54	3.56	37.35	9.34	2.87		12.71
80x40x2.5	прямоугольная	80.0	40.0		2.5	5.0	5.59	4.39	45.1	11.27	2.84		15.24
80x40x3	прямоугольная	80.0	40.0		3.0	6.0	6.61	5.19	52.24	13.06	2.81		17.52
80x40x3.5	прямоугольная	80.0	40.0		3.5	7.0	7.59	5.86	58.79	14.7	2.78		19.58
80x40x4	прямоугольная	80.0	40.0		4.0	8.0	8.55	6.71	64.77	16.19	2.75		21.42
80x40x4.5	прямоугольная	80.0	40.0		4.5	9.0	9.47	7.43	70.19	17.55	2.72		23.04
80x40x5	прямоугольная	80.0	40.0		5.0	10.0	10.36	8.13	75.07	18.77	2.69		24.47
80x40x5.5	прямоугольная	80.0	40.0		5.5	11.0	11.21	8.8	79.42	19.86	2.66		25.7
80x40x6	прямоугольная	80.0	40.0		6.0	12.0	12.03	9.45	83.26	20.82	2.63		26.75
80x60x2	прямоугольная	80.0	60.0		2.0	4.0	5.34	4.19	49.52	12.38	3.05		31.87
80x60x2.5	прямоугольная	80.0	60.0		2.5	5.0	6.59	5.17	60.11	15.03	3.02		38.61
80x60x3	прямоугольная	80.0	60.0		3.0	6.0	7.81	6.13	70.02	17.51	2.99		44.86
80x60x3.5	прямоугольная	80.0	60.0		3.5	7.0	8.99	7.06	79.27	19.82	2.97		50.67
80x60x4	прямоугольная	80.0	60.0		4.0	8.0	10.15	7.97	87.87	21.97	2.94		56.05
80x60x4.5	прямоугольная	80.0	60.0		4.5	9.0	11.27	8.85	95.84	23.96	2.92		61.0
80x60x5	прямоугольная	80.0	60.0		5.0	10.0	12.36	9.7	103.2	25.8	2.89		65.54
80x60x5.5	прямоугольная	80.0	60.0		5.5	11.0	13.41	10.53	109.9	27.49	2.86		69.68
80x60x6	прямоугольная	80.0	60.0		6.0	12.0	14.43	11.33	116.1	29.03	2.84		73.43
80x60x6.5	прямоугольная	80.0	60.0		6.5	16.25	15.06	11.82	115.9	28.98	2.77		73.58
80x60x7	прямоугольная	80.0	60.0		7.0	17.5	15.96	12.53	120.1	30.01	2.74		76.1
80x70x3	прямоугольная	80.0	70.0		3.0	6.0	8.41	6.6	78.92	19.73	3.06		64.23
80x70x3.5	прямоугольная	80.0	70.0		3.5	7.0	9.69	7.61	89.51	22.38	3.04		72.79
80x70x4	прямоугольная	80.0	70.0		4.0	8.0	10.95	8.59	99.42	24.86	3.01		80.77
80x70x4.5	прямоугольная	80.0	70.0		4.5	9.0	12.17	9.55	108.7	27.17	2.99		88.2
80x70x5	прямоугольная	80.0	70.0		5.0	10.0	13.36	10.48	117.3	29.31	2.96		95.09
80x70x5.5	прямоугольная	80.0	70.0		5.5	11.0	14.51	11.39	125.2	31.3	2.94		101.5
80x70x6	прямоугольная	80.0	70.0		6.0	12.0	15.63	12.27	132.5	33.14	2.91		107.3
80x70x6.5	прямоугольная	80.0	70.0		6.5	16.25	16.36	12.84	133.5	33.37	2.86		108.2
80x70x7	прямоугольная	80.0	70.0		7.0	17.5	17.36	13.63	138.7	34.68	2.83		112.4
90x50x3	прямоугольная	90.0	50.0		3.0	6.0	7.81	6.13	81.83	18.19	3.24		32.7
90x50x3.5	прямоугольная	90.0	50.0		3.5	7.0	8.99	7.06	92.63	20.59	3.21		36.84
90x50x4	прямоугольная	90.0	50.0		4.0	8.0	10.15	7.97	102.7	22.82	3.18		40.63
90x50x4.5	прямоугольная	90.0	50.0		4.5	9.0	11.27	8.85	112.0	24.88	3.15		44.09
90x50x5	прямоугольная	90.0	50.0		5.0	10.0	12.36	9.7	120.5	26.79	3.12		47.23
90x50x5.5	прямоугольная	90.0	50.0		5.5	11.0	13.41	10.53	128.4	28.53	3.09		50.06
90x50x6	прямоугольная	90.0	50.0		6.0	12.0	14.43	11.33	135.6	30.13	3.06		52.59
90x50x6.5	прямоугольная	90.0	50.0		6.5	16.25	15.06	11.82	134.7	29.93	2.99		52.62
90x50x7	прямоугольная	90.0	50.0		7.0	17.5	15.96	12.53	139.4	30.97	2.96		54.27
90x60x3	прямоугольная	90.0	60.0		3.0	6.0	8.41	6.6	93.2	20.71	3.33		49.76
90x60x3.5	прямоугольная	90.0	60.0		3.5	7.0	9.69	7.61	105.75	23.5	3.3		56.31
90x60x4	прямоугольная	90.0	60.0		4.0	8.0	10.95	8.59	117.5	26.1	3.28		62.32
90x60x4.5	прямоугольная	90.0	60.0		4.5	9.0	12.17	9.55	128.4	28.54	3.25		67.93
90x60x5	прямоугольная	90.0	60.0		5.0	10.0	13.36	10.48	138.6	30.8	3.22		73.1
90x60x5.5	прямоугольная	90.0	60.0		5.5	11.0	14.51	11.39	148.0	32.9	3.19		77.84
90x60x6	прямоугольная	90.0	60.0		6.0	12.0	15.63	12.27	156.7	34.83	3.17		82.18
90x60x7	прямоугольная	90.0	60.0		7.0	17.5	17.36	13.63	163.5	36.33	3.07		85.93
100x40x3	прямоугольная	100.0	40.0		3.0	6.0	7.81	6.13	92.33	18.47	3.44		21.63
100x40x3.5	прямоугольная	100.0	40.0		3.5	7.0	8.99	7.06	104.4	20.89	3.41		24.24
100x40x4	прямоугольная	100.0	40.0		4.0	8.0	10.15	7.97	115.7	23.13	3.38		26.6
100x40x4.5	прямоугольная	100.0	40.0		4.5	9.0	11.27	8.85	126.0	25.21	3.34		28.71
100x40x5	прямоугольная	100.0	40.0		5.0	10.0	12.36	9.7	135.6	27.11	3.31		30.59
100x40x5.5	прямоугольная	100.0	40.0		5.5	11.0	13.41	10.53	144.3	28.85	3.28		32.25
100x40x6	прямоугольная	100.0	40.0		6.0	12.0	14.43	11.33	152.2	30.43	3.25		33.69
100x40x6.5	прямоугольная	100.0	40.0		6.5	16.25	15.06	11.82	150.1	30.03	3.16		33.54
100x40x7	прямоугольная	100.0	40.0		7.0	17.5	15.96	12.53	155.0	31.01	3.12		34.39
100x50x3	прямоугольная	100.0	50.0		3.0	6.0	8.41	6.6	106.4	21.29	3.56		36.02
100x50x3.5	прямоугольная	100.0	50.0		3.5	7.0	9.69	7.61	120.7	24.15	3.53		40.62
100x50x4	прямоугольная	100.0	50.0		4.0	8.0	10.95	8.59	134.1	26.82	3.5		44.86
100x50x4.5	прямоугольная	100.0	50.0		4.5	9.0	12.17	9.55	146.6	29.31	3.47		48.74
100x50x5	прямоугольная	100.0	50.0		5.0	10.0	13.36	10.48	158.1	31.62	3.44		52.29
100x50x5.5	прямоугольная	100.0	50.0		5.5	11.0	14.51	11.39	168.8	33.76	3.41		55.5
100x50x6	прямоугольная	100.0	50.0		6.0	12.0	15.63	12.27	178.7	35.73	3.38		58.4
100x50x6.5	прямоугольная	100.0	50.0		6.5	16.25	16.36	12.84	178.6	35.71	3.3		58.77
100x50x7	прямоугольная	100.0	50.0		7.0	17.5	17.36	13.63	185.3	37.06	3.27		60.74
100x60x3	прямоугольная	100.0	60.0		3.0	6.0	9.01	7.07	120.6	24.11	3.66		54.61
100x60x3.5	прямоугольная	100.0	60.0		3.5	7.0	10.39	8.16	137.0	27.41	3.63		61.85
100x60x4	прямоугольная	100.0	60.0		4.0	8.0	11.75	9.22	152.5	30.51	3.6		68.59
100x60x4.5	прямоугольная	100.0	60.0		4.5	9.0	13.07	10.26	167.1	33.42	3.58		74.86
100x60x5	прямоугольная	100.0	60.0		5.0	10.0	14.36	11.27	180.7	36.14	3.55		80.66
100x60x5.5	прямоугольная	100.0	60.0		5.5	11.0	15.61	12.25	193.4	38.68	3.52		86.01
100x60x6	прямоугольная	100.0	60.0		6.0	12.0	16.83	13.21	205.2	41.03	3.49		90.93
100x60x6.5	прямоугольная	100.0	60.0		6.5	16.25	17.66	13.86	207.0	41.39	3.42		92.18
100x60x7	прямоугольная	100.0	60.0		7.0	17.5	18.76	14.72	215.6	43.12	3.39		95.77
120x40x3	прямоугольная	120.0	40.0		3.0	6.0	9.01	7.07	148.0	24.67	4.05		25.74
120x40x3.5	прямоугольная	120.0	40.0		3.5	7.0	10.39	8.16	168.1	28.01	4.02		28.91
120x40x4	прямоугольная	120.0	40.0		4.0	8.0	11.75	9.22	186.9	31.14	3.99		31.79
120x40x4.5	прямоугольная	120.0	40.0		4.5	9.0	13.07	10.26	204.4	34.07	3.96		34.38
120x40x5	прямоугольная	120.0	40.0		5.0	10.0	14.36	11.27	220.8	36.79	3.92		36.72
120x40x5.5	прямоугольная	120.0	40.0		5.5	11.0	15.61	12.25	235.9	39.32	3.89		38.79
120x40x6	прямоугольная	120.0	40.0		6.0	12.0	16.83	13.21	249.9	41.65	3.85		40.63
120x40x6.5	прямоугольная	120.0	40.0		6.5	16.25	17.66	13.86	249.6	41.6	3.76		40.84
120x40x7	прямоугольная	120.0	40.0		7.0	17.5	18.76	14.72	259.2	43.21	3.72		42.01
120x60x3	прямоугольная	120.0	60.0		3.0	6.0	10.21	8.01	189.1	31.52	4.3		64.35
120x60x3.5	прямоугольная	120.0	60.0		3.5	7.0	11.79	9.26	215.6	35.93	4.28		73.02
120x60x4	прямоугольная	120.0	60.0		4.0	8.0	13.35	10.48	240.7	40.12	4.25		81.14
120x60x4.5	прямоугольная	120.0	60.0		4.5	9.0	14.87	11.67	264.5	44.08	4.22		88.72
120x60x5	прямоугольная	120.0	60.0		5.0	10.0	16.36	12.84	286.9	47.82	4.19		95.79
120x60x5.5	прямоугольная	120.0	60.0		5.5	11.0	17.81	13.98	308.0	51.34	4.16		102.3
120x60x6	прямоугольная	120.0	60.0		6.0	12.0	19.23	15.1	327.9	54.65	4.13		108.4
120x60x6.5	прямоугольная	120.0	60.0		6.5	16.25	20.26	15.9	333.3	55.56	4.06		110.8
120x60x7	прямоугольная	120.0	60.0		7.0	17.5	21.56	16.92	348.6	58.1	4.02		115.4
120x80x3	прямоугольная	120.0	80.0		3.0	6.0	11.41	8.96	230.2	38.36	4.49		123.4
120x80x3.5	прямоугольная	120.0	80.0		3.5	7.0	13.19	10.36	263.1	43.85	4.47		140.7
120x80x4	прямоугольная	120.0	80.0		4.0	8.0	14.95	11.73	294.5	49.09	4.44		157.2
120x80x4.5	прямоугольная	120.0	80.0		4.5	9.0	16.67	13.08	324.5	54.08	4.41		172.8
120x80x5	прямоугольная	120.0	80.0		5.0	10.0	18.36	14.41	353.0	58.84	4.39		187.6
120x80x5.5	прямоугольная	120.0	80.0		5.5	11.0	20.01	15.71	380.1	63.36	4.36		201.5
120x80x6	прямоугольная	120.0	80.0		6.0	12.0	21.63	16.98	405.9	67.64	4.33		214.7
120x80x6.5	прямоугольная	120.0	80.0		6.5	16.25	22.86	17.94	417.1	69.51	4.27		221.3
120x80x7	прямоугольная	120.0	80.0		7.0	17.5	24.36	19.12	438.0	73.0	4.24		232.0
140x60x3	прямоугольная	140.0	60.0		3.0	6.0	11.41	8.96	278.1	39.72	4.94		74.1
140x60x3.5	прямоугольная	140.0	60.0		3.5	7.0	13.19	10.36	317.7	45.39	4.91		84.19
140x60x4	прямоугольная	140.0	60.0		4.0	8.0	14.95	11.73	355.5	50.79	4.88		93.68
140x60x4.5	прямоугольная	140.0	60.0		4.5	9.0	16.67	13.08	391.6	55.94	4.85		102.6
140x60x5	прямоугольная	140.0	60.0		5.0	10.0	18.36	14.41	425.8	60.83	4.82		110.9
140x60x5.5	прямоугольная	140.0	60.0		5.5	11.0	20.01	15.71	458.3	65.47	4.79		118.7
140x60x6	прямоугольная	140.0	60.0		6.0	12.0	21.63	16.98	489.1	69.87	4.75		125.9
140x60x6.5	прямоугольная	140.0	60.0		6.5	16.25	22.86	17.94	500.2	71.46	4.66		129.4
140x60x7	прямоугольная	140.0	60.0		7.0	17.5	24.36	19.12	524.8	74.97	4.64		135.1
140x100x4	прямоугольная	140.0	100.0		4.0	8.0	18.15	14.25	503.5	71.93	5.27		300.0
140x100x4.5	прямоугольная	140.0	100.0		4.5	9.0	20.27	15.91	556.8	79.54	5.24		331.2
140x100x5	прямоугольная	140.0	100.0		5.0	10.0	22.36	17.55	608.1	86.87	5.22		361.2
140x100x6	прямоугольная	140.0	100.0		6.0	12.0	26.43	20.75	704.5	100.6	5.16		417.2
140x100x6.5	прямоугольная	140.0	100.0		6.5	16.25	28.06	22.03	731.9	104.6	5.11		434.3
140x100x7	прямоугольная	140.0	100.0		7.0	17.5	29.96	23.52	772.4	110.3	5.08		457.8
140x110x4	прямоугольная	140.0	110.0		4.0	8.0	18.95	14.87	540.6	77.23	5.34		373.4
140x110x4.5	прямоугольная	140.0	110.0		4.5	9.0	21.17	16.62	598.2	85.46	5.32		412.8
140x110x5	прямоугольная	140.0	110.0		5.0	10.0	23.36	18.33	653.8	93.4	5.29		450.7
140x110x5.5	прямоугольная	140.0	110.0		5.5	11.0	25.51	20.02	707.2	101.0	5.27		487.1
140x110x6	прямоугольная	140.0	110.0		6.0	12.0	27.63	21.69	758.7	108.4	5.24		522.0
140x110x6.5	прямоугольная	140.0	110.0		6.5	16.25	29.36	23.04	790.1	112.9	5.19		544.4
140x110x7	прямоугольная	140.0	110.0		7.0	17.5	31.35	24.61	834.7	119.2	5.16		574.7
140x120x4	прямоугольная	140.0	120.0		4.0	8.0	19.75	15.5	577.5	82.5	5.41		456.0
140x120x4.5	прямоугольная	140.0	120.0		4.5	9.0	22.07	17.32	639.4	91.35	5.38		504.6
140x120x5	прямоугольная	140.0	120.0		5.0	10.0	24.36	19.12	699.2	99.88	5.36		551.4
140x120x5.5	прямоугольная	140.0	120.0		5.5	11.0	26.61	20.89	756.8	108.1	5.33		596.5
140x120x6	прямоугольная	140.0	120.0		6.0	12.0	28.83	22.63	812.3	116.0	5.31		639.8
140x120x6.5	прямоугольная	140.0	120.0		6.5	16.25	30.66	24.07	847.8	121.11	5.26		668.3
140x120x7	прямоугольная	140.0	120.0		7.0	17.5	32.76	25.71	896.3	128.0	5.23		706.2
140x120x7.5	прямоугольная	140.0	120.0		7.5	18.75	34.82	27.33	942.5	134.6	5.2		742.2
140x120x8	прямоугольная	140.0	120.0		8.0	20.0	36.84	28.92	986.5	140.9	5.17		776.5
150x50x3	прямоугольная	150.0	50.0		3.0	6.0	11.41	8.96	298.5	39.8	5.12		52.65
150x50x3.5	прямоугольная	150.0	50.0		3.5	7.0	13.19	10.36	341.0	45.46	5.08		59.64
150x50x4	прямоугольная	150.0	50.0		4.0	8.0	14.95	11.73	381.4	50.85	5.05		66.16
150x50x4.5	прямоугольная	150.0	50.0		4.5	9.0	16.67	13.08	419.8	55.97	5.02		72.23
150x50x5	прямоугольная	150.0	50.0		5.0	10.0	18.36	14.41	456.2	60.83	4.99		77.87
150x50x5.5	прямоугольная	150.0	50.0		5.5	11.0	20.01	15.71	490.8	65.44	4.95		83.08
150x50x6	прямоугольная	150.0	50.0		6.0	12.0	21.63	16.98	523.4	69.79	4.92		87.89
150x50x6.5	прямоугольная	150.0	50.0		6.5	16.25	22.86	17.94	533.6	71.14	4.83		90.06
150x50x7	прямоугольная	150.0	50.0		7.0	17.5	24.35	19.12	559.2	74.56	4.79		93.75
150x100x4	прямоугольная	150.0	100.0		4.0	8.0	18.95	14.87	594.5	79.27	5.6		318.4
150x100x4.5	прямоугольная	150.0	100.0		4.5	9.0	21.17	16.62	657.9	87.72	5.58		351.8
150x100x5	прямоугольная	150.0	100.0		5.0	10.0	23.36	18.33	719.0	95.87	5.55		383.7
150x100x5.5	прямоугольная	150.0	100.0		5.5	11.0	25.51	20.03	777.4	103.7	5.52		414.4
150x100x6	прямоугольная	150.0	100.0		6.0	12.0	27.63	21.69	834.4	111.3	5.5		443.7
150x100x6.5	прямоугольная	150.0	100.0		6.5	16.25	29.36	23.05	868.2	115.8	5.44		462.7
150x100x7	прямоугольная	150.0	100.0		7.0	17.5	31.36	24.62	917.1	122.3	5.41		488.0
150x130x4	прямоугольная	150.0	130.0		4.0	8.0	21.35	6.76	722.5	96.33	5.82		580.47
150x130x4.5	прямоугольная	150.0	130.0		4.5	9.0	23.87	18.74	801.0	106.8	5.79		643.18
150x130x5	прямоугольная	150.0	130.0		5.0	10.0	26.36	20.69	876.9	116.9	5.77		703.81
150x130x5.5	прямоугольная	150.0	130.0		5.5	11.0	28.81	22.62	950.4	126.7	5.74		762.38
150x130x6	прямоугольная	150.0	130.0		6.0	12.0	31.23	24.52	1021.0	136.2	5.72		818.92
150x130x6.5	прямоугольная	150.0	130.0		6.5	16.25	33.26	26.11	1069.0	142.6	5.67		858.01
150x130x7	прямоугольная	150.0	130.0		7.0	17.5	35.55	27.91	1132.0	151.0	5.64		908.12
150x130x7.5	прямоугольная	150.0	130.0		7.5	18.75	37.82	29.68	1193.0	159.0	5.62		956.11
150x130x8	прямоугольная	150.0	130.0		8.0	20.0	40.04	31.43	1250.0	166.7	5.59		1002.0
160x40x3	прямоугольная	160.0	40.0		3.0	6.0	11.41	8.96	315.9	39.49	5.26		33.95
160x40x3.5	прямоугольная	160.0	40.0		3.5	7.0	13.19	10.36	360.5	45.07	5.23		38.23
160x40x4	прямоугольная	160.0	40.0		4.0	8.0	14.95	11.73	403.0	50.37	5.19		42.15
160x40x4.5	прямоугольная	160.0	40.0		4.5	9.0	16.67	13.08	443.2	55.4	5.16		45.73
160x40x5	прямоугольная	160.0	40.0		5.0	10.0	18.36	14.41	481.3	60.16	5.12		48.97
160x40x5.5	прямоугольная	160.0	40.0		5.5	11.0	20.01	15.71	517.3	64.66	5.08		51.89
160x40x6	прямоугольная	160.0	40.0		6.0	12.0	21.63	16.98	551.2	68.9	5.05		54.5
160x40x6.5	прямоугольная	160.0	40.0		6.5	16.25	22.86	17.94	559.7	69.96	4.95		55.43
160x40x7	прямоугольная	160.0	40.0		7.0	17.5	24.36	19.12	585.8	73.22	4.9		57.26
160x80x4	прямоугольная	160.0	80.0		4.0	8.0	18.15	14.25	597.6	74.71	5.74		203.4
160x80x4.5	прямоугольная	160.0	80.0		4.5	9.0	20.27	15.91	660.8	82.6	5.71		224.1
160x80x5	прямоугольная	160.0	80.0		5.0	10.0	22.36	17.55	721.6	90.2	5.68		243.8
160x80x5.5	прямоугольная	160.0	80.0		5.5	11.0	24.41	19.16	779.9	97.48	5.65		262.6
160x80x6	прямоугольная	160.0	80.0		6.0	12.0	26.43	20.75	835.8	104.5	5.62		280.4
160x80x6.5	прямоугольная	160.0	80.0		6.5	16.25	28.06	22.03	866.0	108.3	5.56		291.5
160x80x7	прямоугольная	160.0	80.0		7.0	17.5	29.96	23.52	913.5	114.2	5.52		306.6
160x100x4	прямоугольная	160.0	100.0		4.0	8.0	19.75	15.5	695.0	86.87	5.93		336.9
160x100x4.5	прямоугольная	160.0	100.0		4.5	9.0	22.07	17.32	769.6	96.21	5.91		372.3
160x100x5	прямоугольная	160.0	100.0		5.0	10.0	24.36	19.12	841.7	105.2	5.88		406.3
160x100x5.5	прямоугольная	160.0	100.0		5.5	11.0	26.61	20.89	911.2	113.9	5.85		439.0
160x100x6	прямоугольная	160.0	100.0		6.0	12.0	28.83	22.63	978.1	122.3	5.82		470.2
160x100x6.5	прямоугольная	160.0	100.0		6.5	16.25	30.66	24.07	1019.0	127.4	5.77		491.1
160x100x7	прямоугольная	160.0	100.0		7.0	17.5	32.76	25.71	1077.0	134.7	5.73		518.3
160x100x7.5	прямоугольная	160.0	100.0		7.5	18.75	34.82	27.33	1133.0	141.6	5.7		544.1
160x100x8	прямоугольная	160.0	100.0		8.0	20.0	36.84	28.92	1186.0	148.2	5.67		568.6
160x120x4	прямоугольная	160.0	120.0		4.0	8.0	21.35	16.76	792.3	99.04	6.09		509.8
160x120x4.5	прямоугольная	160.0	120.0		4.5	9.0	23.87	18.74	878.5	109.8	6.07		564.6
160x120x5	прямоугольная	160.0	120.0		5.0	10.0	26.36	20.69	961.8	120.2	6.04		617.5
160x120x5.5	прямоугольная	160.0	120.0		5.5	11.0	28.81	22.62	1042.0	130.3	6.02		668.6
160x120x6	прямоугольная	160.0	120.0		6.0	12.0	31.23	24.52	1120.0	140.0	5.99		717.8
160x120x6.5	прямоугольная	160.0	120.0		6.5	16.25	33.26	26.11	1172.0	146.5	5.94		752.0
160x120x7	прямоугольная	160.0	120.0		7.0	17.5	35.56	27.91	1241.0	155.2	5.91		795.5
160x120x7.5	прямоугольная	160.0	120.0		7.5	18.75	37.82	29.69	1307.0	163.4	5.88		837.2
160x120x8	прямоугольная	160.0	120.0		8.0	20.0	40.04	31.43	1371.0	171.3	5.85		876.9
160x140x4	прямоугольная	160.0	140.0		4.0	8.0	22.95	18.01	889.8	111.2	6.23		725.59
160x140x4.5	прямоугольная	160.0	140.0		4.5	9.0	25.67	20.15	987.4	123.4	6.2		804.85
160x140x5	прямоугольная	160.0	140.0		5.0	10.0	28.36	22.26	1082.0	135.2	6.18		881.4
160x140x5.5	прямоугольная	160.0	140.0		5.5	11.0	31.01	24.34	1174.0	146.7	6.15		955.8
160x140x6	прямоугольная	160.0	140.0		6.0	12.0	33.63	26.4	1263.0	157.8	6.13		1028.0
160x140x6.5	прямоугольная	160.0	140.0		6.5	16.25	35.86	28.15	1325.0	165.7	6.08		1079.0
160x140x7	прямоугольная	160.0	140.0		7.0	17.5	38.36	30.11	1405.0	175.6	6.05		1144.0
160x140x7.5	прямоугольная	160.0	140.0		7.5	18.75	40.82	32.04	1482.0	185.2	6.02		1206.0
160x140x8	прямоугольная	160.0	140.0		8.0	20.0	43.24	33.95	1555.0	194.4	6.0		1265.0
180x60x4	прямоугольная	180.0	60.0		4.0	8.0	18.15	14.25	678.1	75.3	6.11		118.8
180x60x4.5	прямоугольная	180.0	60.0		4.5	9.0	20.27	15.91	749.4	83.3	6.08		130.3
180x60x5	прямоугольная	180.0	60.0		5.0	10.0	22.36	17.55	817.8	90.9	6.05		141.2
180x60x5.5	прямоугольная	180.0	60.0		5.5	11.0	24.41	19.16	883.3	98.1	6.02		151.4
180x60x6	прямоугольная	180.0	60.0		6.0	12.0	26.43	20.75	946.0	105.1	5.98		160.9
180x60x6.5	прямоугольная	180.0	60.0		6.5	16.25	28.06	22.03	976.4	108.5	5.9		166.6
180x60x7	прямоугольная	180.0	60.0		7.0	17.5	29.96	23.52	1029.0	114.3	5.86		174.4
180x60x7.5	прямоугольная	180.0	60.0		7.5	18.75	31.82	24.98	1078.0	119.8	5.82		181.6
180x60x8	прямоугольная	180.0	60.0		8.0	20.0	33.64	26.41	1125.0	125.0	5.78		188.2
180x80x4	прямоугольная	180.0	80.0		4.0	8.0	19.75	15.5	802.0	89.12	6.37		226.5
180x80x4.5	прямоугольная	180.0	80.0		4.5	9.0	22.07	17.32	888.0	98.67	6.34		249.7
180x80x5	прямоугольная	180.0	80.0		5.0	10.0	24.36	19.12	970.9	107.9	6.31		271.9
180x80x5.5	прямоугольная	180.0	80.0		5.5	11.0	26.61	20.89	1051.0	116.8	6.28		293.1
180x80x6	прямоугольная	180.0	80.0		6.0	12.0	28.83	22.63	1128.0	125.3	6.25		313.3
180x80x6.5	прямоугольная	180.0	80.0		6.5	16.25	30.66	24.07	1172.0	130.2	6.18		326.6
180x80x7	прямоугольная	180.0	80.0		7.0	17.5	32.76	25.71	1238.0	137.6	6.15		343.9
180x80x7.5	прямоугольная	180.0	80.0		7.5	18.75	34.82	27.33	1301.0	144.6	6.11		360.1
180x80x8	прямоугольная	180.0	80.0		8.0	20.0	36.84	28.92	1361.0	151.3	6.08		375.4
180x100x4	прямоугольная	180.0	100.0		4.0	8.0	21.35	16.76	926.0	102.9	6.59		373.7
180x100x4.5	прямоугольная	180.0	100.0		4.5	9.0	23.87	18.74	1027.0	114.1	6.56		413.3
180x100x5	прямоугольная	180.0	100.0		5.0	10.0	26.36	20.69	1124.0	124.9	6.53		451.4
180x100x5.5	прямоугольная	180.0	100.0		5.5	11.0	28.81	22.62	1218.0	135.4	6.5		488.1
180x100x6	прямоугольная	180.0	100.0		6.0	12.0	31.23	24.52	1309.0	145.5	6.47		523.3
180x100x6.5	прямоугольная	180.0	100.0		6.5	16.25	33.26	26.11	1368.0	152.0	6.41		547.9
180x100x7	прямоугольная	180.0	100.0		7.0	17.5	35.56	27.91	1448.0	160.9	6.38		578.8
180x100x7.5	прямоугольная	180.0	100.0		7.5	18.75	37.82	29.69	1525.0	169.4	6.35		608.3
180x100x8	прямоугольная	180.0	100.0		8.0	20.0	40.04	31.43	1598.0	177.6	6.32		636.3
180x120x4	прямоугольная	180.0	120.0		4.0	8.0	22.95	18.01	1050.0	116.7	6.76		563.79
180x120x4.5	прямоугольная	180.0	120.0		4.5	9.0	25.67	20.15	1165.0	129.5	6.74		624.86
180x120x5	прямоугольная	180.0	120.0		5.0	10.0	28.36	22.26	1277.0	141.9	6.71		683.94
180x120x5.5	прямоугольная	180.0	120.0		5.5	11.0	31.01	24.34	1386.0	154.0	6.69		741.07
180x120x6	прямоугольная	180.0	120.0		6.0	12.0	33.63	26.4	1491.0	166.7	6.66		796.26
180x120x6.5	прямоугольная	180.0	120.0		6.5	16.25	35.86	28.15	1564.0	173.7	6.6		836.38
180x120x7	прямоугольная	180.0	120.0		7.0	17.5	38.35	30.11	1658.0	184.2	6.57		885.7
180x120x7.5	прямоугольная	180.0	120.0		7.5	18.75	40.82	32.04	1748.0	194.2	6.54		933.02
180x120x8	прямоугольная	180.0	120.0		8.0	20.0	43.24	33.94	1835.0	203.9	6.51		978.38
180x140x4	прямоугольная	180.0	140.0		4.0	8.0	24.55	19.27	1174.0	130.42	6.91		799.5
180x140x4.5	прямоугольная	180.0	140.0		4.5	9.0	27.47	21.56	1304.0	144.87	6.89		887.3
180x140x5	прямоугольная	180.0	140.0		5.0	10.0	30.36	23.83	1430.0	158.92	6.86		972.6
180x140x5.5	прямоугольная	180.0	140.0		5.5	11.0	33.21	26.07	1553.0	172.58	6.84		1055.0
180x140x6	прямоугольная	180.0	140.0		6.0	12.0	36.03	28.29	1673.0	185.85	6.81		1135.0
180x140x6.5	прямоугольная	180.0	140.0		6.5	16.25	38.46	30.19	1759.0	195.45	6.76		1195.0
180x140x7	прямоугольная	180.0	140.0		7.0	17.5	41.16	32.31	1867.0	207.43	6.73		1268.0
180x140x7.5	прямоугольная	180.0	140.0		7.5	18.75	43.82	34.4	1971.0	218.99	6.71		1338.0
180x140x8	прямоугольная	180.0	140.0		8.0	20.0	46.44	36.46	2071.0	230.15	6.68		1405.0
200x40x4	прямоугольная	200.0	40.0		4.0	8.0	18.15	14.25	738.6	73.86	6.38		52.52
200x40x4.5	прямоугольная	200.0	40.0		4.5	9.0	20.27	15.91	815.3	81.53	6.34		57.07
200x40x5	прямоугольная	200.0	40.0		5.0	10.0	22.36	17.55	888.7	88.87	6.3		61.22
200x40x5.5	прямоугольная	200.0	40.0		5.5	11.0	24.41	19.16	958.8	95.88	6.27		64.98
200x40x6	прямоугольная	200.0	40.0		6.0	12.0	26.43	20.75	1026.0	102.6	6.23		68.37
200x40x6.5	прямоугольная	200.0	40.0		6.5	16.25	28.06	22.03	1053.0	105.3	6.13		70.02
200x40x7	прямоугольная	200.0	40.0		7.0	17.5	29.96	23.52	1107.0	110.7	6.08		72.5
200x80x4	прямоугольная	200.0	80.0		4.0	8.0	21.35	16.76	1046.0	104.6	7.0		249.6
200x80x4.5	прямоугольная	200.0	80.0		4.5	9.0	23.87	18.74	1159.0	115.9	6.97		275.4
200x80x5	прямоугольная	200.0	80.0		5.0	10.0	26.36	20.69	1269.0	126.9	6.94		300.1
200x80x5.5	прямоугольная	200.0	80.0		5.5	11.0	28.81	22.62	1375.0	137.5	6.91		323.6
200x80x6	прямоугольная	200.0	80.0		6.0	12.0	31.23	24.52	1477.0	147.7	6.88		346.1
200x80x6.5	прямоугольная	200.0	80.0		6.5	16.25	33.26	26.11	1539.0	153.9	6.8		361.7
200x80x7	прямоугольная	200.0	80.0		7.0	17.5	35.56	27.91	1629.0	162.9	6.77		381.2
200x80x7.5	прямоугольная	200.0	80.0		7.5	18.75	37.82	29.69	1714.0	171.4	6.73		399.6
200x80x8	прямоугольная	200.0	80.0		8.0	20.0	40.04	31.43	1795.0	179.5	6.7		416.9
200x100x4	прямоугольная	200.0	100.0		4.0	8.0	22.95	18.01	1200.0	120.0	7.23		410.6
200x100x4.5	прямоугольная	200.0	100.0		4.5	9.0	25.67	20.15	1331.0	133.1	7.2		454.4
200x100x5	прямоугольная	200.0	100.0		5.0	10.0	28.36	22.26	1459.0	145.9	7.17		496.6
200x100x5.5	прямоугольная	200.0	100.0		5.5	11.0	31.01	24.34	1583.0	158.3	7.14		537.2
200x100x6	прямоугольная	200.0	100.0		6.0	12.0	33.63	26.4	1703.0	170.3	7.12		576.3
200x100x6.5	прямоугольная	200.0	100.0		6.5	16.25	35.86	28.15	1783.0	178.3	7.05		604.7
200x100x7	прямоугольная	200.0	100.0		7.0	17.5	38.36	30.11	1889.0	188.9	7.02		639.4
200x100x7.5	прямоугольная	200.0	100.0		7.5	18.75	40.82	32.04	1992.0	199.2	6.99		672.5
200x100x8	прямоугольная	200.0	100.0		8.0	20.0	43.24	33.95	2090.0	209.0	6.95		704.0
200x120x4	прямоугольная	200.0	120.0		4.0	8.0	24.55	19.27	1353.0	135.3	7.42		617.5
200x120x4.5	прямоугольная	200.0	120.0		4.5	9.0	27.47	21.56	1503.0	150.3	7.4		684.7
200x120x5	прямоугольная	200.0	120.0		5.0	10.0	30.36	23.83	1649.0	164.9	7.37		749.8
200x120x5.5	прямоугольная	200.0	120.0		5.5	11.0	33.21	26.07	1791.0	179.1	7.34		812.8
200x120x6	прямоугольная	200.0	120.0		6.0	12.0	36.03	28.29	1929.0	192.9	7.32		873.7
200x120x6.5	прямоугольная	200.0	120.0		6.5	16.25	38.46	30.19	2026.0	202.6	7.26		919.5
200x120x7	прямоугольная	200.0	120.0		7.0	17.5	41.16	32.31	2150.0	215.0	7.23		974.3
200x120x7.5	прямоугольная	200.0	120.0		7.5	18.75	43.82	34.4	2270.0	227.0	7.2		1027.0
200x120x8	прямоугольная	200.0	120.0		8.0	20.0	46.44	36.46	2385.0	238.5	7.17		1078.0
200x150x5	прямоугольная	200.0	150.0		5.0	10.0	33.36	26.18	1935.0	193.5	7.62		1245.0
200x150x5.5	прямоугольная	200.0	150.0		5.5	11.0	36.51	28.66	2103.0	210.3	7.59		1352.0
200x150x6	прямоугольная	200.0	150.0		6.0	12.0	39.63	31.11	2268.0	226.8	7.56		1457.0
200x150x6.5	прямоугольная	200.0	150.0		6.5	16.25	42.36	33.25	2392.0	239.2	7.51		1538.0
200x150x7	прямоугольная	200.0	150.0		7.0	17.5	45.35	35.6	2542.0	254.2	7.49		1634.0
200x160x5	прямоугольная	200.0	160.0		5.0	10.0	34.36	26.97	2029.0	202.9	7.69		1442.0
200x160x5.5	прямоугольная	200.0	160.0		5.5	11.0	37.61	2952.0	2207.0	220.7	7.66		1568.0
200x160x6	прямоугольная	200.0	160.0		6.0	12.0	40.83	32.05	2380.0	238.0	7.64		1690.0
200x160x6.5	прямоугольная	200.0	160.0		6.5	16.25	43.66	34.27	2513.0	251.3	7.59		1785.0
200x160x7	прямоугольная	200.0	160.0		7.0	17.5	46.76	36.7	2672.0	267.2	7.56		1897.0
200x160x7.5	прямоугольная	200.0	160.0		7.5	18.75	49.82	39.11	2826.0	282.6	7.53		2005.0
200x160x8	прямоугольная	200.0	160.0		8.0	20.0	52.84	41.48	2975.0	297.5	7.5		2110.0
200x160x8.5	прямоугольная	200.0	160.0		8.5	21.25	55.83	43.83	3120.0	312.0	7.48		2211.0
200x160x9	прямоугольная	200.0	160.0		9.0	22.5	58.78	46.14	3260.0	326.0	7.45		2309.0
200x160x9.5	прямоугольная	200.0	160.0		9.5	23.75	61.69	48.43	3395.0	339.5	7.42		2404.0
200x160x10	прямоугольная	200.0	160.0		10.0	25.0	64.57	50.68	3527.0	352.7	7.39		2496.0
200x160x10.5	прямоугольная	200.0	160.0		10.5	31.5	66.45	52.16	3557.0	355.7	7.32		2524.0
200x160x11	прямоугольная	200.0	160.0		11.0	33.0	69.16	54.29	3669.0	366.9	7.28		2603.0
200x160x11.5	прямоугольная	200.0	160.0		11.5	34.5	71.82	56.38	3777.0	377.7	7.25		2679.0
200x160x12	прямоугольная	200.0	160.0		12.0	36.0	74.45	58.44	3880.0	388.0	7.22		2751.0
200x160x12.5	прямоугольная	200.0	160.0		12.5	37.5	77.03	60.47	3979.0	397.9	7.19		2820.0
200x160x13	прямоугольная	200.0	160.0		13.0	39.0	79.57	62.46	4072.0	407.2	7.15		2886.0
200x160x13.5	прямоугольная	200.0	160.0		13.5	40.5	82.07	64.43	4161.0	416.1	7.12		2948.0
200x160x14	прямоугольная	200.0	160.0		14.0	42.0	84.53	66.36	4246.0	424.6	7.09		3007.0
200x160x14.5	прямоугольная	200.0	160.0		14.5	43.5	86.95	68.26	4326.0	432.6	7.05		3063.0
200x160x15	прямоугольная	200.0	160.0		15.0	45.0	89.33	70.12	4401.0	440.1	7.02		3116.0
200x160x15.5	прямоугольная	200.0	160.0		15.5	46.5	91.66	71.95	4472.0	447.2	6.98		3166.0
200x160x16	прямоугольная	200.0	160.0		16.0	48.0	93.95	73.75	4538.0	453.8	6.95		3213.0
220x100x4	прямоугольная	220.0	100.0		4.0	8.0	24.55	19.27	1519.0	138.1	7.87		447.4
220x100x4.5	прямоугольная	220.0	100.0		4.5	9.0	27.47	21.56	1687.0	153.4	7.84		495.4
220x100x5	прямоугольная	220.0	100.0		5.0	10.0	30.36	23.83	1851.0	168.3	7.81		541.7
220x100x5.5	прямоугольная	220.0	100.0		5.5	11.0	33.21	26.07	2010.0	182.7	7.78		586.3
220x100x6	прямоугольная	220.0	100.0		6.0	12.0	36.03	28.29	2164.0	196.7	7.75		629.3
220x100x6.5	прямоугольная	220.0	100.0		6.5	16.25	38.46	30.19	2270.0	206.3	7.68		661.6
220x100x7	прямоугольная	220.0	100.0		7.0	17.5	41.16	32.31	2408.0	218.9	7.65		699.9
220x100x7.5	прямоугольная	220.0	100.0		7.5	18.75	43.82	34.4	2541.0	231.0	7.61		736.6
220x100x8	прямоугольная	220.0	100.0		8.0	20.0	46.44	36.46	2669.0	242.7	7.58		771.7
220x140x5	прямоугольная	220.0	140.0		5.0	10.0	34.36	26.97	2313.0	210.3	8.21		1155.0
220x140x5.5	прямоугольная	220.0	140.0		5.5	11.0	37.61	29.52	2516.0	228.7	8.18		1254.0
220x140x6	прямоугольная	220.0	140.0		6.0	12.0	40.83	32.05	2714.0	246.7	8.15		1351.0
220x140x6.5	прямоугольная	220.0	140.0		6.5	16.25	43.66	34.27	2862.0	260.2	8.1		1427.0
220x140x7	прямоугольная	220.0	140.0		7.0	17.5	46.76	36.7	3043.0	276.6	8.07		1515.0
220x140x7.5	прямоугольная	220.0	140.0		7.5	18.75	49.82	39.11	3218.0	292.6	8.04		1601.0
220x140x8	прямоугольная	220.0	140.0		8.0	20.0	52.84	41.48	3388.0	308.0	8.01		1683.0
220x140x8.5	прямоугольная	220.0	140.0		8.5	21.25	55.82	43.82	3554.0	323.1	7.98		1765.0
220x140x9	прямоугольная	220.0	140.0		9.0	22.5	58.77	46.14	3713.0	337.6	7.95		1842.0
220x140x9.5	прямоугольная	220.0	140.0		9.5	23.75	61.69	48.42	3867.0	351.6	7.92		1917.0
220x140x10	прямоугольная	220.0	140.0		10.0	25.0	64.56	50.68	4017.0	365.2	7.89		1989.0
220x140x10.5	прямоугольная	220.0	140.0		10.5	31.5	66.45	52.16	4042.0	367.5	7.8		2010.0
220x140x11	прямоугольная	220.0	140.0		11.0	33.0	69.16	54.29	4169.0	379.0	7.76		2072.0
220x140x11.5	прямоугольная	220.0	140.0		11.5	34.5	71.82	56.38	4291.0	390.1	7.73		2131.0
220x140x12	прямоугольная	220.0	140.0		12.0	36.0	74.45	58.44	4407.0	400.7	7.69		2187.0
220x140x12.5	прямоугольная	220.0	140.0		12.5	37.5	77.03	60.47	4518.0	410.7	7.66		2241.0
240x120x5	прямоугольная	240.0	120.0		5.0	10.0	34.36	26.97	2579.0	215.0	8.66		882.0
240x120x5.5	прямоугольная	240.0	120.0		5.5	11.0	37.61	29.52	2805.0	233.8	8.64		957.0
240x120x6	прямоугольная	240.0	120.0		6.0	12.0	40.83	32.05	3026.0	252.1	8.61		1030.0
240x120x6.5	прямоугольная	240.0	120.0		6.5	16.25	43.66	34.27	3188.0	265.6	8.54		1087.0
240x120x7	прямоугольная	240.0	120.0		7.0	17.5	46.76	36.7	3388.0	282.4	8.51		1153.0
240x120x7.5	прямоугольная	240.0	120.0		7.5	18.75	49.82	39.11	3583.0	298.6	8.48		1217.0
240x120x8	прямоугольная	240.0	120.0		8.0	20.0	52.84	41.48	3771.0	314.3	8.45		1278.0
240x120x8.5	прямоугольная	240.0	120.0		8.5	21.25	55.82	43.82	3954.0	329.5	8.42		1339.0
240x120x9	прямоугольная	240.0	120.0		9.0	22.5	58.77	46.14	4131.0	344.2	8.38		1397.0
240x120x9.5	прямоугольная	240.0	120.0		9.5	23.75	61.69	48.42	4302.0	358.5	8.35		1452.0
240x120x10	прямоугольная	240.0	120.0		10.0	25.0	64.56	50.68	4466.0	372.2	8.32		1505.0
240x120x10.5	прямоугольная	240.0	120.0		10.5	31.5	66.45	52.16	4485.0	373.7	8.22		1520.0
240x120x11	прямоугольная	240.0	120.0		11.0	33.0	69.16	54.29	4624.0	385.3	8.18		1565.0
240x120x11.5	прямоугольная	240.0	120.0		11.5	34.5	71.82	56.38	4757.0	396.4	8.14		1608.0
240x120x12	прямоугольная	240.0	120.0		12.0	36.0	74.45	58.44	4883.0	407.0	8.1		1649.0
240x120x12.5	прямоугольная	240.0	120.0		12.5	37.5	77.03	60.47	5004.0	417.0	8.06		1688.0
240x120x13	прямоугольная	240.0	120.0		13.0	39.0	79.57	62.46	5118.0	426.5	8.02		1724.0
240x120x13.5	прямоугольная	240.0	120.0		13.5	40.5	82.07	64.43	5226.0	435.5	7.98		1759.0
240x120x14	прямоугольная	240.0	120.0		14.0	42.0	84.53	66.36	5327.0	443.9	7.94		1791.0
240x120x14.5	прямоугольная	240.0	120.0		14.5	43.5	86.95	68.26	5423.0	451.9	7.9		1822.0
240x120x15	прямоугольная	240.0	120.0		15.0	45.0	89.33	70.12	5513.0	459.4	7.86		1850.0
240x120x15.5	прямоугольная	240.0	120.0		15.5	46.5	91.66	71.95	5596.0	466.3	7.81		1877.0
240x120x16	прямоугольная	240.0	120.0		16.0	48.0	93.95	73.75	5674.0	472.8	7.77		1901.0
240x150x5	прямоугольная	240.0	150.0		5.0	10.0	37.36	29.32	2994.0	249.5	8.95		1455.0
240x150x5.5	прямоугольная	240.0	150.0		5.5	11.0	40.91	32.11	3259.0	271.6	8.93		1582.0
240x150x6	прямоугольная	240.0	150.0		6.0	12.0	44.43	34.88	3519.0	293.2	8.9		1706.0
240x150x6.5	прямоугольная	240.0	150.0		6.5	16.25	47.56	37.33	3720.0	310.0	8.84		1806.0
240x150x7	прямоугольная	240.0	150.0		7.0	17.5	50.95	40.0	3959.0	329.9	8.81		1920.0
240x150x7.5	прямоугольная	240.0	150.0		7.5	18.75	54.32	42.64	4192.0	349.3	8.78		2031.0
240x150x8	прямоугольная	240.0	150.0		8.0	20.0	57.64	45.25	4418.0	368.2	8.75		2138.0
240x160x5	прямоугольная	240.0	160.0		5.0	10.0	38.36	30.11	3132.0	261.0	9.04		1683.0
240x160x5.5	прямоугольная	240.0	160.0		5.5	11.0	42.01	32.98	3410.0	284.2	9.01		1831.0
240x160x6	прямоугольная	240.0	160.0		6.0	12.0	45.63	35.82	3683.0	306.9	8.98		1974.0
240x160x6.5	прямоугольная	240.0	160.0		6.5	16.25	48.86	38.35	3896.0	324.7	8.93		2091.0
240x160x7	прямоугольная	240.0	160.0		7.0	17.5	52.36	41.1	4148.0	345.7	8.9		2224.0
240x160x7.5	прямоугольная	240.0	160.0		7.5	18.75	55.82	43.82	4394.0	366.2	8.87		2354.0
240x160x8	прямоугольная	240.0	160.0		8.0	20.0	59.24	46.51	4633.0	386.1	8.84		2480.0
240x160x8.5	прямоугольная	240.0	160.0		8.5	21.25	62.63	49.16	4865.0	405.4	8.81		2602.0
240x160x9	прямоугольная	240.0	160.0		9.0	22.5	65.98	51.79	5091.0	424.2	8.78		2720.0
240x160x9.5	прямоугольная	240.0	160.0		9.5	23.75	69.29	54.39	5311.0	442.5	8.75		2835.0
240x160x10	прямоугольная	240.0	160.0		10.0	25.0	72.57	56.96	5524.0	460.3	8.72		2946.0
240x160x10.5	прямоугольная	240.0	160.0		10.5	31.5	74.86	58.76	5590.0	465.8	8.64		2990.0
240x160x11	прямоугольная	240.0	160.0		11.0	33.0	77.97	61.2	5777.0	481.4	8.61		3088.0
240x160x11.5	прямоугольная	240.0	160.0		11.5	34.5	81.03	63.61	5957.0	496.4	8.57		3183.0
240x160x12	прямоугольная	240.0	160.0		12.0	36.0	84.06	65.99	6130.0	510.9	8.54		3273.0
250x140x5	прямоугольная	250.0	140.0		5.0	10.0	37.36	29.32	3154.0	252.3	9.19		1292.0
250x140x5.5	прямоугольная	250.0	140.0		5.5	11.0	40.91	32.11	3433.0	274.7	9.16		1404.0
250x140x6	прямоугольная	250.0	140.0		6.0	12.0	44.43	34.88	3707.0	296.5	9.13		1513.0
250x140x6.5	прямоугольная	250.0	140.0		6.5	16.25	47.56	37.33	3917.0	313.3	9.08		1602.0
250x140x7	прямоугольная	250.0	140.0		7.0	17.5	50.95	40.0	4168.0	333.5	9.04		1702.0
250x140x7.5	прямоугольная	250.0	140.0		7.5	18.75	54.32	42.64	4413.0	353.0	9.01		1800.0
250x140x8	прямоугольная	250.0	140.0		8.0	20.0	57.64	45.25	4651.0	372.1	8.98		1894.0
250x150x5	прямоугольная	250.0	150.0		5.0	10.0	38.36	30.11	3304.0	264.3	9.28		1508.0
250x150x5.5	прямоугольная	250.0	150.0		5.5	11.0	42.01	32.98	3598.0	287.8	9.25		1640.0
250x150x6	прямоугольная	250.0	150.0		6.0	12.0	45.63	35.82	3885.0	310.8	9.23		1768.0
250x150x6.5	прямоугольная	250.0	150.0		6.5	16.25	48.86	38.35	4109.0	328.7	9.17		1872.0
250x150x7	прямоугольная	250.0	150.0		7.0	17.5	52.36	41.1	4375.0	350.0	9.14		1991.0
250x150x7.5	прямоугольная	250.0	150.0		7.5	18.75	55.82	43.82	4633.0	370.7	9.11		2106.0
250x150x8	прямоугольная	250.0	150.0		8.0	20.0	59.24	46.51	4885.0	390.8	9.08		2217.0
250x150x8.5	прямоугольная	250.0	150.0		8.5	21.25	62.62	49.16	5130.0	410.4	9.05		2328.0
250x150x9	прямоугольная	250.0	150.0		9.0	22.5	65.97	51.79	5368.0	429.5	9.02		2433.0
250x150x9.5	прямоугольная	250.0	150.0		9.5	23.75	69.29	54.39	5600.0	448.0	8.99		2535.0
250x150x10	прямоугольная	250.0	150.0		10.0	25.0	72.56	56.96	5824.0	466.0	8.96		2634.0
250x150x10.5	прямоугольная	250.0	150.0		10.5	31.5	74.85	58.76	5890.0	471.2	8.87		2674.0
250x150x11	прямоугольная	250.0	150.0		11.0	33.0	77.96	61.2	6086.0	486.9	8.84		2761.0
250x150x11.5	прямоугольная	250.0	150.0		11.5	34.5	81.02	63.6	6275.0	502.0	8.8		2845.0
250x150x12	прямоугольная	250.0	150.0		12.0	36.0	84.05	65.98	6457.0	516.6	8.77		2925.0
260x130x6	прямоугольная	260.0	130.0		6.0	12.0	44.43	34.88	3888.0	299.0	9.35		1326.0
260x130x6.5	прямоугольная	260.0	130.0		6.5	16.25	47.56	37.33	4106.0	315.8	9.29		1403.0
260x130x7	прямоугольная	260.0	130.0		7.0	17.5	50.96	40.0	4369.0	336.1	9.26		1490.0
260x130x7.5	прямоугольная	260.0	130.0		7.5	18.75	54.32	42.64	4625.0	355.8	9.23		1574.0
260x130x8	прямоугольная	260.0	130.0		8.0	20.0	57.64	45.25	4874.0	374.9	9.2		1656.0
260x130x8.5	прямоугольная	260.0	130.0		8.5	21.25	60.93	47.83	5116.0	393.5	9.16		1735.0
260x130x9	прямоугольная	260.0	130.0		9.0	22.5	64.18	50.38	5350.0	411.6	9.13		1811.0
260x130x9.5	прямоугольная	260.0	130.0		9.5	23.75	67.39	52.9	5578.0	429.1	9.1		1885.0
260x130x10	прямоугольная	260.0	130.0		10.0	25.0	70.57	55.39	5799.0	446.0	9.06		1956.0
260x130x10.5	прямоугольная	260.0	130.0		10.5	31.5	72.76	57.12	5848.0	449.8	8.96		1982.0
260x130x11	прямоугольная	260.0	130.0		11.0	33.0	75.77	59.48	6038.0	464.5	8.93		2044.0
260x130x11.5	прямоугольная	260.0	130.0		11.5	34.5	78.73	61.81	6221.0	478.6	8.89		2103.0
260x130x12	прямоугольная	260.0	130.0		12.0	36.0	81.66	64.1	6397.0	492.1	8.85		2160.0
260x140x5	прямоугольная	260.0	140.0		5.0	10.0	38.36	30.11	3471.0	267.0	9.51		1338.0
260x140x5.5	прямоугольная	260.0	140.0		5.5	11.0	42.01	32.98	3779.0	290.7	9.49		1454.0
260x140x6	прямоугольная	260.0	140.0		6.0	12.0	45.63	35.82	4081.0	313.9	9.46		1567.0
260x140x6.5	прямоугольная	260.0	140.0		6.5	16.25	48.86	49.16	4314.51	331.89	9.4		1659.57
260x140x7	прямоугольная	260.0	140.0		7.0	17.5	52.35	51.79	4593.02	353.31	9.37		1764.12
260x140x7.5	прямоугольная	260.0	140.0		7.5	18.75	55.82	54.39	4864.17	374.17	9.34		1865.55
260x140x8	прямоугольная	260.0	140.0		8.0	20.0	59.24	56.96	5128.02	394.46	9.3		1963.91
260x140x8.5	прямоугольная	260.0	140.0		8.5	21.25	62.62	58.76	5384.61	414.2	9.27		2059.22
260x140x9	прямоугольная	260.0	140.0		9.0	22.5	65.97	61.2	5634.0	433.38	9.24		2151.53
260x140x9.5	прямоугольная	260.0	140.0		9.5	23.75	69.29	63.6	5876.25	452.02	9.21		2240.87
260x140x10	прямоугольная	260.0	140.0		10.0	25.0	72.56	65.98	6111.39	470.11	9.18		2327.28
260x140x10.5	прямоугольная	260.0	140.0		10.5	31.5	74.85	30.11	6174.11	474.93	9.08		2362.15
260x140x11	прямоугольная	260.0	140.0		11.0	33.0	77.96	32.98	6378.89	490.68	9.05		2438.03
260x140x11.5	прямоугольная	260.0	140.0		11.5	34.5	81.02	35.82	6575.96	505.84	9.01		2510.86
260x140x12	прямоугольная	260.0	140.0		12.0	36.0	84.05	49.16	6765.35	520.41	8.97		2580.68
260x240x6	прямоугольная	260.0	240.0		6.0	12.0	57.63	45.24	6017.0	462.9	10.22		5326.0
260x240x6.5	прямоугольная	260.0	240.0		6.5	16.25	61.86	48.56	6404.0	492.6	10.17		5669.0
260x240x7	прямоугольная	260.0	240.0		7.0	17.5	66.35	52.09	6834.0	525.7	10.15		6049.0
260x240x7.5	прямоугольная	260.0	240.0		7.5	18.75	70.82	55.59	7256.0	558.2	10.12		6422.0
260x240x8	прямоугольная	260.0	240.0		8.0	20.0	75.24	59.06	7669.0	589.9	10.1		6787.0
260x240x8.5	прямоугольная	260.0	240.0		8.5	21.25	79.62	62.51	8074.0	621.1	10.07		7144.0
260x240x9	прямоугольная	260.0	240.0		9.0	22.5	83.97	65.92	8471.0	651.6	10.04		7494.0
260x240x9.5	прямоугольная	260.0	240.0		9.5	23.75	88.29	69.3	8859.0	681.4	10.02		7836.0
260x240x10	прямоугольная	260.0	240.0		10.0	25.0	91.7	71.98	9089.0	699.2	9.96		8044.0
260x240x10.5	прямоугольная	260.0	240.0		10.5	31.5	95.85	75.24	9445.0	726.6	9.93		8358.0
260x240x11	прямоугольная	260.0	240.0		11.0	33.0	99.96	78.47	9792.0	753.3	9.9		8665.0
260x240x11.5	прямоугольная	260.0	240.0		11.5	34.5	104.02	81.66	10131.0	779.3	9.87		8963.0
260x240x12	прямоугольная	260.0	240.0		12.0	36.0	108.05	84.82	10460.0	804.6	9.84		9254.0
300x100x6	прямоугольная	300.0	100.0		6.0	12.0	45.63	35.82	4777.0	318.4	10.23		841.4
300x100x6.5	прямоугольная	300.0	100.0		6.5	16.25	48.86	38.35	5038.0	335.9	10.15		888.9
300x100x7	прямоугольная	300.0	100.0		7.0	17.5	52.36	41.1	5360.0	357.3	10.12		942.1
300x100x7.5	прямоугольная	300.0	100.0		7.5	18.75	55.82	43.82	5673.0	378.2	10.08		993.3
300x100x8	прямоугольная	300.0	100.0		8.0	20.0	59.24	46.51	5977.0	398.5	10.04		1043.0
300x100x8.5	прямоугольная	300.0	100.0		8.5	21.25	62.63	49.16	6273.0	418.2	10.01		1090.0
300x100x9	прямоугольная	300.0	100.0		9.0	22.5	65.98	51.79	6559.0	437.3	9.97		1135.0
300x100x9.5	прямоугольная	300.0	100.0		9.5	23.75	69.29	54.39	6836.0	455.8	9.93		1179.0
300x100x10	прямоугольная	300.0	100.0		10.0	25.0	72.57	56.96	7105.0	473.7	9.9		1220.0
300x100x10.5	прямоугольная	300.0	100.0		10.5	31.5	74.85	58.76	7146.0	476.4	9.77		1240.0
300x100x11	прямоугольная	300.0	100.0		11.0	33.0	77.96	61.2	7376.0	491.7	9.73		1276.0
300x100x11.5	прямоугольная	300.0	100.0		11.5	34.5	81.02	63.6	7596.0	506.4	9.68		1311.0
300x100x12	прямоугольная	300.0	100.0		12.0	36.0	84.05	65.98	7807.0	520.5	9.64		1343.0
300x200x6	прямоугольная	300.0	200.0		6.0	12.0	57.63	45.24	7370.0	491.3	11.31		3961.0
300x200x6.5	прямоугольная	300.0	200.0		6.5	16.25	61.86	48.56	7838.0	522.5	11.26		4217.0
300x200x7	прямоугольная	300.0	200.0		7.0	17.5	66.36	52.09	8365.0	557.7	11.23		4497.0
300x200x7.5	прямоугольная	300.0	200.0		7.5	18.75	70.82	55.59	8882.0	592.1	11.2		4771.0
300x200x8	прямоугольная	300.0	200.0		8.0	20.0	75.24	59.07	9388.0	625.9	11.17		5039.0
300x200x8.5	прямоугольная	300.0	200.0		8.5	21.25	79.63	62.51	9884.0	658.9	11.14		5302.0
300x200x9	прямоугольная	300.0	200.0		9.0	22.5	83.98	65.92	10370.0	691.3	11.11		5558.0
300x200x9.5	прямоугольная	300.0	200.0		9.5	23.75	88.29	69.31	10845.0	723.0	11.08		5809.0
300x200x10	прямоугольная	300.0	200.0		10.0	25.0	92.57	72.66	11310.0	754.0	11.05		6054.0
300x200x10.5	прямоугольная	300.0	200.0		10.5	31.5	95.86	75.25	11547.0	769.8	10.98		6195.0
300x200x11	прямоугольная	300.0	200.0		11.0	33.0	99.97	78.47	11970.0	798.0	10.94		6418.0
300x200x11.5	прямоугольная	300.0	200.0		11.5	34.5	104.0	81.67	12383.0	825.5	10.91		6636.0
300x200x12	прямоугольная	300.0	200.0		12.0	36.0	108.1	84.83	12784.0	852.3	10.88		6847.0
320x180x6	прямоугольная	320.0	180.0		6.0	12.0	57.63	45.24	8012.0	500.8	11.79		3308.0
320x180x6.5	прямоугольная	320.0	180.0		6.5	16.25	61.86	48.56	8517.0	532.3	11.73		3520.0
320x180x7	прямоугольная	320.0	180.0		7.0	17.5	66.36	52.09	9089.0	568.1	11.7		3752.0
320x180x7.5	прямоугольная	320.0	180.0		7.5	18.75	70.82	55.59	9650.0	603.1	11.67		3979.0
320x180x8	прямоугольная	320.0	180.0		8.0	20.0	75.24	59.07	10200.0	637.5	11.64		4201.0
320x180x8.5	прямоугольная	320.0	180.0		8.5	21.25	79.63	62.51	10738.0	671.1	11.61		4418.0
320x180x9	прямоугольная	320.0	180.0		9.0	22.5	83.98	66.92	11265.0	704.0	11.58		4630.0
320x180x9.5	прямоугольная	320.0	180.0		9.5	23.75	88.29	69.31	11780.0	736.3	11.55		4836.0
350x250x13.5	прямоугольная	350.0	250.0		13.5	40.5	146.9	115.3	24326.0	1390.0	12.87		14519.0
350x250x14	прямоугольная	350.0	250.0		14.0	42.0	151.7	119.1	25006.0	1429.0	12.84		14920.0
350x250x14.5	прямоугольная	350.0	250.0		14.5	43.5	156.5	122.9	25671.0	1467.0	12.81		15312.0
350x250x15	прямоугольная	350.0	250.0		15.0	45.0	161.3	126.6	26321.0	1504.0	12.77		15695.0
350x250x15.5	прямоугольная	350.0	250.0		15.5	46.5	166.1	130.4	26957.0	1540.0	12.74		16069.0
350x250x16	прямоугольная	350.0	250.0		16.0	48.0	170.8	134.0	27577.0	1576.0	12.71		16433.0
350x250x16.5	прямоугольная	350.0	250.0		16.5	49.5	175.4	137.7	28183.0	1610.0	12.68		16789.0
350x250x18	прямоугольная	350.0	250.0		18.0	54.0	189.1	148.4	29911.0	1709.0	12.58		17804.0
350x250x18.5	прямоугольная	350.0	250.0		18.5	55.5	193.6	152.0	30458.0	1740.0	12.54		18124.0
350x250x19	прямоугольная	350.0	250.0		19.0	57.0	198.0	155.5	30991.0	1771.0	12.51		18437.0
350x250x20	прямоугольная	350.0	250.0		20.0	60.0	206.8	162.3	32014.0	1829.0	12.44		19035.0
350x250x21	прямоугольная	350.0	250.0		21.0	63.0	215.4	169.1	32979.0	1885.0	12.37		19600.0
350x250x22	прямоугольная	350.0	250.0		22.0	66.0	223.8	175.7	33889.0	1937.0	12.3		20131.0
350x300x6	прямоугольная	350.0	300.0		6.0	12.0	75.63	59.37	14232.0	813.2	13.72		11259.0
350x300x6.5	прямоугольная	350.0	300.0		6.5	16.25	81.36	63.87	15210.0	869.2	13.67		12037.0
350x300x7	прямоугольная	350.0	300.0		7.0	17.5	87.36	68.58	16269.0	929.6	13.65		12872.0
350x300x7.5	прямоугольная	350.0	300.0		7.5	18.75	93.32	73.26	17312.0	989.2	13.62		13694.0
350x300x8	прямоугольная	350.0	300.0		8.0	20.0	99.24	77.91	18339.0	1048.0	13.59		14504.0
350x300x8.5	прямоугольная	350.0	300.0		8.5	21.25	105.1	82.53	19351.0	1106.0	13.57		15301.0
350x300x9	прямоугольная	350.0	300.0		9.0	22.5	111.0	87.12	20347.0	1163.0	13.54		16086.0
350x300x9.5	прямоугольная	350.0	300.0		9.5	23.75	116.8	91.68	21328.0	1219.0	13.51		16858.0
350x300x10	прямоугольная	350.0	300.0		10.0	25.0	122.6	96.21	22294.0	1274.0	13.49		17618.0
350x300x10.5	прямоугольная	350.0	300.0		10.5	31.5	127.4	99.98	22948.0	1311.0	13.42		18147.0
350x300x11	прямоугольная	350.0	300.0		11.0	33.0	133.0	104.4	23855.0	1363.0	13.39		18361.0
350x300x11.5	прямоугольная	350.0	300.0		11.5	34.5	138.5	108.7	24745.0	1414.0	13.36		19561.0
350x300x12	прямоугольная	350.0	300.0		12.0	36.0	144.1	113.1	25619.0	1464.0	13.34		20249.0
360x220x6	прямоугольная	360.0	220.0		6.0	12.0	67.23	54.66	12188.89	677.16	13.46		5737.07
360x220x6.5	прямоугольная	360.0	220.0		6.5	16.25	72.26	58.76	12995.47	721.97	13.41		6122.41
360x220x7	прямоугольная	360.0	220.0		7.0	17.5	77.55	63.08	13887.79	771.54	13.38		6537.75
360x220x7.5	прямоугольная	360.0	220.0		7.5	18.75	82.82	67.37	14765.16	820.29	13.35		6945.42
360x220x8	прямоугольная	360.0	220.0		8.0	20.0	88.04	71.63	15627.65	868.2	13.32		7345.5
400x200x10	прямоугольная	400.0	200.0		10.0	25.0	112.6	88.36	23000.0	1150.0	14.29		7859.0
400x200x10.5	прямоугольная	400.0	200.0		10.5	31.5	116.9	91.73	23577.0	1179.0	14.2		8080.0
400x200x11	прямоугольная	400.0	200.0		11.0	33.0	122.0	95.74	24485.0	1224.0	14.17		8383.0
400x200x11.5	прямоугольная	400.0	200.0		11.5	34.5	127.0	99.72	25374.0	1269.0	14.13		8679.0
400x200x12	прямоугольная	400.0	200.0		12.0	36.0	132.1	103.7	26245.0	1312.0	14.1		8968.0
400x200x12.5	прямоугольная	400.0	200.0		12.5	37.5	137.0	107.6	27097.0	1355.0	14.06		9260.0
400x200x13	прямоугольная	400.0	200.0		13.0	39.0	142.0	111.4	27930.0	1397.0	14.03		9536.0
400x200x13.5	прямоугольная	400.0	200.0		13.5	40.5	146.9	115.3	28745.0	1437.0	13.99		9806.0
400x200x14	прямоугольная	400.0	200.0		14.0	42.0	151.7	119.1	29541.0	1477.0	13.95		10069.0
400x200x14.5	прямоугольная	400.0	200.0		14.5	43.5	156.5	122.9	30319.0	1516.0	13.92		10325.0
400x200x15	прямоугольная	400.0	200.0		15.0	45.0	161.3	126.6	31078.0	1554.0	13.88		10575.0
400x200x15.5	прямоугольная	400.0	200.0		15.5	46.5	166.1	130.4	31819.0	1591.0	13.84		10818.0
400x200x16	прямоугольная	400.0	200.0		16.0	48.0	170.8	134.0	32542.0	1627.0	13.81		11055.0
400x300x6	прямоугольная	400.0	300.0		6.0	12.0	81.63	64.08	19446.0	972.0	15.43		12557.0
400x300x6.5	прямоугольная	400.0	300.0		6.5	16.25	87.86	68.97	20801.0	1040.0	15.39		13438.0
400x300x7	прямоугольная	400.0	300.0		7.0	17.5	94.35	74.07	22261.0	1113.0	15.36		14376.0
400x300x7.5	прямоугольная	400.0	300.0		7.5	18.75	100.8	79.14	23700.0	1185.0	15.33		15300.0
400x300x8	прямоугольная	400.0	300.0		8.0	20.0	107.2	84.18	25121.0	1256.0	15.31		16211.0
400x300x8.5	прямоугольная	400.0	300.0		8.5	21.25	113.6	89.2	26521.0	1326.0	15.28		17109.0
400x300x9	прямоугольная	400.0	300.0		9.0	22.5	120.0	94.18	27903.0	1395.0	15.25		17994.0
400x300x9.5	прямоугольная	400.0	300.0		9.5	23.75	126.3	99.13	29265.0	1463.0	15.22		18866.0
400x300x10	прямоугольная	400.0	300.0		10.0	25.0	132.6	104.1	30607.0	1530.0	15.2		19725.0
400x300x10.5	прямоугольная	400.0	300.0		10.5	31.5	137.8	108.2	31544.0	1577.0	15.13		20352.0
400x300x11	прямоугольная	400.0	300.0		11.0	33.0	144.0	113.0	32810.0	1641.0	15.1		21164.0
400x300x11.5	прямоугольная	400.0	300.0		11.5	34.5	150.0	117.8	34056.0	1703.0	15.07		21961.0
400x300x12	прямоугольная	400.0	300.0		12.0	36.0	156.0	122.5	35281.0	1764.0	15.04		22745.0
400x300x12.5	прямоугольная	400.0	300.0		12.5	37.5	162.0	127.2	36485.0	1824.0	15.01		23516.0
400x300x13	прямоугольная	400.0	300.0		13.0	39.0	168.0	131.9	37669.0	1883.0	14.98		24273.0
400x300x13.5	прямоугольная	400.0	300.0		13.5	40.5	173.9	136.5	38833.0	1942.0	14.94		25016.0
400x300x14	прямоугольная	400.0	300.0		14.0	42.0	179.7	141.1	39976.0	1999.0	14.91		25746.0
400x300x14.5	прямоугольная	400.0	300.0		14.5	43.5	185.5	145.7	41098.0	2055.0	14.88		26463.0
400x300x15	прямоугольная	400.0	300.0		15.0	45.0	191.3	150.2	42201.0	2110.0	14.85		27166.0
400x300x15.5	прямоугольная	400.0	300.0		15.5	46.5	197.1	154.7	43283.0	2164.0	14.82		27856.0
400x300x16	прямоугольная	400.0	300.0		16.0	48.0	202.8	159.2	44346.0	2217.0	14.79		28533.0
400x300x16.5	прямоугольная	400.0	300.0		16.5	49.5	208.4	163.6	45388.0	2269.0	14.76		29197.0
400x300x17	прямоугольная	400.0	300.0		17.0	51.0	214.0	168.0	46411.0	2321.0	14.73		29848.0
400x300x17.5	прямоугольная	400.0	300.0		17.5	52.5	219.6	172.4	47414.0	2371.0	14.69		30486.0
400x300x18	прямоугольная	400.0	300.0		18.0	54.0	225.1	176.7	48397.0	2420.0	14.66		31111.0
400x300x18.5	прямоугольная	400.0	300.0		18.5	55.5	230.6	181.0	49360.0	2468.0	14.63		31724.0
400x300x19	прямоугольная	400.0	300.0		19.0	57.0	236.0	185.3	50304.0	2515.0	14.6		32324.0
400x300x20	прямоугольная	400.0	300.0		20.0	60.0	246.8	193.7	52134.0	2607.0	14.53		33485.0
400x300x21	прямоугольная	400.0	300.0		21.0	63.0	257.4	202.1	53886.0	2694.0	14.47		34597.0
400x300x22	прямоугольная	400.0	300.0		22.0	66.0	267.8	210.2	55563.0	2778.0	14.4		35659.0
450x350x7	прямоугольная	450.0	350.0		7.0	17.5	108.4	85.06	32866.0	1461.0	17.42		22447.0
450x350x7.5	прямоугольная	450.0	350.0		7.5	18.75	115.8	90.91	35020.0	1556.0	17.39		23912.0
450x350x8	прямоугольная	450.0	350.0		8.0	20.0	123.2	96.74	37149.0	1651.0	17.36		25359.0
450x350x8.5	прямоугольная	450.0	350.0		8.5	21.25	130.6	103.0	39253.0	1745.0	17.34		26788.0
450x350x9	прямоугольная	450.0	350.0		9.0	22.5	138.0	108.0	41332.0	1837.0	17.31		28200.0
450x350x9.5	прямоугольная	450.0	350.0		9.5	23.75	145.3	114.0	43386.0	1928.0	17.28		29593.0
450x350x10	прямоугольная	450.0	350.0		10.0	25.0	152.6	120.0	45416.0	2018.0	17.25		30969.0
450x350x10.5	прямоугольная	450.0	350.0		10.5	31.5	158.8	125.0	46931.0	2086.0	17.19		32031.0
450x350x11	прямоугольная	450.0	350.0		11.0	33.0	166.0	130.0	48863.0	2172.0	17.16		33342.0
450x350x11.5	прямоугольная	450.0	350.0		11.5	34.5	173.0	136.0	50768.0	2256.0	17.13		34635.0
450x350x12	прямоугольная	450.0	350.0		12.0	36.0	180.0	141.0	52646.0	2340.0	17.1		35909.0
450x350x12.5	прямоугольная	450.0	350.0		12.5	37.5	187.0	147.0	54498.0	2422.0	17.07		37165.0
450x350x13	прямоугольная	450.0	350.0		13.0	39.0	194.0	152.0	56323.0	2503.0	17.04		38402.0
450x350x13.5	прямоугольная	450.0	350.0		13.5	40.5	200.9	158.0	58121.0	2583.0	17.01		39621.0
450x350x14	прямоугольная	450.0	350.0		14.0	42.0	207.7	163.0	59894.0	2662.0	16.98		40821.0
450x350x14.5	прямоугольная	450.0	350.0		14.5	43.5	214.5	168.0	61640.0	2740.0	16.95		42003.0
450x350x15	прямоугольная	450.0	350.0		15.0	45.0	221.3	174.0	63359.0	2816.0	16.92		43166.0
450x350x15.5	прямоугольная	450.0	350.0		15.5	46.5	228.1	179.0	65053.0	2891.0	16.89		44312.0
450x350x16	прямоугольная	450.0	350.0		16.0	48.0	234.8	184.0	66721.0	2965.0	16.86		45440.0
450x350x16.5	прямоугольная	450.0	350.0		16.5	49.5	241.4	190.0	68363.0	3038.0	16.83		46549.0
450x350x17	прямоугольная	450.0	350.0		17.0	51.0	248.0	195.0	69979.0	3110.0	16.8		47641.0
450x350x17.5	прямоугольная	450.0	350.0		17.5	52.5	254.6	200.0	71569.0	3181.0	16.77		48715.0
450x350x18	прямоугольная	450.0	350.0		18.0	54.0	261.1	205.0	73134.0	3250.0	16.74		49771.0
450x350x18.5	прямоугольная	450.0	350.0		18.5	55.5	267.6	210.0	74673.0	3319.0	16.7		50810.0
450x350x19	прямоугольная	450.0	350.0		19.0	57.0	274.0	215.0	76187.0	3386.0	16.67		51831.0
450x350x20	прямоугольная	450.0	350.0		20.0	60.0	286.8	225.0	79139.0	3517.0	16.61		53820.0
450x350x21	прямоугольная	450.0	350.0		21.0	63.0	299.4	235.0	81990.0	3644.0	16.55		55741.0
450x350x22	прямоугольная	450.0	350.0		22.0	66.0	311.8	245.0	84742.0	3766.0	16.49		57593.0
500x300x7	прямоугольная	500.0	300.0		7.0	17.5	108.4	85.06	37868.0	1515.0	18.69		17381.0
500x300x7.5	прямоугольная	500.0	300.0		7.5	18.75	115.8	90.91	40350.0	1614.0	18.67		18509.0
500x300x8	прямоугольная	500.0	300.0		8.0	20.0	123.2	96.74	42803.0	1712.0	18.64		19623.0
500x300x8.5	прямоугольная	500.0	300.0		8.5	21.25	130.6	102.5	45227.0	1809.0	18.61		20722.0
500x300x9	прямоугольная	500.0	300.0		9.0	22.5	138.0	108.3	47621.0	1905.0	18.58		21806.0
500x300x9.5	прямоугольная	500.0	300.0		9.5	23.75	145.3	114.0	49987.0	1999.0	18.55		22876.0
500x300x10	прямоугольная	500.0	300.0		10.0	25.0	152.6	119.8	52324.0	2093.0	18.52		23932.0
500x300x10.5	прямоугольная	500.0	300.0		10.5	31.5	158.8	124.7	54030.0	2161.0	18.44		24754.0
500x300x11	прямоугольная	500.0	300.0		11.0	33.0	166.0	130.3	56251.0	2250.0	18.41		25759.0
500x300x11.5	прямоугольная	500.0	300.0		11.5	34.5	173.0	135.8	58440.0	2338.0	18.38		26750.0
500x300x12	прямоугольная	500.0	300.0		12.0	36.0	180.0	141.3	60598.0	2424.0	18.35		27725.0
500x300x12.5	прямоугольная	500.0	300.0		12.5	37.5	187.0	146.8	62726.0	2509.0	18.31		28685.0
500x300x13	прямоугольная	500.0	300.0		13.0	39.0	194.0	152.3	64822.0	2593.0	18.28		29630.0
500x300x13.5	прямоугольная	500.0	300.0		13.5	40.5	200.9	157.7	66887.0	2675.0	18.25		30561.0
500x300x14	прямоугольная	500.0	300.0		14.0	42.0	207.7	163.1	68922.0	2757.0	18.21		31476.0
500x300x14.5	прямоугольная	500.0	300.0		14.5	43.5	214.5	168.4	70926.0	2837.0	18.18		32377.0
500x300x15	прямоугольная	500.0	300.0		15.0	45.0	221.3	173.7	72899.0	2916.0	18.15		33264.0
500x300x15.5	прямоугольная	500.0	300.0		15.5	46.5	228.1	179.0	74842.0	2994.0	18.12		34135.0
500x300x16	прямоугольная	500.0	300.0		16.0	48.0	234.8	184.3	76755.0	3070.0	18.08		34993.0
500x300x16.5	прямоугольная	500.0	300.0		16.5	49.5	241.4	189.5	78637.0	3145.0	18.05		35835.0
500x300x17	прямоугольная	500.0	300.0		17.0	51.0	248.0	194.7	80490.0	3220.0	18.01		36664.0
500x300x17.5	прямоугольная	500.0	300.0		17.5	52.5	254.58	198.5724	82303.08	3292.12	17.98		37473.33
500x300x18	прямоугольная	500.0	300.0		18.0	54.0	261.1	205.0	84104.0	3364.0	17.95		38278.0
500x300x18.5	прямоугольная	500.0	300.0		18.5	55.5	267.6	210.1	85867.0	3435.0	17.91		39064.0
500x300x19	прямоугольная	500.0	300.0		19.0	57.0	274.0	215.1	87599.0	3504.0	17.88		39836.0
500x300x20	прямоугольная	500.0	300.0		20.0	60.0	286.8	225.1	90976.0	3639.0	17.81		41339.0
500x300x21	прямоугольная	500.0	300.0		21.0	63.0	299.4	235.0	94235.0	3769.0	17.74		42786.0
500x300x22	прямоугольная	500.0	300.0		22.0	66.0	311.8	244.8	97376.0	3895.0	17.67		44178.0
40x2	квадратная	40.0	40.0		2.0	4.0	2.94	2.31	6.94	3.47	15.4		6.94
40x2.5	квадратная	40.0	40.0		2.5	5.0	3.59	2.82	8.21	4.1	15.1		8.21
40x3	квадратная	40.0	40.0		3.0	6.0	4.21	3.3	9.31	4.65	14.9		9.31
40x3.5	квадратная	40.0	40.0		3.5	7.0	4.79	3.76	10.26	5.13	14.6		10.26
40x4	квадратная	40.0	40.0		4.0	8.0	5.35	4.2	11.05	5.52	14.4		11.05
50x2	квадратная	50.0	50.0		2.0	4.0	3.74	2.93	14.14	5.66	19.5		14.14
50x2.5	квадратная	50.0	50.0		2.5	5.0	4.59	3.6	16.93	6.77	19.2		16.93
50x3	квадратная	50.0	50.0		3.0	6.0	5.41	4.25	19.45	7.78	19.0		19.45
50x3.5	квадратная	50.0	50.0		3.5	7.0	6.19	4.86	21.7	8.68	18.7		21.7
50x4	квадратная	50.0	50.0		4.0	8.0	6.95	5.45	23.7	9.48	18.5		23.7
50x4.5	квадратная	50.0	50.0		4.5	9.0	7.67	6.02	25.45	10.19	18.2		25.45
50x5	квадратная	50.0	50.0		5.0	10.0	8.36	6.56	26.98	10.79	18.0		26.98
50x5.5	квадратная	50.0	50.0		5.5	11.0	9.01	7.07	28.27	11.31	17.7		28.27
50x6	квадратная	50.0	50.0		6.0	12.0	9.63	7.56	29.36	11.74	17.5		29.36
60x2	квадратная	60.0	60.0		2.0	4.0	4.54	3.56	25.14	8.38	23.5		25.14
60x2.5	квадратная	60.0	60.0		2.5	5.0	5.59	4.39	30.33	10.11	23.3		30.33
60x3	квадратная	60.0	60.0		3.0	6.0	6.61	5.19	35.11	11.7	23.1		35.11
60x3.5	квадратная	60.0	60.0		3.5	7.0	7.59	5.96	39.5	13.17	22.8		39.5
60x4	квадратная	60.0	60.0		4.0	8.0	8.55	6.71	43.5	14.5	22.6		43.5
60x4.5	квадратная	60.0	60.0		4.5	9.0	9.47	7.43	47.14	15.71	22.3		47.14
60x5	квадратная	60.0	60.0		5.0	10.0	10.36	8.13	50.41	16.8	22.1		50.41
60x5.5	квадратная	60.0	60.0		5.5	11.0	11.21	8.8	53.34	17.78	21.8		53.34
60x6	квадратная	60.0	60.0		6.0	12.0	12.03	9.45	55.94	18.65	21.6		55.94
70x2	квадратная	70.0	70.0		2.0	4.0	5.34	4.19	40.72	11.63	27.6		40.72
70x2.5	квадратная	70.0	70.0		2.5	5.0	6.59	5.17	49.39	14.11	27.4		49.39
70x3	квадратная	70.0	70.0		3.0	6.0	7.81	6.13	57.5	16.43	27.1		57.5
70x3.5	квадратная	70.0	70.0		3.5	7.0	8.99	7.06	65.05	18.59	26.9		65.05
70x4	квадратная	70.0	70.0		4.0	8.0	10.15	7.97	72.06	20.59	26.6		72.06
70x4.5	квадратная	70.0	70.0		4.5	9.0	11.27	8.85	78.55	22.44	26.4		78.55
70x5	квадратная	70.0	70.0		5.0	10.0	12.36	9.7	84.52	24.15	26.2		84.52
70x5.5	квадратная	70.0	70.0		5.5	11.0	13.41	10.53	90.01	25.72	25.9		90.01
70x6	квадратная	70.0	70.0		6.0	12.0	14.43	11.33	95.01	27.14	25.7		95.01
70x6.5	квадратная	70.0	70.0		6.5	16.5	15.06	11.82	95.11	27.17	25.1		95.11
70x7	квадратная	70.0	70.0		7.0	17.5	15.96	12.53	98.5	28.14	24.8		98.5
80x3	квадратная	80.0	80.0		3.0	6.0	9.01	7.07	87.81	21.95	31.2		87.81
80x3.5	квадратная	80.0	80.0		3.5	7.0	10.39	8.16	99.75	24.94	31.0		99.75
80x4	квадратная	80.0	80.0		4.0	8.0	11.75	9.22	111.0	27.74	30.7		111.0
80x4.5	квадратная	80.0	80.0		4.5	9.0	13.07	10.26	121.5	30.37	30.5		121.5
80x5	квадратная	80.0	80.0		5.0	10.0	14.36	11.27	131.3	32.83	30.2		131.3
80x5.5	квадратная	80.0	80.0		5.5	11.0	15.61	12.25	140.5	35.12	30.0		140.5
80x6	квадратная	80.0	80.0		6.0	12.0	16.83	13.21	149.0	37.24	29.7		149.0
80x6.5	квадратная	80.0	80.0		6.5	16.5	17.66	13.86	151.0	37.76	29.2		151.0
80x7	квадратная	80.0	80.0		7.0	17.5	18.76	14.72	157.4	39.34	29.0		157.4
80x7.5	квадратная	80.0	80.0		7.5	19.0	19.82	15.56	163.0	40.76	28.7		163.0
80x8	квадратная	80.0	80.0		8.0	20.0	20.84	16.36	168.0	42.01	28.4		168.0
90x3	квадратная	90.0	90.0		3.0	6.0	10.21	8.01	127.2	28.28	35.3		127.2
90x3.5	квадратная	90.0	90.0		3.5	7.0	11.79	9.26	145.0	32.22	35.1		145.0
90x4	квадратная	90.0	90.0		4.0	8.0	13.35	10.48	161.8	35.96	34.8		161.8
90x4.5	квадратная	90.0	90.0		4.5	9.0	14.87	11.67	177.8	39.5	34.6		177.8
90x5	квадратная	90.0	90.0		5.0	10.0	16.36	12.84	192.8	42.84	34.3		192.8
90x5.5	квадратная	90.0	90.0		5.5	11.0	17.81	13.98	206.9	45.99	34.1		206.9
90x6	квадратная	90.0	90.0		6.0	12.0	19.23	15.1	220.2	48.94	33.8		220.2
90x6.5	квадратная	90.0	90.0		6.5	16.5	20.26	15.9	225.3	50.07	33.4		225.3
90x7	квадратная	90.0	90.0		7.0	17.5	21.56	16.92	235.8	52.4	33.1		235.8
90x7.5	квадратная	90.0	90.0		7.5	19.0	22.82	17.91	245.4	54.54	32.8		245.4
90x8	квадратная	90.0	90.0		8.0	20.0	24.04	18.87	254.2	56.48	32.5		254.2
100x3	квадратная	100.0	100.0		3.0	6.0	11.41	8.96	177.0	35.4	39.4		177.0
100x3.5	квадратная	100.0	100.0		3.5	7.0	13.19	10.36	202.2	40.44	39.1		202.2
100x4	квадратная	100.0	100.0		4.0	8.0	14.95	11.73	225.1	45.02	38.8		225.1
100x4.5	квадратная	100.0	100.0		4.5	9.0	16.67	13.08	247.5	49.5	38.5		247.5
100x5	квадратная	100.0	100.0		5.0	10.0	18.36	14.41	270.9	54.19	38.4		270.9
100x5.5	квадратная	100.0	100.0		5.5	11.0	20.01	15.71	291.6	58.32	38.2		291.6
100x6	квадратная	100.0	100.0		6.0	12.0	21.63	16.98	311.2	62.24	37.9		311.2
100x6.5	квадратная	100.0	100.0		6.5	16.5	22.86	17.94	320.6	64.12	37.5		320.6
100x7	квадратная	100.0	100.0		7.0	17.5	24.36	19.12	336.7	67.33	37.2		336.7
100x7.5	квадратная	100.0	100.0		7.5	19.0	25.82	20.27	351.6	70.32	36.9		351.6
100x8	квадратная	100.0	100.0		8.0	20.0	27.24	21.39	365.4	73.09	36.6		365.4
120x3	квадратная	120.0	120.0		3.0	6.0	13.81	10.84	312.3	52.05	47.6		312.3
120x3.5	квадратная	120.0	120.0		3.5	7.0	15.99	12.56	358.1	59.68	47.3		358.1
120x4	квадратная	120.0	120.0		4.0	8.0	18.15	14.25	402.2	67.03	47.1		402.2
120x4.5	квадратная	120.0	120.0		4.5	9.0	20.27	15.91	444.5	74.09	46.8		444.5
120x5	квадратная	120.0	120.0		5.0	10.0	22.36	17.55	485.3	80.88	46.6		485.3
120x5.5	квадратная	120.0	120.0		5.5	11.0	24.41	19.16	524.3	87.39	46.3		524.3
120x6	квадратная	120.0	120.0		6.0	12.0	26.43	20.75	561.8	93.64	46.1		561.8
120x6.5	квадратная	120.0	120.0		6.5	16.5	28.06	22.03	584.6	97.43	45.6		584.6
120x7	квадратная	120.0	120.0		7.0	17.5	29.96	23.52	616.8	102.8	45.4		616.8
120x7.5	квадратная	120.0	120.0		7.5	19.0	31.82	24.98	647.3	107.9	45.1		647.3
120x8	квадратная	120.0	120.0		8.0	20.0	33.64	26.41	676.2	112.7	44.8		676.2
140x4	квадратная	140.0	140.0		4.0	8.0	21.35	16.76	651.5	93.07	55.2		651.5
140x4.5	квадратная	140.0	140.0		4.5	9.0	23.87	18.74	722.1	103.2	55.0		722.1
140x5	квадратная	140.0	140.0		5.0	10.0	26.36	20.69	790.3	112.9	54.8		790.3
140x5.5	квадратная	140.0	140.0		5.5	11.0	28.81	22.62	856.3	122.3	54.5		856.3
140x6	квадратная	140.0	140.0		6.0	12.0	31.23	24.52	920.0	131.4	54.3		920.0
140x6.5	квадратная	140.0	140.0		6.5	16.5	33.26	26.11	963.6	137.7	53.8		963.6
140x7	квадратная	140.0	140.0		7.0	17.5	35.56	27.91	1020.0	145.7	53.6		1020.0
140x7.5	квадратная	140.0	140.0		7.5	19.0	37.82	29.69	1074.0	153.5	53.3		1074.0
140x8	квадратная	140.0	140.0		8.0	20.0	40.04	31.43	1126.0	160.8	53.0		1126.0
150x4	квадратная	150.0	150.0		4.0	8.0	22.95	18.01	807.7	107.7	59.3		807.7
150x4.5	квадратная	150.0	150.0		4.5	9.0	25.67	20.15	896.1	119.5	59.1		896.1
150x5	квадратная	150.0	150.0		5.0	10.0	28.36	22.26	981.8	130.9	58.8		981.8
150x5.5	квадратная	150.0	150.0		5.5	11.0	31.01	24.34	1065.0	142.0	58.6		1065.0
150x6	квадратная	150.0	150.0		6.0	12.0	33.63	26.4	1145.0	152.7	58.4		1145.0
150x6.5	квадратная	150.0	150.0		6.5	16.5	35.86	28.15	1203.0	160.4	57.9		1203.0
150x7	квадратная	150.0	150.0		7.0	17.5	38.36	30.11	1275.0	170.0	57.7		1275.0
150x7.5	квадратная	150.0	150.0		7.5	19.0	40.82	32.04	1344.0	179.2	57.4		1344.0
150x8	квадратная	150.0	150.0		8.0	20.0	43.24	33.95	1411.0	188.1	57.1		1411.0
160x4	квадратная	160.0	160.0		4.0	8.0	24.55	19.27	987.0	123.4	63.4		987.0
160x4.5	квадратная	160.0	160.0		4.5	9.0	27.47	21.56	1096.0	137.0	63.2		1096.0
160x5	квадратная	160.0	160.0		5.0	10.0	30.36	23.83	1202.0	150.3	62.9		1202.0
160x5.5	квадратная	160.0	160.0		5.5	11.0	33.21	26.07	1305.0	163.1	62.7		1305.0
160x6	квадратная	160.0	160.0		6.0	12.0	36.03	28.29	1405.0	175.6	62.4		1405.0
160x6.5	квадратная	160.0	160.0		6.5	16.5	38.46	30.19	1479.0	184.8	62.0		1479.0
160x7	квадратная	160.0	160.0		7.0	17.5	41.16	32.31	1569.0	196.1	61.7		1569.0
160x7.5	квадратная	160.0	160.0		7.5	19.0	43.82	34.4	1656.0	207.0	61.5		1656.0
160x8	квадратная	160.0	160.0		8.0	20.0	46.44	36.46	1740.0	217.5	61.2		1740.0
180x5	квадратная	180.0	180.0		5.0	10.0	34.36	26.97	1737.0	192.9	71.1		1737.0
180x5.5	квадратная	180.0	180.0		5.5	11.0	37.61	29.52	1888.0	209.8	70.9		1888.0
180x6	квадратная	180.0	180.0		6.0	12.0	40.83	32.05	2036.0	226.2	70.6		2036.0
180x6.5	квадратная	180.0	180.0		6.5	16.5	43.66	34.27	2150.0	238.9	70.2		2150.0
180x7	квадратная	180.0	180.0		7.0	17.5	46.76	36.7	2286.0	254.0	69.9		2286.0
180x7.5	квадратная	180.0	180.0		7.5	19.0	49.82	39.11	2417.0	268.6	69.7		2417.0
180x8	квадратная	180.0	180.0		8.0	20.0	52.84	41.48	2545.0	282.7	69.4		2545.0
180x8.5	квадратная	180.0	180.0		8.5	21.5	55.83	43.83	2668.0	296.5	69.1		2668.0
180x9	квадратная	180.0	180.0		9.0	23.0	58.78	46.14	2787.0	309.7	68.9		2787.0
180x9.5	квадратная	180.0	180.0		9.5	24.0	61.69	48.43	2903.0	322.6	68.6		2903.0
180x10	квадратная	180.0	180.0		10.0	25.0	64.57	50.68	3015.0	335.0	68.3		3015.0
200x6	квадратная	200.0	200.0		6.0	12.0	45.63	35.82	2832.0	283.2	78.8		2832.0
200x6.5	квадратная	200.0	200.0		6.5	16.5	48.86	38.35	3000.0	300.0	78.4		3000.0
200x7	квадратная	200.0	200.0		7.0	17.5	52.36	41.1	3193.0	319.3	78.1		3193.0
200x7.5	квадратная	200.0	200.0		7.5	19.0	55.82	43.82	3382.0	338.2	77.8		3382.0
200x8	квадратная	200.0	200.0		8.0	20.0	59.24	46.51	3565.0	356.5	77.6		3565.0
200x8.5	квадратная	200.0	200.0		8.5	21.5	62.63	49.16	3743.0	374.3	77.3		3743.0
200x9	квадратная	200.0	200.0		9.0	23.0	65.98	51.79	3917.0	391.7	77.0		3917.0
200x9.5	квадратная	200.0	200.0		9.5	24.0	69.29	54.39	4085.0	408.5	76.8		4085.0
200x10	квадратная	200.0	200.0		10.0	25.0	72.57	56.96	4249.0	424.9	76.5		4249.0
200x10.5	квадратная	200.0	200.0		10.5	31.5	74.86	58.76	4309.0	430.9	75.9		4309.0
200x11	квадратная	200.0	200.0		11.0	33.0	77.97	61.2	4454.0	445.4	75.6		4454.0
200x11.5	квадратная	200.0	200.0		11.5	34.5	81.03	63.61	4593.0	459.3	75.3		4593.0
200x12	квадратная	200.0	200.0		12.0	36.0	84.06	65.99	4727.0	472.7	75.0		4727.0
250x6	квадратная	250.0	250.0		6.0	12.0	57.63	45.24	5671.0	453.7	99.2		5671.0
250x6.5	квадратная	250.0	250.0		6.5	16.5	61.86	48.56	6036.0	482.9	98.8		6036.0
250x7	квадратная	250.0	250.0		7.0	17.5	66.36	52.09	6441.0	515.3	98.5		6441.0
250x7.5	квадратная	250.0	250.0		7.5	19.0	70.82	55.59	6838.0	547.1	98.3		6838.0
250x8	квадратная	250.0	250.0		8.0	20.0	75.24	59.07	7227.0	578.2	98.0		7227.0
250x8.5	квадратная	250.0	250.0		8.5	21.5	79.63	62.51	7608.0	608.7	97.7		7608.0
250x9	квадратная	250.0	250.0		9.0	23.0	83.98	65.92	7981.0	638.5	97.5		7981.0
250x9.5	квадратная	250.0	250.0		9.5	24.0	88.29	69.31	8346.0	667.7	97.2		8346.0
250x10	квадратная	250.0	250.0		10.0	25.0	92.57	72.66	8703.0	696.3	97.0		8703.0
250x10.5	квадратная	250.0	250.0		10.5	31.5	95.86	75.25	8900.0	712.0	96.4		8900.0
250x11	квадратная	250.0	250.0		11.0	33.0	99.97	78.47	9227.0	738.1	96.1		9227.0
250x11.5	квадратная	250.0	250.0		11.5	34.5	104.0	81.67	9545.0	763.6	95.8		9545.0
250x12	квадратная	250.0	250.0		12.0	36.0	108.1	84.83	9854.0	788.3	95.5		9854.0
300x6	квадратная	300.0	300.0		6.0	12.0	69.63	54.66	9963.0	664.2	119.6		9963.0
300x6.5	квадратная	300.0	300.0		6.5	16.5	74.86	58.76	10637.001	709.1	119.2		10637.001
300x7	квадратная	300.0	300.0		7.0	17.5	80.36	63.08	11370.001	758.0	118.9		11370.001
300x7.5	квадратная	300.0	300.0		7.5	19.0	85.82	67.37	12090.001	806.0	118.7		12090.001
300x8	квадратная	300.0	300.0		8.0	20.0	91.24	71.63	12798.001	853.2	118.4		12798.001
300x8.5	квадратная	300.0	300.0		8.5	21.5	96.63	75.85	13495.001	899.7	118.2		13495.001
300x9	квадратная	300.0	300.0		9.0	23.0	102.0	80.05	14180.001	945.3	117.9		14180.001
300x9.5	квадратная	300.0	300.0		9.5	24.0	107.3	84.22	14853.001	990.2	117.7		14853.001
300x10	квадратная	300.0	300.0		10.0	25.0	112.6	88.36	15515.001	1034.0	117.4		15515.001
300x10.5	квадратная	300.0	300.0		10.5	31.5	116.9	91.73	15947.001	1063.0	116.8		15947.001
300x11	квадратная	300.0	300.0		11.0	33.0	122.0	95.74	16564.0	1104.0	116.5		16564.0
300x11.5	квадратная	300.0	300.0		11.5	34.5	127.0	99.72	17168.0	1145.0	116.3		17168.0
300x12	квадратная	300.0	300.0		12.0	36.0	132.1	103.7	17761.0	1184.0	116.0		17761.0
50x25x2	прямоугольная	50.0	25.0		2.0	4.0	2.74	2.15	8.38	3.35	17.5		2.8
50x25x2.5	прямоугольная	50.0	25.0		2.5	5.0	3.34	2.62	9.88	3.95	17.2		3.27
50x25x3	прямоугольная	50.0	25.0		3.0	6.0	3.91	3.07	11.17	4.47	16.9		3.65
50x25x3.5	прямоугольная	50.0	25.0		3.5	7.0	4.44	3.49	12.24	4.9	16.6		3.96
50x25x4	прямоугольная	50.0	25.0		4.0	8.0	4.95	3.88	13.12	5.25	16.3		4.19
50x30x2	прямоугольная	50.0	30.0		2.0	4.0	2.94	2.31	9.53	3.81	18.0		4.29
50x30x2.5	прямоугольная	50.0	30.0		2.5	5.0	3.59	2.82	11.29	4.52	17.7		5.04
50x30x3	прямоугольная	50.0	30.0		3.0	6.0	4.21	3.3	12.82	5.13	17.5		5.68
50x30x3.5	прямоугольная	50.0	30.0		3.5	7.0	4.79	3.76	14.13	5.65	17.2		6.22
50x30x4	прямоугольная	50.0	30.0		4.0	8.0	5.35	4.2	15.24	6.09	16.9		6.66
50x30x5	прямоугольная	50.0	30.0		5.0	10.0	6.36	4.99	16.85	6.74	16.3		7.26
50x40x2	прямоугольная	50.0	40.0		2.0	4.0	3.34	2.62	11.84	4.73	18.8		8.38
50x40x2.5	прямоугольная	50.0	40.0		2.5	5.0	4.09	3.21	14.11	5.65	18.6		9.97
50x40x3	прямоугольная	50.0	40.0		3.0	6.0	4.81	3.77	16.14	6.45	18.3		11.36
50x40x3.5	прямоугольная	50.0	40.0		3.5	7.0	5.49	4.31	17.92	7.17	18.1		12.59
50x40x4	прямоугольная	50.0	40.0		4.0	8.0	6.15	4.83	19.47	7.79	17.8		13.64
50x40x4.5	прямоугольная	50.0	40.0		4.5	9.0	6.77	5.31	20.8	8.32	17.5		14.54
50x40x5	прямоугольная	50.0	40.0		5.0	10.0	7.36	5.77	21.91	8.77	17.3		15.28
60x30x2	прямоугольная	60.0	30.0		2.0	4.0	3.34	2.62	15.04	5.01	21.2		5.07
60x30x2.5	прямоугольная	60.0	30.0		2.5	5.0	4.09	3.21	17.93	5.98	20.9		5.99
60x30x3	прямоугольная	60.0	30.0		3.0	6.0	4.81	3.77	20.49	6.83	20.6		6.78
60x30x3.5	прямоугольная	60.0	30.0		3.5	7.0	5.49	4.31	22.74	7.58	20.3		7.45
60x30x4	прямоугольная	60.0	30.0		4.0	8.0	6.15	4.83	24.69	8.23	20.0		8.01
60x30x4.5	прямоугольная	60.0	30.0		4.5	9.0	6.77	5.31	26.34	8.78	19.7		8.47
60x30x5	прямоугольная	60.0	30.0		5.0	10.0	7.36	5.77	27.72	9.24	19.4		8.83
60x30x5.5	прямоугольная	60.0	30.0		5.5	11.0	7.91	6.21	28.84	9.61	19.1		9.1
60x30x6	прямоугольная	60.0	30.0		6.0	12.0	8.43	6.62	29.69	9.9	18.8		9.28
60x40x2	прямоугольная	60.0	40.0		2.0	4.0	3.74	2.93	18.41	6.14	22.2		9.82
60x40x2.5	прямоугольная	60.0	40.0		2.5	5.0	4.59	3.6	22.06	7.35	21.9		11.72
60x40x3	прямоугольная	60.0	40.0		3.0	6.0	5.41	4.25	25.37	8.46	21.7		13.42
60x40x3.5	прямоугольная	60.0	40.0		3.5	7.0	6.19	4.86	28.33	9.44	21.4		14.92
60x40x4	прямоугольная	60.0	40.0		4.0	8.0	6.95	5.45	30.96	10.32	21.1		16.23
60x40x4.5	прямоугольная	60.0	40.0		4.5	9.0	7.67	6.02	33.28	11.09	20.8		17.37
60x40x5	прямоугольная	60.0	40.0		5.0	10.0	8.36	6.56	35.29	11.76	20.5		18.34
60x40x5.5	прямоугольная	60.0	40.0		5.5	11.0	9.01	7.07	37.0	12.33	20.3		19.16
60x40x6	прямоугольная	60.0	40.0		6.0	12.0	9.63	7.56	38.44	12.81	20.0		19.82
70x50x2	прямоугольная	70.0	50.0		2.0	4.0	4.54	3.56	31.47	8.99	26.3		18.75
70x50x2.5	прямоугольная	70.0	50.0		2.5	5.0	5.59	4.39	38.0	10.86	26.1		22.57
70x50x3	прямоугольная	70.0	50.0		3.0	6.0	6.61	5.19	44.03	12.58	25.8		26.08
70x50x3.5	прямоугольная	70.0	50.0		3.5	7.0	7.59	5.96	49.57	14.16	25.5		29.27
70x50x4	прямоугольная	70.0	50.0		4.0	8.0	8.55	6.71	54.64	15.61	25.3		32.16
70x50x4.5	прямоугольная	70.0	50.0		4.5	9.0	9.47	7.43	59.24	16.93	25.0		34.77
70x50x5	прямоугольная	70.0	50.0		5.0	10.0	10.36	8.13	63.4	18.11	24.7		37.1
70x50x5.5	прямоугольная	70.0	50.0		5.5	11.0	11.21	8.8	67.12	19.18	24.5		39.17
70x50x6	прямоугольная	70.0	50.0		6.0	12.0	12.03	9.45	70.43	20.12	24.2		40.98
80x40x2	прямоугольная	80.0	40.0		2.0	4.0	4.54	3.56	37.35	9.34	28.7		12.71
80x40x2.5	прямоугольная	80.0	40.0		2.5	5.0	5.59	4.39	45.1	11.27	28.4		15.24
80x40x3	прямоугольная	80.0	40.0		3.0	6.0	6.61	5.19	52.24	13.06	28.1		17.52
80x40x3.5	прямоугольная	80.0	40.0		3.5	7.0	7.59	5.96	58.79	14.7	27.8		19.58
80x40x4	прямоугольная	80.0	40.0		4.0	8.0	8.55	6.71	64.77	16.19	27.5		21.42
80x40x4.5	прямоугольная	80.0	40.0		4.5	9.0	9.47	7.43	70.19	17.55	27.2		23.04
80x40x5	прямоугольная	80.0	40.0		5.0	10.0	10.36	8.13	75.07	18.77	26.9		24.47
80x40x5.5	прямоугольная	80.0	40.0		5.5	11.0	11.21	8.8	79.42	19.86	26.6		25.7
80x40x6	прямоугольная	80.0	40.0		6.0	12.0	12.03	9.45	83.26	20.82	26.3		26.75
80x60x2	прямоугольная	80.0	60.0		2.0	4.0	5.34	4.19	49.52	12.38	30.5		34.35
80x60x2.5	прямоугольная	80.0	60.0		2.5	5.0	6.59	5.17	60.11	15.03	30.2		42.42
80x60x3	прямоугольная	80.0	60.0		3.0	6.0	7.81	6.13	70.02	17.51	29.9		44.86
80x60x3.5	прямоугольная	80.0	60.0		3.5	7.0	8.99	7.06	79.27	19.82	29.7		50.67
80x60x4	прямоугольная	80.0	60.0		4.0	8.0	10.15	7.97	87.87	21.97	29.4		56.05
80x60x4.5	прямоугольная	80.0	60.0		4.5	9.0	11.27	8.85	95.84	23.96	29.2		61.0
80x60x5	прямоугольная	80.0	60.0		5.0	10.0	12.36	9.7	103.2	25.8	28.9		65.54
80x60x5.5	прямоугольная	80.0	60.0		5.5	11.0	13.41	10.53	109.9	27.49	28.6		69.68
80x60x6	прямоугольная	80.0	60.0		6.0	12.0	14.43	11.33	116.1	29.03	28.4		73.43
80x60x6.5	прямоугольная	80.0	60.0		6.5	16.5	15.06	11.82	115.9	28.98	27.7		73.58
80x60x7	прямоугольная	80.0	60.0		7.0	17.5	15.96	12.53	120.1	30.01	27.4		76.1
80x70x3	прямоугольная	80.0	70.0		3.0	6.0	8.41	6.6	78.92	19.73	30.6		64.23
80x70x3.5	прямоугольная	80.0	70.0		3.5	7.0	9.69	7.61	89.51	22.38	30.4		72.79
80x70x4	прямоугольная	80.0	70.0		4.0	8.0	10.95	8.59	99.42	24.86	30.1		80.77
80x70x4.5	прямоугольная	80.0	70.0		4.5	9.0	12.17	9.55	108.7	27.17	29.9		88.2
80x70x5	прямоугольная	80.0	70.0		5.0	10.0	13.36	10.48	117.3	29.31	29.6		95.09
80x70x5.5	прямоугольная	80.0	70.0		5.5	11.0	14.51	11.39	125.2	31.3	29.4		101.5
80x70x6	прямоугольная	80.0	70.0		6.0	12.0	15.63	12.27	132.5	33.14	29.1		107.3
80x70x6.5	прямоугольная	80.0	70.0		6.5	16.5	16.36	12.84	133.5	33.37	28.6		108.2
80x70x7	прямоугольная	80.0	70.0		7.0	17.5	17.36	13.63	138.7	34.68	28.3		112.4
90x50x3	прямоугольная	90.0	50.0		3.0	6.0	7.81	6.13	81.83	18.19	32.4		32.7
90x50x3.5	прямоугольная	90.0	50.0		3.5	7.0	8.99	7.06	92.63	20.59	32.1		36.84
90x50x4	прямоугольная	90.0	50.0		4.0	8.0	10.15	7.97	102.7	22.82	31.8		40.63
90x50x4.5	прямоугольная	90.0	50.0		4.5	9.0	11.27	8.85	112.0	24.88	31.5		44.09
90x50x5	прямоугольная	90.0	50.0		5.0	10.0	12.36	9.7	120.5	26.79	31.2		47.23
90x50x5.5	прямоугольная	90.0	50.0		5.5	11.0	13.41	10.53	128.4	28.53	30.9		50.06
90x50x6	прямоугольная	90.0	50.0		6.0	12.0	14.43	11.33	135.6	30.13	30.6		52.59
90x50x6.5	прямоугольная	90.0	50.0		6.5	16.5	15.06	11.82	134.7	29.93	29.9		52.62
90x50x7	прямоугольная	90.0	50.0		7.0	17.5	15.96	12.53	139.4	30.97	29.6		54.27
90x60x3	прямоугольная	90.0	60.0		3.0	6.0	8.41	6.6	93.19	20.71	33.3		49.73
90x60x3.5	прямоугольная	90.0	60.0		3.5	7.0	9.69	7.61	105.7	23.5	33.0		56.26
90x60x4	прямоугольная	90.0	60.0		4.0	8.0	10.95	8.59	117.5	26.1	32.8		62.32
90x60x4.5	прямоугольная	90.0	60.0		4.5	9.0	12.17	9.55	128.4	28.54	32.5		67.93
90x60x5	прямоугольная	90.0	60.0		5.0	10.0	13.36	10.48	138.6	30.8	32.2		73.1
90x60x5.5	прямоугольная	90.0	60.0		5.5	11.0	14.51	11.39	148.0	32.9	31.9		77.84
90x60x6	прямоугольная	90.0	60.0		6.0	12.0	15.63	12.27	156.7	34.83	31.7		82.18
90x60x7	прямоугольная	90.0	60.0		7.0	17.5	17.36	13.63	163.5	36.33	30.7		85.93
100x40x3	прямоугольная	100.0	40.0		3.0	6.0	7.81	6.13	92.33	18.47	34.4		21.63
100x40x3.5	прямоугольная	100.0	40.0		3.5	7.0	8.99	7.06	104.4	20.89	34.1		24.24
100x40x4	прямоугольная	100.0	40.0		4.0	8.0	10.15	7.97	115.7	23.13	33.8		26.6
100x40x4.5	прямоугольная	100.0	40.0		4.5	9.0	11.27	8.85	126.0	25.21	33.4		28.71
100x40x5	прямоугольная	100.0	40.0		5.0	10.0	12.36	9.7	135.6	27.11	33.1		30.59
100x40x5.5	прямоугольная	100.0	40.0		5.5	11.0	13.41	10.53	144.3	28.85	32.8		32.25
100x40x6	прямоугольная	100.0	40.0		6.0	12.0	14.43	11.33	152.2	30.43	32.5		33.69
100x40x6.5	прямоугольная	100.0	40.0		6.5	16.5	15.06	11.82	150.1	30.03	31.6		33.54
100x40x7	прямоугольная	100.0	40.0		7.0	17.5	15.96	12.53	155.0	31.01	31.2		34.39
100x50x3	прямоугольная	100.0	50.0		3.0	6.0	8.41	6.6	106.4	21.29	35.6		36.02
100x50x3.5	прямоугольная	100.0	50.0		3.5	7.0	9.69	7.61	120.7	24.15	35.3		40.62
100x50x4	прямоугольная	100.0	50.0		4.0	8.0	10.95	8.59	134.1	26.82	35.0		44.86
100x50x4.5	прямоугольная	100.0	50.0		4.5	9.0	12.17	9.55	146.6	29.31	34.7		48.74
100x50x5	прямоугольная	100.0	50.0		5.0	10.0	13.36	10.48	158.1	31.62	34.4		52.29
100x50x5.5	прямоугольная	100.0	50.0		5.5	11.0	14.51	11.39	168.8	33.76	34.1		55.5
100x50x6	прямоугольная	100.0	50.0		6.0	12.0	15.63	12.27	178.7	35.73	33.8		58.4
100x50x6.5	прямоугольная	100.0	50.0		6.5	16.5	16.36	12.84	178.6	35.71	33.0		58.77
100x50x7	прямоугольная	100.0	50.0		7.0	17.5	17.36	13.63	185.3	37.06	32.7		60.74
100x60x3	прямоугольная	100.0	60.0		3.0	6.0	9.01	7.07	120.6	24.11	36.6		54.61
100x60x3.5	прямоугольная	100.0	60.0		3.5	7.0	10.39	8.16	137.0	27.41	36.3		61.85
100x60x4	прямоугольная	100.0	60.0		4.0	8.0	11.75	9.22	152.5	30.51	36.0		68.59
100x60x4.5	прямоугольная	100.0	60.0		4.5	9.0	13.07	10.26	167.1	33.42	35.8		74.86
100x60x5	прямоугольная	100.0	60.0		5.0	10.0	14.36	11.27	180.7	36.14	35.5		80.66
100x60x5.5	прямоугольная	100.0	60.0		5.5	11.0	15.61	12.25	193.4	38.68	35.2		86.01
100x60x6	прямоугольная	100.0	60.0		6.0	12.0	16.83	13.21	205.2	41.03	34.9		90.93
100x60x6.5	прямоугольная	100.0	60.0		6.5	16.5	17.66	13.86	207.0	41.39	34.2		92.18
100x60x7	прямоугольная	100.0	60.0		7.0	17.5	18.76	14.72	215.6	43.12	33.9		95.77
120x40x3	прямоугольная	120.0	40.0		3.0	6.0	9.01	7.07	148.0	24.67	40.5		25.74
120x40x3.5	прямоугольная	120.0	40.0		3.5	7.0	10.39	8.16	168.1	28.01	40.2		28.91
120x40x4	прямоугольная	120.0	40.0		4.0	8.0	11.75	9.22	186.9	31.14	39.9		31.79
120x40x4.5	прямоугольная	120.0	40.0		4.5	9.0	13.07	10.26	204.4	34.07	39.6		34.38
120x40x5	прямоугольная	120.0	40.0		5.0	10.0	14.36	11.27	220.8	36.79	39.2		36.72
120x40x5.5	прямоугольная	120.0	40.0		5.5	11.0	15.61	12.25	235.9	39.32	38.9		38.79
120x40x6	прямоугольная	120.0	40.0		6.0	12.0	16.83	13.21	249.9	41.65	38.5		40.63
120x40x6.5	прямоугольная	120.0	40.0		6.5	16.5	17.66	13.86	249.6	41.6	37.6		40.84
120x40x7	прямоугольная	120.0	40.0		7.0	17.5	18.76	14.72	259.2	43.21	37.2		42.01
120x60x3	прямоугольная	120.0	60.0		3.0	6.0	10.21	8.01	189.1	31.52	43.0		64.35
120x60x3.5	прямоугольная	120.0	60.0		3.5	7.0	11.79	9.26	215.6	35.93	42.8		73.02
120x60x4	прямоугольная	120.0	60.0		4.0	8.0	13.35	10.48	240.7	40.12	42.5		81.14
120x60x4.5	прямоугольная	120.0	60.0		4.5	9.0	14.87	11.67	264.5	44.08	42.2		88.72
120x60x5	прямоугольная	120.0	60.0		5.0	10.0	16.36	12.84	286.9	47.82	41.9		95.79
120x60x5.5	прямоугольная	120.0	60.0		5.5	11.0	17.81	13.98	308.0	51.34	41.6		102.3
120x60x6	прямоугольная	120.0	60.0		6.0	12.0	19.23	15.1	327.9	54.65	41.3		108.4
120x60x6.5	прямоугольная	120.0	60.0		6.5	16.5	20.26	15.9	333.3	55.56	40.6		110.8
120x60x7	прямоугольная	120.0	60.0		7.0	17.5	21.56	16.92	348.6	58.1	40.2		115.4
120x80x3	прямоугольная	120.0	80.0		3.0	6.0	11.41	8.96	230.2	38.36	44.9		123.4
120x80x3.5	прямоугольная	120.0	80.0		3.5	7.0	13.19	10.36	263.1	43.85	44.7		140.7
120x80x4	прямоугольная	120.0	80.0		4.0	8.0	14.95	11.73	294.5	49.09	44.4		157.2
120x80x4.5	прямоугольная	120.0	80.0		4.5	9.0	16.67	13.08	324.5	54.08	44.1		172.8
120x80x5	прямоугольная	120.0	80.0		5.0	10.0	18.36	14.41	353.0	58.84	43.9		187.6
120x80x5.5	прямоугольная	120.0	80.0		5.5	11.0	20.01	15.71	380.1	63.36	43.6		201.5
120x80x6	прямоугольная	120.0	80.0		6.0	12.0	21.63	16.98	405.9	67.64	43.3		214.7
120x80x6.5	прямоугольная	120.0	80.0		6.5	16.5	22.86	17.94	417.1	69.51	42.7		221.3
120x80x7	прямоугольная	120.0	80.0		7.0	17.5	24.36	19.12	438.0	73.0	42.4		232.0
140x60x3	прямоугольная	140.0	60.0		3.0	6.0	11.41	8.96	278.1	39.72	49.4		74.1
140x60x3.5	прямоугольная	140.0	60.0		3.5	7.0	13.19	10.36	317.7	45.39	49.1		84.19
140x60x4	прямоугольная	140.0	60.0		4.0	8.0	14.95	11.73	355.5	50.79	48.8		93.68
140x60x4.5	прямоугольная	140.0	60.0		4.5	9.0	16.67	13.08	391.6	55.94	48.5		102.6
140x60x5	прямоугольная	140.0	60.0		5.0	10.0	18.36	14.41	425.8	60.83	48.2		110.9
140x60x5.5	прямоугольная	140.0	60.0		5.5	11.0	20.01	15.71	458.3	65.47	47.9		118.7
140x60x6	прямоугольная	140.0	60.0		6.0	12.0	21.63	16.98	489.1	69.87	47.5		125.9
140x60x6.5	прямоугольная	140.0	60.0		6.5	16.5	22.86	17.94	500.2	71.46	46.8		129.4
140x60x7	прямоугольная	140.0	60.0		7.0	17.5	24.36	19.12	524.8	74.97	46.4		135.1
140x100x4	прямоугольная	140.0	100.0		4.0	8.0	18.15	14.25	503.5	71.93	52.7		300.0
140x100x4.5	прямоугольная	140.0	100.0		4.5	9.0	20.27	15.91	556.8	79.54	52.4		331.2
140x100x5	прямоугольная	140.0	100.0		5.0	10.0	22.36	17.55	608.1	86.87	52.2		361.2
140x100x5.5	прямоугольная	140.0	100.0		5.5	11.0	24.41	19.16	657.3	93.9	51.9		389.8
140x100x6	прямоугольная	140.0	100.0		6.0	12.0	26.43	20.75	704.5	100.6	51.6		417.2
140x100x6.5	прямоугольная	140.0	100.0		6.5	16.5	28.06	22.03	731.9	104.6	51.1		434.3
140x100x7	прямоугольная	140.0	100.0		7.0	17.5	29.96	23.52	772.4	110.3	50.8		457.8
140x120x4	прямоугольная	140.0	120.0		4.0	8.0	19.75	15.5	577.5	82.5	54.1		456.0
140x120x4.5	прямоугольная	140.0	120.0		4.5	9.0	22.07	17.32	639.4	91.35	53.8		504.6
140x120x5	прямоугольная	140.0	120.0		5.0	10.0	24.36	19.12	699.2	99.88	53.6		551.4
140x120x5.5	прямоугольная	140.0	120.0		5.5	11.0	26.61	20.89	756.8	108.1	53.3		596.5
140x120x6	прямоугольная	140.0	120.0		6.0	12.0	28.83	22.63	812.3	116.0	53.1		639.8
140x120x6.5	прямоугольная	140.0	120.0		6.5	16.5	30.66	24.07	847.8	121.11	52.6		668.3
140x120x7	прямоугольная	140.0	120.0		7.0	17.5	32.76	25.71	896.3	128.0	52.3		706.2
140x120x7.5	прямоугольная	140.0	120.0		7.5	19.0	34.82	27.33	942.5	134.6	52.0		742.2
140x120x8	прямоугольная	140.0	120.0		8.0	20.0	36.84	28.92	986.5	140.9	51.7		776.5
150x100x4	прямоугольная	150.0	100.0		4.0	8.0	18.95	14.87	594.5	79.27	56.0		318.4
150x100x4.5	прямоугольная	150.0	100.0		4.5	9.0	21.17	16.62	657.9	87.72	55.8		351.8
150x100x5	прямоугольная	150.0	100.0		5.0	10.0	23.36	18.33	719.0	95.87	55.5		383.7
150x100x5.5	прямоугольная	150.0	100.0		5.5	11.0	25.51	20.03	777.9	103.7	55.2		414.4
150x100x6	прямоугольная	150.0	100.0		6.0	12.0	27.63	21.69	834.4	111.3	55.0		443.7
150x100x6.5	прямоугольная	150.0	100.0		6.5	16.5	29.36	23.05	868.2	115.8	54.4		462.7
150x100x7	прямоугольная	150.0	100.0		7.0	17.5	31.36	24.62	917.1	122.3	54.1		488.0
160x40x3	прямоугольная	160.0	40.0		3.0	6.0	11.41	8.96	315.9	39.49	52.6		33.95
160x40x3.5	прямоугольная	160.0	40.0		3.5	7.0	13.19	10.36	360.5	45.07	52.3		38.23
160x40x4	прямоугольная	160.0	40.0		4.0	8.0	14.95	11.73	403.0	50.37	51.9		42.15
160x40x4.5	прямоугольная	160.0	40.0		4.5	9.0	16.67	13.08	443.2	55.4	51.6		45.73
160x40x5	прямоугольная	160.0	40.0		5.0	10.0	18.36	14.41	481.3	60.16	51.2		48.97
160x40x5.5	прямоугольная	160.0	40.0		5.5	11.0	20.01	15.71	517.3	64.66	50.8		51.89
160x40x6	прямоугольная	160.0	40.0		6.0	12.0	21.63	16.98	551.2	68.9	50.5		54.5
160x40x6.5	прямоугольная	160.0	40.0		6.5	16.5	22.86	17.94	559.7	69.96	49.5		55.43
160x40x7	прямоугольная	160.0	40.0		7.0	17.5	24.36	19.12	585.8	73.22	49.0		57.26
160x80x4	прямоугольная	160.0	80.0		4.0	8.0	18.15	14.25	597.6	74.71	57.4		203.4
160x80x4.5	прямоугольная	160.0	80.0		4.5	9.0	20.27	15.91	660.8	82.6	57.1		224.1
160x80x5	прямоугольная	160.0	80.0		5.0	10.0	22.36	17.55	721.6	90.2	56.8		243.8
160x80x5.5	прямоугольная	160.0	80.0		5.5	11.0	24.41	19.16	779.9	97.48	56.5		262.6
160x80x6	прямоугольная	160.0	80.0		6.0	12.0	26.43	20.75	835.8	104.5	56.2		280.4
160x80x6.5	прямоугольная	160.0	80.0		6.5	16.5	28.06	22.03	866.0	108.3	55.6		291.5
160x80x7	прямоугольная	160.0	80.0		7.0	17.5	29.96	23.52	913.5	114.2	55.2		306.6
160x100x4	прямоугольная	160.0	100.0		4.0	8.0	19.75	15.5	695.0	86.87	59.3		336.9
160x100x4.5	прямоугольная	160.0	100.0		4.5	9.0	22.07	17.32	769.6	96.21	59.1		372.3
160x100x5	прямоугольная	160.0	100.0		5.0	10.0	24.36	19.12	841.7	105.2	58.8		406.3
160x100x5.5	прямоугольная	160.0	100.0		5.5	11.0	26.61	20.89	911.2	113.9	58.5		439.0
160x100x6	прямоугольная	160.0	100.0		6.0	12.0	28.83	22.63	978.1	122.3	58.2		470.2
160x100x6.5	прямоугольная	160.0	100.0		6.5	16.5	30.66	24.07	1019.0	127.4	57.7		491.1
160x100x7	прямоугольная	160.0	100.0		7.0	17.5	32.76	25.71	1077.0	134.7	57.3		518.3
160x100x7.5	прямоугольная	160.0	100.0		7.5	19.0	34.82	27.33	1133.0	141.6	57.0		544.1
160x100x8	прямоугольная	160.0	100.0		8.0	20.0	36.84	28.92	1186.0	148.2	56.7		568.6
160x120x4	прямоугольная	160.0	120.0		4.0	8.0	21.35	16.76	792.3	99.04	60.9		509.8
160x120x4.5	прямоугольная	160.0	120.0		4.5	9.0	23.87	18.74	878.5	109.8	60.7		564.6
160x120x5	прямоугольная	160.0	120.0		5.0	10.0	26.36	20.69	961.8	120.2	60.4		617.5
160x120x5.5	прямоугольная	160.0	120.0		5.5	11.0	28.81	22.62	1042.0	130.3	60.2		668.6
160x120x6	прямоугольная	160.0	120.0		6.0	12.0	31.23	24.52	1120.0	140.0	59.9		717.8
160x120x6.5	прямоугольная	160.0	120.0		6.5	16.5	33.26	26.11	1172.0	146.5	59.4		752.0
160x120x7	прямоугольная	160.0	120.0		7.0	17.5	35.56	27.91	1241.0	155.2	59.1		795.5
160x120x7.5	прямоугольная	160.0	120.0		7.5	19.0	37.82	29.69	1307.0	163.4	58.8		837.2
160x120x8	прямоугольная	160.0	120.0		8.0	20.0	40.04	31.43	1371.0	171.3	58.5		876.9
160x140x5	прямоугольная	160.0	140.0		5.0	10.0	28.36	22.26	1082.0	135.2	61.8		881.4
160x140x5.5	прямоугольная	160.0	140.0		5.5	11.0	31.01	24.34	1174.0	146.7	61.5		955.8
160x140x6	прямоугольная	160.0	140.0		6.0	12.0	33.63	26.4	1263.0	157.8	61.3		1028.0
160x140x6.5	прямоугольная	160.0	140.0		6.5	16.5	35.86	28.15	1325.0	165.7	60.8		1079.0
160x140x7	прямоугольная	160.0	140.0		7.0	17.5	38.36	30.11	1405.0	175.6	60.5		1144.0
160x140x7.5	прямоугольная	160.0	140.0		7.5	19.0	40.82	32.04	1482.0	185.2	60.2		1206.0
160x140x8	прямоугольная	160.0	140.0		8.0	20.0	43.24	33.95	1555.0	194.4	60.0		1265.0
180x60x4	прямоугольная	180.0	60.0		4.0	8.0	18.15	14.25	678.1	75.3	61.1		118.8
180x60x4.5	прямоугольная	180.0	60.0		4.5	9.0	20.27	15.91	749.4	83.3	60.8		130.3
180x60x5	прямоугольная	180.0	60.0		5.0	10.0	22.36	17.55	817.8	90.9	60.5		141.2
180x60x5.5	прямоугольная	180.0	60.0		5.5	11.0	24.41	19.16	883.3	98.1	60.2		151.4
180x60x6	прямоугольная	180.0	60.0		6.0	12.0	26.43	20.75	946.0	105.1	59.8		160.9
180x60x6.5	прямоугольная	180.0	60.0		6.5	16.5	28.06	22.03	976.4	108.5	59.0		166.6
180x60x7	прямоугольная	180.0	60.0		7.0	17.5	29.96	23.52	1029.0	114.3	58.6		174.4
180x60x7.5	прямоугольная	180.0	60.0		7.5	19.0	31.82	24.98	1078.0	119.8	58.2		181.6
180x60x8	прямоугольная	180.0	60.0		8.0	20.0	33.64	26.41	1125.0	125.0	57.8		188.2
180x80x4	прямоугольная	180.0	80.0		4.0	8.0	19.75	15.5	802.0	89.12	63.7		226.5
180x80x4.5	прямоугольная	180.0	80.0		4.5	9.0	22.07	17.32	888.0	98.67	63.4		249.7
180x80x5	прямоугольная	180.0	80.0		5.0	10.0	24.36	19.12	970.9	107.9	63.1		271.9
180x80x5.5	прямоугольная	180.0	80.0		5.5	11.0	26.61	20.89	1051.0	116.8	62.8		293.1
180x80x6	прямоугольная	180.0	80.0		6.0	12.0	28.83	22.63	1128.0	125.3	62.5		313.3
180x80x6.5	прямоугольная	180.0	80.0		6.5	16.5	30.66	24.07	1172.0	130.2	61.8		326.6
180x80x7	прямоугольная	180.0	80.0		7.0	17.5	32.76	25.71	1238.0	137.6	61.5		343.9
180x80x7.5	прямоугольная	180.0	80.0		7.5	19.0	34.82	27.33	1301.0	144.6	61.1		360.1
180x80x8	прямоугольная	180.0	80.0		8.0	20.0	36.84	28.92	1361.0	151.3	60.8		375.4
180x100x4	прямоугольная	180.0	100.0		4.0	8.0	21.35	16.76	926.0	102.9	65.9		373.7
180x100x4.5	прямоугольная	180.0	100.0		4.5	9.0	23.87	18.74	1027.0	114.1	65.6		413.3
180x100x5	прямоугольная	180.0	100.0		5.0	10.0	26.36	20.69	1124.0	124.9	65.3		451.4
180x100x5.5	прямоугольная	180.0	100.0		5.5	11.0	28.81	22.62	1218.0	135.4	65.0		488.1
180x100x6	прямоугольная	180.0	100.0		6.0	12.0	31.23	24.52	1309.0	145.5	64.7		523.3
180x100x6.5	прямоугольная	180.0	100.0		6.5	16.5	33.26	26.11	1368.0	152.0	64.1		547.9
180x100x7	прямоугольная	180.0	100.0		7.0	17.5	35.56	27.91	1448.0	160.9	63.8		578.8
180x100x7.5	прямоугольная	180.0	100.0		7.5	19.0	37.82	29.69	1525.0	169.4	63.5		608.3
180x100x8	прямоугольная	180.0	100.0		8.0	20.0	40.04	31.43	1598.0	177.6	63.2		636.3
180x140x4	прямоугольная	180.0	140.0		4.0	8.0	24.55	19.27	1174.0	130.42	69.1		799.5
180x140x4.5	прямоугольная	180.0	140.0		4.5	9.0	27.47	21.56	1304.0	144.87	68.9		887.3
180x140x5	прямоугольная	180.0	140.0		5.0	10.0	30.36	23.83	1430.0	158.92	68.6		972.6
180x140x5.5	прямоугольная	180.0	140.0		5.5	11.0	33.21	26.07	1553.0	172.58	68.4		1055.0
180x140x6	прямоугольная	180.0	140.0		6.0	12.0	36.03	28.29	1673.0	185.85	68.1		1135.0
180x140x6.5	прямоугольная	180.0	140.0		6.5	16.5	38.46	30.19	1759.0	195.45	67.6		1195.0
180x140x7	прямоугольная	180.0	140.0		7.0	17.5	41.16	32.31	1867.0	207.43	67.3		1268.0
180x140x7.5	прямоугольная	180.0	140.0		7.5	19.0	43.82	34.4	1971.0	218.99	67.1		1338.0
180x140x8	прямоугольная	180.0	140.0		8.0	20.0	46.44	36.46	2071.0	230.15	66.8		1405.0
200x40x4	прямоугольная	200.0	40.0		4.0	8.0	18.15	14.25	738.6	73.86	63.8		52.52
200x40x4.5	прямоугольная	200.0	40.0		4.5	9.0	20.27	15.91	815.3	81.53	63.4		57.07
200x40x5	прямоугольная	200.0	40.0		5.0	10.0	22.36	17.55	888.7	88.87	63.0		61.22
200x40x5.5	прямоугольная	200.0	40.0		5.5	11.0	24.41	19.16	958.8	95.88	62.7		64.98
200x40x6	прямоугольная	200.0	40.0		6.0	12.0	26.43	20.75	1026.0	102.6	62.3		68.37
200x40x6.5	прямоугольная	200.0	40.0		6.5	16.5	28.06	22.03	1053.0	105.3	61.3		70.02
200x40x7	прямоугольная	200.0	40.0		7.0	17.5	29.96	23.52	1107.0	110.7	60.8		72.5
200x80x4	прямоугольная	200.0	80.0		4.0	8.0	21.35	16.76	1046.0	104.6	70.0		249.6
200x80x4.5	прямоугольная	200.0	80.0		4.5	9.0	23.87	18.74	1159.0	115.9	69.7		275.4
200x80x5	прямоугольная	200.0	80.0		5.0	10.0	26.36	20.69	1269.0	126.9	69.4		300.1
200x80x5.5	прямоугольная	200.0	80.0		5.5	11.0	28.81	22.62	1375.0	137.5	69.1		323.6
200x80x6	прямоугольная	200.0	80.0		6.0	12.0	31.23	24.52	1477.0	147.7	68.8		346.1
200x80x6.5	прямоугольная	200.0	80.0		6.5	16.5	33.26	26.11	1539.0	153.9	68.0		361.7
200x80x7	прямоугольная	200.0	80.0		7.0	17.5	35.56	27.91	1629.0	162.9	67.7		381.2
200x80x7.5	прямоугольная	200.0	80.0		7.5	19.0	37.82	29.69	1714.0	171.4	67.3		399.6
200x80x8	прямоугольная	200.0	80.0		8.0	20.0	40.04	31.43	1795.0	179.5	67.0		416.9
200x100x4	прямоугольная	200.0	100.0		4.0	8.0	22.95	18.01	1200.0	120.0	72.3		410.6
200x100x4.5	прямоугольная	200.0	100.0		4.5	9.0	25.67	20.15	1331.0	133.1	72.0		454.4
200x100x5	прямоугольная	200.0	100.0		5.0	10.0	28.36	22.26	1459.0	145.9	71.7		496.6
200x100x5.5	прямоугольная	200.0	100.0		5.5	11.0	31.01	24.34	1583.0	158.3	71.4		537.2
200x100x6	прямоугольная	200.0	100.0		6.0	12.0	33.63	26.4	1703.0	170.3	71.2		576.3
200x100x6.5	прямоугольная	200.0	100.0		6.5	16.5	35.86	28.15	1783.0	178.3	70.5		604.7
200x100x7	прямоугольная	200.0	100.0		7.0	17.5	38.36	30.11	1889.0	188.9	70.2		639.4
200x100x7.5	прямоугольная	200.0	100.0		7.5	19.0	40.82	32.04	1992.0	199.2	69.9		672.5
200x100x8	прямоугольная	200.0	100.0		8.0	20.0	43.24	33.95	2090.0	209.0	69.5		704.0
200x120x4	прямоугольная	200.0	120.0		4.0	8.0	24.55	19.27	1353.0	135.3	74.2		617.5
200x120x4.5	прямоугольная	200.0	120.0		4.5	9.0	27.47	21.56	1503.0	150.3	74.0		684.7
200x120x5	прямоугольная	200.0	120.0		5.0	10.0	30.36	23.83	1649.0	164.9	73.7		749.8
200x120x5.5	прямоугольная	200.0	120.0		5.5	11.0	33.21	26.07	1791.0	179.1	73.4		812.8
200x120x6	прямоугольная	200.0	120.0		6.0	12.0	36.03	28.29	1929.0	192.9	73.2		873.7
200x120x6.5	прямоугольная	200.0	120.0		6.5	16.5	38.46	30.19	2026.0	202.6	72.6		919.5
200x120x7	прямоугольная	200.0	120.0		7.0	17.5	41.16	32.31	2150.0	215.0	72.3		974.3
200x120x7.5	прямоугольная	200.0	120.0		7.5	19.0	43.82	34.4	2270.0	227.0	72.0		1027.0
200x120x8	прямоугольная	200.0	120.0		8.0	20.0	46.44	36.46	2385.0	238.5	71.7		1078.0
200x160x5	прямоугольная	200.0	160.0		5.0	10.0	34.36	26.97	2029.0	202.9	76.9		1442.0
200x160x5.5	прямоугольная	200.0	160.0		5.5	11.0	37.61	29.52	2207.0	220.7	76.6		1568.0
200x160x6	прямоугольная	200.0	160.0		6.0	12.0	40.83	32.05	2380.0	238.0	76.4		1690.0
200x160x6.5	прямоугольная	200.0	160.0		6.5	16.5	43.66	34.27	2513.0	251.3	75.9		1785.0
200x160x7	прямоугольная	200.0	160.0		7.0	17.5	46.76	36.7	2672.0	267.2	75.6		1897.0
200x160x7.5	прямоугольная	200.0	160.0		7.5	19.0	49.82	39.11	2826.0	282.6	75.3		2005.0
200x160x8	прямоугольная	200.0	160.0		8.0	20.0	52.84	41.48	2975.0	297.5	75.0		2110.0
200x160x8.5	прямоугольная	200.0	160.0		8.5	21.5	55.83	43.83	3120.0	312.0	74.8		2211.0
200x160x9	прямоугольная	200.0	160.0		9.0	22.5	58.78	46.14	3260.0	326.0	74.5		2309.0
200x160x9.5	прямоугольная	200.0	160.0		9.5	24.0	61.69	48.43	3395.0	339.5	74.2		2404.0
200x160x10	прямоугольная	200.0	160.0		10.0	25.0	64.57	50.68	3527.0	352.7	73.9		2496.0
220x100x4	прямоугольная	220.0	100.0		4.0	8.0	24.55	19.27	1519.0	138.1	78.7		447.4
220x100x4.5	прямоугольная	220.0	100.0		4.5	9.0	27.47	21.56	1687.0	153.4	78.4		495.4
220x100x5	прямоугольная	220.0	100.0		5.0	10.0	30.36	23.83	1851.0	168.3	78.1		541.7
220x100x5.5	прямоугольная	220.0	100.0		5.5	11.0	33.21	26.07	2010.0	182.7	77.8		586.3
220x100x6	прямоугольная	220.0	100.0		6.0	12.0	36.03	28.29	2164.0	196.7	77.5		629.3
220x100x6.5	прямоугольная	220.0	100.0		6.5	16.5	38.46	30.19	2270.0	206.3	76.8		661.6
220x100x7	прямоугольная	220.0	100.0		7.0	17.5	41.16	32.31	2408.0	218.9	76.5		699.9
220x100x7.5	прямоугольная	220.0	100.0		7.5	19.0	43.82	34.4	2541.0	231.0	76.1		736.6
220x100x8	прямоугольная	220.0	100.0		8.0	20.0	46.44	36.46	2669.0	242.7	75.8		771.7
220x140x5	прямоугольная	220.0	140.0		5.0	10.0	34.36	26.97	2313.0	210.3	82.1		1155.0
220x140x5.5	прямоугольная	220.0	140.0		5.5	11.0	37.61	29.52	2516.0	228.7	81.8		1254.0
220x140x6	прямоугольная	220.0	140.0		6.0	12.0	40.83	32.05	2714.0	246.7	81.5		1351.0
220x140x6.5	прямоугольная	220.0	140.0		6.5	16.5	43.66	34.27	2862.0	260.2	81.0		1427.0
220x140x7	прямоугольная	220.0	140.0		7.0	17.5	46.76	36.7	3043.0	276.6	80.7		1515.0
220x140x7.5	прямоугольная	220.0	140.0		7.5	19.0	49.82	39.11	3218.0	292.6	80.4		1601.0
220x140x8	прямоугольная	220.0	140.0		8.0	20.0	52.84	41.48	3388.0	308.0	80.1		1683.0
240x120x5	прямоугольная	240.0	120.0		5.0	10.0	34.36	26.97	2579.0	215.0	86.6		882.0
240x120x5.5	прямоугольная	240.0	120.0		5.5	11.0	37.61	29.52	2805.0	233.8	86.4		957.0
240x120x6	прямоугольная	240.0	120.0		6.0	12.0	40.83	32.05	3026.0	252.1	86.1		1030.0
240x120x6.5	прямоугольная	240.0	120.0		6.5	16.5	43.66	34.27	3188.0	265.6	85.4		1087.0
240x120x7	прямоугольная	240.0	120.0		7.0	17.5	46.76	36.7	3388.0	282.4	85.1		1153.0
240x120x7.5	прямоугольная	240.0	120.0		7.5	19.0	49.82	39.11	3583.0	298.6	84.8		1217.0
240x120x8	прямоугольная	240.0	120.0		8.0	20.0	52.84	41.48	3771.0	314.3	84.5		1278.0
240x160x6	прямоугольная	240.0	160.0		6.0	12.0	45.63	35.82	3683.0	306.9	89.8		1974.0
240x160x6.5	прямоугольная	240.0	160.0		6.5	16.5	48.86	38.35	3896.0	324.7	89.3		2091.0
240x160x7	прямоугольная	240.0	160.0		7.0	17.5	52.36	41.1	4148.0	345.7	89.0		2224.0
240x160x7.5	прямоугольная	240.0	160.0		7.5	19.0	55.82	43.82	4394.0	366.2	88.7		2354.0
240x160x8	прямоугольная	240.0	160.0		8.0	20.0	59.24	46.51	4633.0	386.1	88.4		2480.0
240x160x8.5	прямоугольная	240.0	160.0		8.5	21.5	62.63	49.16	4865.0	405.4	88.1		2602.0
240x160x9	прямоугольная	240.0	160.0		9.0	22.5	65.98	51.79	5091.0	424.2	87.8		2720.0
240x160x9.5	прямоугольная	240.0	160.0		9.5	24.0	69.29	54.39	5311.0	442.5	87.5		2835.0
240x160x10	прямоугольная	240.0	160.0		10.0	25.0	72.57	56.96	5524.0	460.3	87.2		2946.0
240x160x10.5	прямоугольная	240.0	160.0		10.5	31.5	74.86	58.76	5590.0	465.8	86.4		2990.0
240x160x11	прямоугольная	240.0	160.0		11.0	33.0	77.97	61.2	5777.0	481.4	86.1		3088.0
240x160x11.5	прямоугольная	240.0	160.0		11.5	34.5	81.03	63.61	5957.0	496.4	85.7		3183.0
240x160x12	прямоугольная	240.0	160.0		12.0	36.0	84.06	65.99	6130.0	510.9	85.4		3273.0
250x150x6	прямоугольная	250.0	150.0		6.0	12.0	45.63	35.82	3885.0	310.8	92.3		1768.0
250x150x6.5	прямоугольная	250.0	150.0		6.5	16.5	48.86	38.35	4109.0	328.7	91.7		1872.0
250x150x7	прямоугольная	250.0	150.0		7.0	17.5	52.36	41.1	4375.0	350.0	91.4		1991.0
250x150x7.5	прямоугольная	250.0	150.0		7.5	19.0	55.82	43.82	4633.0	370.7	91.1		2106.0
250x150x8	прямоугольная	250.0	150.0		8.0	20.0	59.24	46.51	4885.0	390.8	90.8		2217.0
260x130x6	прямоугольная	260.0	130.0		6.0	12.0	44.43	34.88	3888.0	299.0	93.5		1326.0
260x130x6.5	прямоугольная	260.0	130.0		6.5	16.5	47.56	37.33	4106.0	315.8	92.9		1403.0
260x130x7	прямоугольная	260.0	130.0		7.0	17.5	50.96	40.0	4369.0	336.1	92.6		1490.0
260x130x7.5	прямоугольная	260.0	130.0		7.5	19.0	54.32	42.64	4625.0	355.8	92.3		1574.0
260x130x8	прямоугольная	260.0	130.0		8.0	20.0	57.64	45.25	4874.0	374.9	92.0		1656.0
260x130x8.5	прямоугольная	260.0	130.0		8.5	21.5	60.93	47.83	5116.0	393.5	91.6		1735.0
260x130x9	прямоугольная	260.0	130.0		9.0	22.5	64.18	50.38	5350.0	411.6	91.3		1811.0
260x130x9.5	прямоугольная	260.0	130.0		9.5	24.0	67.39	52.9	5578.0	429.1	91.0		1885.0
260x130x10	прямоугольная	260.0	130.0		10.0	25.0	70.57	55.39	5799.0	446.0	90.6		1956.0
260x130x10.5	прямоугольная	260.0	130.0		10.5	31.5	72.76	57.12	5848.0	449.8	89.6		1982.0
260x130x11	прямоугольная	260.0	130.0		11.0	33.0	75.77	59.48	6038.0	464.5	89.3		2044.0
260x130x11.5	прямоугольная	260.0	130.0		11.5	34.5	78.73	61.81	6221.0	478.6	88.9		2103.0
260x130x12	прямоугольная	260.0	130.0		12.0	36.0	81.66	64.1	6397.0	492.1	88.5		2160.0
300x100x6	прямоугольная	300.0	100.0		6.0	12.0	45.63	35.82	4777.0	318.4	102.3		841.4
300x100x6.5	прямоугольная	300.0	100.0		6.5	16.5	48.86	38.35	5038.0	335.9	101.5		888.9
300x100x7	прямоугольная	300.0	100.0		7.0	17.5	52.36	41.1	5360.0	357.3	101.2		942.1
300x100x7.5	прямоугольная	300.0	100.0		7.5	19.0	55.82	43.82	5673.0	378.2	100.8		993.3
300x100x8	прямоугольная	300.0	100.0		8.0	20.0	59.24	46.51	5977.0	398.5	100.4		1043.0
300x100x8.5	прямоугольная	300.0	100.0		8.5	21.5	62.63	49.16	6273.0	418.2	100.1		1090.0
300x100x9	прямоугольная	300.0	100.0		9.0	22.5	65.98	51.79	6559.0	437.3	99.7		1135.0
300x100x9.5	прямоугольная	300.0	100.0		9.5	24.0	69.29	54.39	6836.0	455.8	99.3		1179.0
300x100x10	прямоугольная	300.0	100.0		10.0	25.0	72.57	56.96	7105.0	473.7	99.0		1220.0
300x200x6	прямоугольная	300.0	200.0		6.0	12.0	57.63	45.24	7370.0	491.3	113.1		3961.0
300x200x6.5	прямоугольная	300.0	200.0		6.5	16.5	61.86	48.56	7838.0	522.5	112.6		4217.0
300x200x7	прямоугольная	300.0	200.0		7.0	17.5	66.36	52.09	8365.0	557.7	112.3		4497.0
300x200x7.5	прямоугольная	300.0	200.0		7.5	19.0	70.82	55.59	8882.0	592.1	112.0		4771.0
300x200x8	прямоугольная	300.0	200.0		8.0	20.0	75.24	59.07	9388.0	625.9	111.7		5039.0
300x200x8.5	прямоугольная	300.0	200.0		8.5	21.5	79.63	62.51	9884.0	658.9	111.4		5302.0
300x200x9	прямоугольная	300.0	200.0		9.0	22.5	83.98	65.92	10370.001	691.3	111.1		5558.0
300x200x9.5	прямоугольная	300.0	200.0		9.5	24.0	88.29	69.31	10845.001	723.0	110.8		5809.0
300x200x10	прямоугольная	300.0	200.0		10.0	25.0	92.57	72.66	11310.001	754.0	110.5		6054.0
300x200x10.5	прямоугольная	300.0	200.0		10.5	31.5	95.86	75.25	11547.001	769.8	109.8		6195.0
300x200x11	прямоугольная	300.0	200.0		11.0	33.0	99.97	78.47	11970.001	798.0	109.4		6418.0
300x200x11.5	прямоугольная	300.0	200.0		11.5	34.5	104.0	81.67	12383.001	825.5	109.1		6636.0
300x200x12	прямоугольная	300.0	200.0		12.0	36.0	108.1	84.83	12784.001	852.3	108.8		6847.0
320x180x6	прямоугольная	320.0	180.0		6.0	12.0	57.63	45.24	8012.0	500.8	117.9		3308.0
320x180x6.5	прямоугольная	320.0	180.0		6.5	16.5	61.86	48.56	8517.0	532.3	117.3		3520.0
320x180x7	прямоугольная	320.0	180.0		7.0	17.5	66.36	52.09	9089.0	568.1	117.0		3752.0
320x180x7.5	прямоугольная	320.0	180.0		7.5	19.0	70.82	55.59	9650.0	603.1	116.7		3979.0
320x180x8	прямоугольная	320.0	180.0		8.0	20.0	75.24	59.07	10200.0	637.5	116.4		4201.0
320x180x8.5	прямоугольная	320.0	180.0		8.5	21.5	79.63	62.51	10738.001	671.1	116.1		4418.0
320x180x9	прямоугольная	320.0	180.0		9.0	22.5	83.98	65.92	11265.001	704.0	115.8		4630.0
320x180x9.5	прямоугольная	320.0	180.0		9.5	24.0	88.29	69.31	11780.001	736.3	115.5		4836.0
320x180x10	прямоугольная	320.0	180.0		10.0	25.0	92.57	72.66	12285.001	767.8	115.2		5038.0
320x180x10.5	прямоугольная	320.0	180.0		10.5	31.5	95.86	75.25	12530.0	783.1	114.3		5155.0
320x180x11	прямоугольная	320.0	180.0		11.0	33.0	99.97	78.47	12988.001	811.7	114.0		5338.0
320x180x11.5	прямоугольная	320.0	180.0		11.5	34.5	104.0	81.67	13434.001	839.6	113.6		5517.0
320x180x12	прямоугольная	320.0	180.0		12.0	36.0	108.1	84.83	13867.001	866.7	113.3		5690.0
350x250x6	прямоугольная	350.0	250.0		6.0	12.0	69.63	54.66	12456.001	711.8	133.7		7457.0
350x250x6.5	прямоугольная	350.0	250.0		6.5	16.5	74.86	58.76	13293.001	759.6	133.3		7963.0
350x250x7	прямоугольная	350.0	250.0		7.0	17.5	80.36	63.08	14210.001	812.0	133.0		8508.0
350x250x7.5	прямоугольная	350.0	250.0		7.5	19.0	85.82	67.37	15112.001	863.5	132.7		9044.0
350x250x8	прямоугольная	350.0	250.0		8.0	20.0	91.24	71.63	15999.001	914.3	132.4		9570.0
350x250x8.5	прямоугольная	350.0	250.0		8.5	21.5	96.63	75.85	16872.0	964.1	132.1		10087.0
350x250x9	прямоугольная	350.0	250.0		9.0	22.5	102.0	80.05	17731.0	1013.0	131.9		10595.001
350x250x9.5	прямоугольная	350.0	250.0		9.5	24.0	107.3	84.22	18575.0	1061.0	131.6		11094.0
350x250x10	прямоугольная	350.0	250.0		10.0	25.0	112.6	88.36	19404.0	1109.0	131.3		11583.001
350x250x10.5	прямоугольная	350.0	250.0		10.5	31.5	116.9	91.73	19923.0	1138.0	130.6		11912.001
350x250x11	прямоугольная	350.0	250.0		11.0	33.0	122.0	95.74	20694.002	1183.0	130.3		12368.001
350x250x11.5	прямоугольная	350.0	250.0		11.5	34.5	127.0	99.72	21451.002	1226.0	129.9		12815.001
350x250x12	прямоугольная	350.0	250.0		12.0	36.0	132.1	103.7	22191.002	1268.0	129.6		13253.0
350x300x6	прямоугольная	350.0	300.0		6.0	12.0	75.63	59.37	14232.001	813.2	137.2		11259.001
350x300x6.5	прямоугольная	350.0	300.0		6.5	16.5	81.36	63.87	15210.001	869.2	136.7		12037.001
350x300x7	прямоугольная	350.0	300.0		7.0	17.5	87.36	68.58	16269.001	929.6	136.5		12872.001
350x300x7.5	прямоугольная	350.0	300.0		7.5	19.0	93.32	73.26	17312.0	989.2	136.2		13694.001
350x300x8	прямоугольная	350.0	300.0		8.0	20.0	99.24	77.91	18339.0	1048.0	135.9		14504.001
350x300x8.5	прямоугольная	350.0	300.0		8.5	21.5	105.1	82.53	19351.0	1106.0	135.7		15301.001
350x300x9	прямоугольная	350.0	300.0		9.0	22.5	111.0	87.12	20347.0	1163.0	135.4		16086.001
350x300x9.5	прямоугольная	350.0	300.0		9.5	24.0	116.8	91.68	21328.002	1219.0	135.1		16858.0
350x300x10	прямоугольная	350.0	300.0		10.0	25.0	122.6	96.21	22294.002	1274.0	134.9		17618.0
350x300x10.5	прямоугольная	350.0	300.0		10.5	31.5	127.4	99.98	22948.002	1311.0	134.2		18147.0
350x300x11	прямоугольная	350.0	300.0		11.0	33.0	133.0	104.4	23855.002	1363.0	133.9		18861.0
350x300x11.5	прямоугольная	350.0	300.0		11.5	34.5	138.5	108.7	24745.0	1414.0	133.6		19561.0
350x300x12	прямоугольная	350.0	300.0		12.0	36.0	144.1	113.1	25619.0	1464.0	133.4		20249.0
380x220x6	прямоугольная	380.0	220.0		6.0	12.0	69.63	54.66	13885.001	730.8	141.2		6011.0
380x220x6.5	прямоугольная	380.0	220.0		6.5	16.5	74.86	58.76	14810.001	779.5	140.7		6418.0
380x220x7	прямоугольная	380.0	220.0		7.0	17.5	80.36	63.08	15831.001	833.2	140.4		6854.0
380x220x7.5	прямоугольная	380.0	220.0		7.5	19.0	85.82	67.37	16836.0	886.1	140.1		7282.0
380x220x8	прямоугольная	380.0	220.0		8.0	20.0	91.24	71.63	17824.0	938.1	139.8		7703.0
380x220x10	прямоугольная	380.0	220.0		10.0	25.0	112.6	88.36	23000.002	1150.0	142.9		7859.0
380x220x10.5	прямоугольная	380.0	220.0		10.5	31.5	116.9	91.73	23577.002	1179.0	142.0		8080.0
400x200x11	прямоугольная	400.0	200.0		11.0	33.0	122.0	95.74	24485.002	1224.0	141.7		8383.0
400x200x11.5	прямоугольная	400.0	200.0		11.5	34.5	127.0	99.72	25374.002	1269.0	141.3		8679.0
400x200x12	прямоугольная	400.0	200.0		12.0	36.0	132.1	103.7	26245.0	1312.0	141.0		8968.0
10Б1	нормальный (балочный)	100.0	55.0	4.1	5.7	7.0	10.32	8.1	171.0	34.2	40.7	19.7	15.9
12Б1	нормальный (балочный)	117.6	64.0	3.8	5.1	7.0	11.03	8.7	257.0	43.8	48.3	24.9	22.4
12Б2	нормальный (балочный)	120.0	64.0	4.4	6.3	7.0	13.21	10.4	318.0	53.0	49.0	30.4	27.7
14Б1	нормальный (балочный)	137.4	73.0	3.8	5.6	7.0	13.39	10.5	435.0	63.3	57.0	35.8	36.4
14Б2	нормальный (балочный)	140.0	73.0	4.7	6.9	7.0	16.43	12.9	541.0	77.3	57.4	44.2	44.9
16Б1	нормальный (балочный)	157.0	82.0	4.0	5.9	9.0	16.18	12.7	689.0	87.8	65.3	49.5	54.4
16Б2	нормальный (балочный)	160.0	82.0	5.0	7.4	9.0	20.09	15.8	869.0	108.7	65.8	61.9	68.3
18Б1	нормальный (балочный)	177.0	91.0	4.3	6.5	9.0	19.58	15.4	1063.0	120.1	73.7	67.7	81.9
18Б2	нормальный (балочный)	180.0	91.0	5.3	8.0	9.0	23.95	18.8	1317.0	146.3	74.1	83.2	100.8
20Б1	нормальный (балочный)	200.0	100.0	5.6	8.5	12.0	28.49	22.4	1943.0	194.3	82.6	110.3	142.3
23Б1	нормальный (балочный)	230.0	110.0	5.6	9.0	12.0	32.91	25.8	2996.0	260.5	95.4	147.2	200.3
26Б1	нормальный (балочный)	258.0	120.0	5.8	8.5	12.0	35.62	28.0	4024.0	312.0	106.3	176.6	245.6
26Б2	нормальный (балочный)	261.0	120.0	6.0	10.0	12.0	39.7	31.2	4654.0	356.6	108.3	201.5	288.8
30Б1	нормальный (балочный)	296.0	140.0	5.8	8.5	15.0	41.92	32.9	6328.0	427.0	122.9	240.0	390.0
30Б2	нормальный (балочный)	299.0	140.0	6.0	10.0	15.0	46.67	36.6	7293.0	487.8	125.0	273.8	458.6
35Б1	нормальный (балочный)	346.0	155.0	6.2	8.5	18.0	49.53	38.9	10060.0	581.7	142.5	328.6	529.6
35Б2	нормальный (балочный)	349.0	155.0	6.5	10.0	18.0	55.17	43.3	11550.0	662.2	144.7	373.0	622.9
40Б1	нормальный (балочный)	392.0	165.0	7.0	9.5	21.0	61.25	48.1	15750.0	803.6	160.3	456.0	714.9
40Б2	нормальный (балочный)	396.0	165.0	7.5	11.5	21.0	69.72	54.7	18530.0	935.7	163.0	529.7	865.0
45Б1	нормальный (балочный)	443.0	180.0	7.8	11.0	21.0	76.23	59.8	24940.0	1125.8	180.9	639.5	1073.7
45Б2	нормальный (балочный)	447.0	180.0	8.4	13.0	21.0	85.96	67.5	28870.0	1291.9	183.2	732.9	1269.0
50Б1	нормальный (балочный)	492.0	200.0	8.8	12.0	21.0	92.98	73.0	37160.0	1511.0	199.9	860.4	1606.0
50Б2	нормальный (балочный)	496.0	200.0	9.2	14.0	21.0	102.8	80.7	42390.0	1709.0	203.0	970.2	1873.0
55Б1	нормальный (балочный)	543.0	220.0	9.5	13.5	24.0	113.37	89.0	55680.0	2051.0	221.6	1165.0	2404.0
55Б2	нормальный (балочный)	547.0	220.0	10.0	15.5	24.0	124.75	97.9	62790.0	2296.0	224.3	1302.0	2760.0
60Б1	нормальный (балочный)	593.0	230.0	10.5	15.5	24.0	135.26	106.2	78760.0	2656.0	241.3	1512.0	3154.0
60Б2	нормальный (балочный)	597.0	230.0	11.0	17.5	24.0	147.3	115.6	87640.0	2936.0	243.9	1669.0	3561.0
70Б1	нормальный (балочный)	691.0	260.0	12.0	15.5	24.0	164.7	129.3	125930.0	3645.0	276.5	2095.0	4556.0
70Б2	нормальный (балочный)	697.0	260.0	12.5	18.5	24.0	183.6	144.2	145912.0	4187.0	281.9	2393.0	5437.0
80Б1	нормальный (балочный)	791.0	280.0	13.5	17.0	26.0	203.2	159.5	199500.0	5044.0	313.3	2917.0	6244.0
80Б2	нормальный (балочный)	798.0	280.0	14.0	20.5	26.0	226.6	177.9	232200.0	5820.0	320.1	3343.0	7527.0
90Б1	нормальный (балочный)	893.0	300.0	15.0	18.5	30.0	247.1	194.0	304400.0	6817.0	350.9	3964.0	8365.0
90Б2	нормальный (балочный)	900.0	300.0	15.5	22.0	30.0	272.4	213.8	349200.0	7760.0	358.0	4480.0	9943.0
100Б1	нормальный (балочный)	990.0	320.0	16.0	21.0	30.0	293.82	230.6	446000.0	9011.0	389.6	5234.0	11520.0
100Б2	нормальный (балочный)	998.0	320.0	17.0	25.0	30.0	328.9	258.2	516400.0	10350.0	396.2	5980.0	13710.0
100Б3	нормальный (балочный)	1006.0	320.0	18.0	29.0	30.0	364.0	285.7	587700.0	11680.0	401.8	6736.0	15900.0
100Б4	нормальный (балочный)	1013.0	320.0	19.5	32.5	30.0	400.6	314.5	655400.0	12940.0	404.5	7470.0	17830.0
20Ш1	широкополочный	193.0	150.0	6.0	9.0	13.0	38.95	30.6	2660.0	275.0	82.6	153.0	507.0
23Ш1	широкополочный	226.0	155.0	6.5	10.0	14.0	46.08	36.2	4260.0	377.0	96.2	210.0	622.0
26Ш1	широкополочный	251.0	180.0	7.0	10.0	16.0	54.37	42.7	6225.0	496.0	107.0	276.0	974.0
26Ш2	широкополочный	255.0	180.0	7.5	12.0	16.0	62.73	49.2	7429.0	583.0	108.8	325.0	1168.0
30Ш1	широкополочный	291.0	200.0	8.0	11.0	18.0	68.31	53.6	10400.0	715.0	123.4	398.0	1470.0
30Ш2	широкополочный	295.0	200.0	8.5	13.0	18.0	77.65	61.0	12200.0	827.0	125.3	462.0	1737.0
30Ш3	широкополочный	299.0	200.0	9.0	15.0	18.0	87.0	68.3	14040.0	939.0	127.0	526.0	2004.0
35Ш1	широкополочный	338.0	250.0	9.5	12.5	20.0	95.67	75.1	19790.0	1171.0	143.8	651.0	3260.0
35Ш2	широкополочный	341.0	250.0	10.0	14.0	20.0	104.74	82.2	22070.0	1295.0	145.2	721.0	3650.0
35Ш3	широкополочный	345.0	250.0	10.5	16.0	20.0	116.3	91.3	25140.0	1458.0	147.0	813.0	4170.0
40Ш1	широкополочный	388.0	300.0	9.5	14.0	22.0	122.4	96.1	34360.0	1771.0	167.6	976.0	6306.0
40Ш2	широкополочный	392.0	300.0	11.5	16.0	22.0	141.6	111.1	39700.0	2025.0	167.5	1125.0	7209.0
40Ш3	широкополочный	396.0	300.0	12.5	18.0	22.0	157.2	123.4	44740.0	2260.0	168.7	1259.0	8111.0
50Ш1	широкополочный	484.0	300.0	11.0	15.0	26.0	145.7	114.4	60930.0	2518.0	204.5	1403.0	6762.0
50Ш2	широкополочный	489.0	300.0	14.5	17.5	26.0	176.6	138.7	72530.0	2967.0	202.6	1676.0	7900.0
50Ш3	широкополочный	495.0	300.0	15.5	20.5	26.0	199.2	156.4	84200.0	3402.0	205.6	1923.0	9250.0
50Ш4	широкополочный	501.0	300.0	16.5	23.5	26.0	221.7	174.1	96150.0	3838.0	208.2	2173.0	10600.0
60Ш1	широкополочный	580.0	320.0	12.0	17.0	28.0	181.1	142.1	107300.0	3701.0	243.5	2068.0	9302.0
60Ш2	широкополочный	587.0	320.0	16.0	20.5	28.0	225.3	176.9	131800.0	4490.0	241.9	2544.0	11230.0
60Ш3	широкополочный	595.0	320.0	18.0	24.5	28.0	261.8	205.2	156900.0	5273.0	244.8	2997.0	13420.0
60Ш4	широкополочный	603.0	320.0	20.0	28.5	28.0	298.34	234.2	182500.0	6055.0	247.3	3455.0	15620.0
70Ш1	широкополочный	683.0	320.0	13.5	19.0	30.0	216.4	169.9	172000.0	5036.0	281.9	2843.0	10400.0
70Ш2	широкополочный	691.0	320.0	15.0	23.0	30.0	251.7	197.6	205500.0	5949.0	285.8	3360.0	12590.0
70Ш3	широкополочный	700.0	320.0	18.0	27.5	30.0	299.8	235.4	247100.0	7059.0	287.2	4017.0	15070.0
70Ш4	широкополочный	708.0	320.0	20.5	31.5	30.0	341.6	268.1	284400.0	8033.0	288.5	4598.0	17270.0
70Ш5	широкополочный	718.0	320.0	23.0	36.5	30.0	389.7	305.9	330600.0	9210.0	291.3	5298.0	20020.0
20К1	колонный	195.0	200.0	6.5	10.0	13.0	52.82	41.5	3820.0	392.0	85.0	216.0	1334.0
20К2	колонный	198.0	200.0	7.0	11.5	13.0	59.7	46.9	4422.0	447.0	86.1	247.0	1534.0
23К1	колонный	227.0	240.0	7.0	10.5	14.0	66.51	52.2	6589.0	580.0	99.5	318.0	2421.0
23К2	колонный	230.0	240.0	8.0	12.0	14.0	75.77	59.5	7601.0	661.0	100.2	365.0	2766.0
26К1	колонный	255.0	260.0	8.0	12.0	16.0	83.08	65.2	10300.0	809.0	111.4	445.0	3517.0
26К2	колонный	258.0	260.0	9.0	13.5	16.0	93.19	73.2	11700.0	907.0	112.1	501.0	3957.0
26К3	колонный	262.0	260.0	10.0	15.5	16.0	105.9	83.1	13560.0	1035.0	113.2	576.0	4544.0
30К1	колонный	296.0	300.0	9.0	13.5	18.0	108.0	84.8	18110.0	1223.0	129.5	672.0	6079.0
30К2	колонный	300.0	300.0	10.0	15.5	18.0	122.7	96.3	20930.0	1395.0	130.6	771.0	6980.0
30К3	колонный	304.0	300.0	11.5	17.5	18.0	138.72	108.9	23910.0	1573.0	131.2	874.0	7881.0
35К1	колонный	343.0	350.0	10.0	15.0	20.0	139.7	109.7	31610.0	1843.0	150.4	1010.0	10720.0
35К2	колонный	348.0	350.0	11.0	17.5	20.0	160.4	125.9	37090.0	2132.0	152.1	1173.0	12510.0
35К3	колонный	353.0	350.0	13.0	20.0	20.0	184.1	144.5	42970.0	2435.0	152.8	1351.0	14300.0
40К1	колонный	393.0	400.0	11.0	16.5	22.0	175.8	138.0	52400.0	2664.0	172.6	1457.0	17610.0
40К2	колонный	400.0	400.0	13.0	20.0	22.0	210.96	165.6	64140.0	3207.0	174.4	1767.0	21350.0
40К3	колонный	409.0	400.0	16.0	24.5	22.0	257.8	202.3	80040.0	3914.0	176.2	2180.0	26150.0
40К4	колонный	419.0	400.0	19.0	29.5	22.0	308.6	242.2	98340.0	4694.0	178.5	2642.0	31500.0
40К5	колонный	431.0	400.0	23.0	35.5	22.0	371.0	291.2	121570.0	5642.0	181.0	3217.0	37910.0
24ДБ1	дополнительной серии	239.0	115.0	5.5	9.3	15.0	35.45	27.8	3535.0	295.8	99.9	166.6	236.8
27ДБ1	дополнительной серии	269.0	125.0	6.0	9.5	15.0	40.68	31.9	5068.0	376.8	111.6	212.7	310.5
36ДБ1	дополнительной серии	360.0	145.0	7.2	12.3	18.0	62.6	49.1	13800.0	766.4	148.4	434.1	627.6
35ДБ1	дополнительной серии	349.0	127.0	5.8	8.5	15.0	42.78	33.6	8540.0	489.4	141.3	279.4	291.5
40ДБ1	дополнительной серии	399.0	139.0	6.2	9.0	15.0	50.58	39.7	13050.0	654.2	160.6	374.5	404.4
45ДБ1	дополнительной серии	450.0	152.0	7.4	11.0	15.0	67.05	52.6	21810.0	969.2	180.4	556.8	646.2
45ДБ2	дополнительной серии	450.0	180.0	7.6	13.3	18.0	82.8	65.0	28840.0	1280.0	187.0	722.0	1300.0
30ДШ1	дополнительной серии	300.6	201.9	9.4	16.0	18.0	92.6	72.7	15090.0	1000.0	128.0	563.0	2200.0
40ДШ1	дополнительной серии	397.6	302.0	11.5	18.7	22.0	159.0	124.0	46330.0	2330.0	171.0	1290.0	8590.0
50ДШ1	дополнительной серии	496.2	303.8	14.2	21.0	26.0	198.0	155.0	86010.0	3470.0	208.0	1950.0	9830.0
18С	с уклоном полок	180.0	68.0	7.0	10.5	10.5	25.7	20.2	1272.0	141.0	70.4	83.5	98.5
18Сa	с уклоном полок	180.0	70.0	9.0	10.5	10.5	29.3	23.0	1370.0	152.0	68.4	91.6	111.0
20С	с уклоном полок	200.0	73.0	7.0	11.0	11.0	28.8	22.6	1780.0	178.0	78.6	104.7	128.0
30С	с уклоном полок	300.0	87.0	9.5	13.5	13.5	49.6	39.1	6500.0	433.0	114.0	259.7	289.0
10x1	Труба круглая	10.0			1.0		0.28	0.222					
10x1.2	Труба круглая	10.0			1.2		0.33	0.26					
10.2x1	Труба круглая	10.2			1.0		0.29	0.227					
10.2x1.2	Труба круглая	10.2			1.2		0.34	0.266					
12x1	Труба круглая	12.0			1.0		0.35	0.271					
12x1.2	Труба круглая	12.0			1.2		0.41	0.32					
12x1.4	Труба круглая	12.0			1.4		0.47	0.366					
12x1.5	Труба круглая	12.0			1.5		0.49	0.388					
12x1.6	Труба круглая	12.0			1.6		0.52	0.41					
13x1	Труба круглая	13.0			1.0		0.38	0.296					
13x1.2	Труба круглая	13.0			1.2		0.44	0.349					
13x1.4	Труба круглая	13.0			1.4		0.51	0.401					
13x1.5	Труба круглая	13.0			1.5		0.54	0.425					
13x1.6	Труба круглая	13.0			1.6		0.57	0.45					
14x1	Труба круглая	14.0			1.0		0.41	0.321					
14x1.2	Труба круглая	14.0			1.2		0.48	0.379					
14x1.4	Труба круглая	14.0			1.4		0.55	0.435					
14x1.5	Труба круглая	14.0			1.5		0.59	0.462					
14x1.6	Труба круглая	14.0			1.6		0.62	0.489					
15x1	Труба круглая	15.0			1.0		0.44	0.345					
15x1.2	Труба круглая	15.0			1.2		0.52	0.408					
15x1.4	Труба круглая	15.0			1.4		0.6	0.47					
15x1.5	Труба круглая	15.0			1.5		0.64	0.499					
15x1.6	Труба круглая	15.0			1.6		0.67	0.529					
16x1	Труба круглая	16.0			1.0		0.47	0.37					
16x1.2	Труба круглая	16.0			1.2		0.56	0.438					
16x1.4	Труба круглая	16.0			1.4		0.64	0.504					
16x1.5	Труба круглая	16.0			1.5		0.68	0.536					
16x1.6	Труба круглая	16.0			1.6		0.72	0.568					
17x1	Труба круглая	17.0			1.0		0.5	0.395					
17x1.2	Труба круглая	17.0			1.2		0.6	0.468					
17x1.4	Труба круглая	17.0			1.4		0.69	0.539					
17x1.5	Труба круглая	17.0			1.5		0.73	0.573					
17x1.6	Труба круглая	17.0			1.6		0.77	0.608					
18x1	Труба круглая	18.0			1.0		0.53	0.419					
18x1.2	Труба круглая	18.0			1.2		0.63	0.497					
18x1.4	Труба круглая	18.0			1.4		0.73	0.573					
18x1.5	Труба круглая	18.0			1.5		0.78	0.61					
18x1.6	Труба круглая	18.0			1.6		0.82	0.719					
18x1.8	Труба круглая	18.0			1.8		0.92	0.789					
19x1	Труба круглая	19.0			1.0		0.57	0.444					
19x1.2	Труба круглая	19.0			1.2		0.67	0.527					
19x1.4	Труба круглая	19.0			1.4		0.77	0.608					
19x1.5	Труба круглая	19.0			1.5		0.82	0.647					
19x1.6	Труба круглая	19.0			1.6		0.87	0.687					
19x1.8	Труба круглая	19.0			1.8		0.97	0.764					
19x2	Труба круглая	19.0			2.0		1.07	0.838					
20x1	Труба круглая	20.0			1.0		0.6	0.469					
20x1.2	Труба круглая	20.0			1.2		0.71	0.556					
20x1.4	Труба круглая	20.0			1.4		0.82	0.642					
20x1.5	Труба круглая	20.0			1.5		0.87	0.684					
20x1.6	Труба круглая	20.0			1.6		0.92	0.726					
20x1.8	Труба круглая	20.0			1.8		1.03	0.808					
20x2	Труба круглая	20.0			2.0		1.13	0.888					
21.3x1	Труба круглая	21.3			1.0		0.64	0.501					
21.3x1.2	Труба круглая	21.3			1.2		0.76	0.595					
21.3x1.4	Труба круглая	21.3			1.4		0.88	0.687					
21.3x1.5	Труба круглая	21.3			1.5		0.93	0.732					
21.3x1.6	Труба круглая	21.3			1.6		0.99	0.777					
21.3x1.8	Труба круглая	21.3			1.8		1.1	0.866					
21.3x2	Труба круглая	21.3			2.0		1.21	0.952					
22x1	Труба круглая	22.0			1.0		0.66	0.518					
22x1.2	Труба круглая	22.0			1.2		0.78	0.616					
22x1.4	Труба круглая	22.0			1.4		0.91	0.711					
22x1.5	Труба круглая	22.0			1.5		0.97	0.758					
22x1.6	Труба круглая	22.0			1.6		1.03	0.805					
22x1.8	Труба круглая	22.0			1.8		1.14	0.897					
22x2	Труба круглая	22.0			2.0		1.26	0.986					
23x1	Труба круглая	23.0			1.0		0.69	0.543					
23x1.2	Труба круглая	23.0			1.2		0.82	0.645					
23x1.4	Труба круглая	23.0			1.4		0.95	0.746					
23x1.5	Труба круглая	23.0			1.5		1.01	0.795					
23x1.6	Труба круглая	23.0			1.6		1.08	0.844					
23x1.8	Труба круглая	23.0			1.8		1.2	0.941					
23x2	Труба круглая	23.0			2.0		1.32	1.04					
23x2.2	Труба круглая	23.0			2.2		1.44	1.13					
23x2.5	Труба круглая	23.0			2.5		1.61	1.26					
24x1	Труба круглая	24.0			1.0		0.72	0.567					
24x1.2	Труба круглая	24.0			1.2		0.86	0.675					
24x1.4	Труба круглая	24.0			1.4		0.99	0.78					
24x1.5	Труба круглая	24.0			1.5		1.06	0.832					
24x1.6	Труба круглая	24.0			1.6		1.13	0.884					
24x1.8	Труба круглая	24.0			1.8		1.26	0.985					
24x2	Труба круглая	24.0			2.0		1.38	1.09					
24x2.2	Труба круглая	24.0			2.2		1.51	1.18					
24x2.5	Труба круглая	24.0			2.5		1.69	1.33					
25x1	Труба круглая	25.0			1.0		0.75	0.592					
25x1.2	Труба круглая	25.0			1.2		0.9	0.704					
25x1.4	Труба круглая	25.0			1.4		1.04	0.815					
25x1.5	Труба круглая	25.0			1.5		1.11	0.869					
25x1.6	Труба круглая	25.0			1.6		1.18	0.923					
25x1.8	Труба круглая	25.0			1.8		1.31	1.03					
25x2	Труба круглая	25.0			2.0		1.45	1.13					
25x2.2	Труба круглая	25.0			2.2		1.58	1.24					
25x2.5	Труба круглая	25.0			2.5		1.77	1.39					
26x1	Труба круглая	26.0			1.0		0.79	0.617					
26x1.2	Труба круглая	26.0			1.2		0.93	0.734					
26x1.4	Труба круглая	26.0			1.4		1.08	0.849					
26x1.5	Труба круглая	26.0			1.5		1.15	0.906					
26x1.6	Труба круглая	26.0			1.6		1.23	0.963					
26x1.8	Труба круглая	26.0			1.8		1.37	1.07					
26x2	Труба круглая	26.0			2.0		1.51	1.18					
26x2.2	Труба круглая	26.0			2.2		1.64	1.29					
26x2.5	Труба круглая	26.0			2.5		1.85	1.45					
27x1	Труба круглая	27.0			1.0		0.82	0.641					
27x1.2	Труба круглая	27.0			1.2		0.97	0.764					
27x1.4	Труба круглая	27.0			1.4		1.13	0.884					
27x1.5	Труба круглая	27.0			1.5		1.2	0.943					
27x1.6	Труба круглая	27.0			1.6		1.28	1.0					
27x1.8	Труба круглая	27.0			1.8		1.42	1.12					
27x2	Труба круглая	27.0			2.0		1.57	1.23					
27x2.2	Труба круглая	27.0			2.2		1.71	1.35					
27x2.5	Труба круглая	27.0			2.5		1.92	1.51					
28x1	Труба круглая	28.0			1.0		0.85	0.666					
28x1.2	Труба круглая	28.0			1.2		1.01	0.793					
28x1.4	Труба круглая	28.0			1.4		1.17	0.918					
28x1.5	Труба круглая	28.0			1.5		1.25	0.98					
28x1.6	Труба круглая	28.0			1.6		1.33	1.04					
28x1.8	Труба круглая	28.0			1.8		1.48	1.16					
28x2	Труба круглая	28.0			2.0		1.63	1.28					
28x2.2	Труба круглая	28.0			2.2		1.78	1.4					
28x2.5	Труба круглая	28.0			2.5		2.0	1.57					
30x1	Труба круглая	30.0			1.0		0.91	0.715					
30x1.2	Труба круглая	30.0			1.2		1.09	0.852					
30x1.4	Труба круглая	30.0			1.4		1.26	0.987					
30x1.5	Труба круглая	30.0			1.5		1.34	1.05					
30x1.6	Труба круглая	30.0			1.6		1.43	1.12					
30x1.8	Труба круглая	30.0			1.8		1.59	1.25					
30x2	Труба круглая	30.0			2.0		1.76	1.38					
30x2.2	Труба круглая	30.0			2.2		1.92	1.51					
30x2.5	Труба круглая	30.0			2.5		2.16	1.7					
32x1	Труба круглая	32.0			1.0		0.97	0.765					
32x1.2	Труба круглая	32.0			1.2		1.16	0.911					
32x1.4	Труба круглая	32.0			1.4		1.35	1.06					
32x1.5	Труба круглая	32.0			1.5		1.44	1.13					
32x1.6	Труба круглая	32.0			1.6		1.53	1.2					
32x1.8	Труба круглая	32.0			1.8		1.71	1.34					
32x2	Труба круглая	32.0			2.0		1.88	1.48					
32x2.2	Труба круглая	32.0			2.2		2.06	1.62					
32x2.5	Труба круглая	32.0			2.5		2.32	1.82					
32x2.8	Труба круглая	32.0			2.8		2.57	2.02					
32x3	Труба круглая	32.0			3.0		2.73	2.15					
33x1	Труба круглая	33.0			1.0		1.01	0.789					
33x1.2	Труба круглая	33.0			1.2		1.2	0.941					
33x1.4	Труба круглая	33.0			1.4		1.39	1.09					
33x1.5	Труба круглая	33.0			1.5		1.48	1.17					
33x1.6	Труба круглая	33.0			1.6		1.58	1.24					
33x1.8	Труба круглая	33.0			1.8		1.76	1.38					
33x2	Труба круглая	33.0			2.0		1.95	1.53					
33x2.2	Труба круглая	33.0			2.2		2.13	1.67					
33x2.5	Труба круглая	33.0			2.5		2.4	1.88					
33x2.8	Труба круглая	33.0			2.8		2.66	2.09					
33x3	Труба круглая	33.0			3.0		2.83	2.22					
33.7x1.2	Труба круглая	33.7			1.2		1.23	0.962					
33.7x1.4	Труба круглая	33.7			1.4		1.42	1.12					
33.7x1.5	Труба круглая	33.7			1.5		1.52	1.19					
33.7x1.6	Труба круглая	33.7			1.6		1.61	1.27					
33.7x1.8	Труба круглая	33.7			1.8		1.8	1.42					
33.7x2	Труба круглая	33.7			2.0		1.99	1.56					
33.7x2.2	Труба круглая	33.7			2.2		2.18	1.71					
33.7x2.5	Труба круглая	33.7			2.5		2.45	1.92					
33.7x2.8	Труба круглая	33.7			2.8		2.72	2.13					
33.7x3	Труба круглая	33.7			3.0		2.89	2.27					
35x1.2	Труба круглая	35.0			1.2		1.27	1.0					
35x1.4	Труба круглая	35.0			1.4		1.48	1.16					
35x1.5	Труба круглая	35.0			1.5		1.58	1.24					
35x1.6	Труба круглая	35.0			1.6		1.68	1.32					
35x1.8	Труба круглая	35.0			1.8		1.88	1.47					
35x2	Труба круглая	35.0			2.0		2.07	1.63					
35x2.2	Труба круглая	35.0			2.2		2.27	1.78					
35x2.5	Труба круглая	35.0			2.5		2.55	2.0					
35x2.8	Труба круглая	35.0			2.8		2.83	2.22					
35x3	Труба круглая	35.0			3.0		3.02	2.37					
36x1.2	Труба круглая	36.0			1.2		1.31	1.03					
36x1.4	Труба круглая	36.0			1.4		1.52	1.19					
36x1.5	Труба круглая	36.0			1.5		1.63	1.28					
36x1.6	Труба круглая	36.0			1.6		1.73	1.36					
36x1.8	Труба круглая	36.0			1.8		1.93	1.52					
36x2	Труба круглая	36.0			2.0		2.14	1.68					
36x2.2	Труба круглая	36.0			2.2		2.34	1.83					
36x2.5	Труба круглая	36.0			2.5		2.63	2.07					
36x2.8	Труба круглая	36.0			2.8		2.92	2.29					
36x3	Труба круглая	36.0			3.0		3.11	2.44					
38x1.2	Труба круглая	38.0			1.2		1.39	1.09					
38x1.4	Труба круглая	38.0			1.4		1.61	1.26					
38x1.5	Труба круглая	38.0			1.5		1.72	1.35					
38x1.6	Труба круглая	38.0			1.6		1.83	1.44					
38x1.8	Труба круглая	38.0			1.8		2.05	1.61					
38x2	Труба круглая	38.0			2.0		2.26	1.78					
38x2.2	Труба круглая	38.0			2.2		2.47	1.94					
38x2.5	Труба круглая	38.0			2.5		2.79	2.19					
38x2.8	Труба круглая	38.0			2.8		3.1	2.43					
38x3	Труба круглая	38.0			3.0		3.3	2.59					
40x1.2	Труба круглая	40.0			1.2		1.46	1.15					
40x1.4	Труба круглая	40.0			1.4		1.7	1.33					
40x1.5	Труба круглая	40.0			1.5		1.81	1.42					
40x1.6	Труба круглая	40.0			1.6		1.93	1.52					
40x1.8	Труба круглая	40.0			1.8		2.16	1.7					
40x2	Труба круглая	40.0			2.0		2.39	1.87					
40x2.2	Труба круглая	40.0			2.2		2.61	2.05					
40x2.5	Труба круглая	40.0			2.5		2.95	2.31					
40x2.8	Труба круглая	40.0			2.8		3.27	2.57					
40x3	Труба круглая	40.0			3.0		3.49	2.74					
42x1.2	Труба круглая	42.0			1.2		1.54	1.21					
42x1.4	Труба круглая	42.0			1.4		1.79	1.4					
42x1.5	Труба круглая	42.0			1.5		1.91	1.5					
42x1.6	Труба круглая	42.0			1.6		2.03	1.59					
42x1.8	Труба круглая	42.0			1.8		2.27	1.78					
42x2	Труба круглая	42.0			2.0		2.51	1.97					
42x2.2	Труба круглая	42.0			2.2		2.75	2.16					
42x2.5	Труба круглая	42.0			2.5		3.1	2.44					
42x2.8	Труба круглая	42.0			2.8		3.45	2.71					
42x3	Труба круглая	42.0			3.0		3.68	2.89					
44.5x1.2	Труба круглая	44.5			1.2		1.63	1.28					
44.5x1.4	Труба круглая	44.5			1.4		1.9	1.49					
44.5x1.5	Труба круглая	44.5			1.5		2.03	1.59					
44.5x1.6	Труба круглая	44.5			1.6		2.16	1.69					
44.5x1.8	Труба круглая	44.5			1.8		2.41	1.9					
44.5x2	Труба круглая	44.5			2.0		2.67	2.1					
44.5x2.2	Труба круглая	44.5			2.2		2.92	2.29					
44.5x2.5	Труба круглая	44.5			2.5		3.3	2.59					
44.5x2.8	Труба круглая	44.5			2.8		3.67	2.88					
44.5x3	Труба круглая	44.5			3.0		3.91	3.07					
45x1.2	Труба круглая	45.0			1.2		1.65	1.3					
45x1.4	Труба круглая	45.0			1.4		1.92	1.51					
45x1.5	Труба круглая	45.0			1.5		2.05	1.61					
45x1.6	Труба круглая	45.0			1.6		2.18	1.71					
45x1.8	Труба круглая	45.0			1.8		2.44	1.92					
45x2	Труба круглая	45.0			2.0		2.7	2.12					
45x2.2	Труба круглая	45.0			2.2		2.96	2.32					
45x2.5	Труба круглая	45.0			2.5		3.34	2.62					
45x2.8	Труба круглая	45.0			2.8		3.71	2.91					
45x3	Труба круглая	45.0			3.0		3.96	3.11					
48x1.4	Труба круглая	48.0			1.4		2.05	1.61					
48x1.5	Труба круглая	48.0			1.5		2.19	1.72					
48x1.6	Труба круглая	48.0			1.6		2.33	1.83					
48x1.8	Труба круглая	48.0			1.8		2.61	2.05					
48x2	Труба круглая	48.0			2.0		2.89	2.27					
48x2.2	Труба круглая	48.0			2.2		3.17	2.48					
48x2.5	Труба круглая	48.0			2.5		3.57	2.81					
48x2.8	Труба круглая	48.0			2.8		3.98	3.12					
48x3	Труба круглая	48.0			3.0		4.24	3.33					
48x3.2	Труба круглая	48.0			3.2		4.5	3.54					
48x3.5	Труба круглая	48.0			3.5		4.89	3.84					
48.3x1.4	Труба круглая	48.3			1.4		2.06	1.62					
48.3x1.5	Труба круглая	48.3			1.5		2.21	1.73					
48.3x1.6	Труба круглая	48.3			1.6		2.35	1.84					
48.3x1.8	Труба круглая	48.3			1.8		2.63	2.06					
48.3x2	Труба круглая	48.3			2.0		2.91	2.28					
48.3x2.2	Труба круглая	48.3			2.2		3.19	2.5					
48.3x2.5	Труба круглая	48.3			2.5		3.6	2.82					
48.3x2.8	Труба круглая	48.3			2.8		4.0	3.14					
48.3x3	Труба круглая	48.3			3.0		4.27	3.35					
48.3x3.2	Труба круглая	48.3			3.2		4.53	3.56					
48.3x3.5	Труба круглая	48.3			3.5		4.93	3.87					
51x1.4	Труба круглая	51.0			1.4		2.18	1.71					
51x1.5	Труба круглая	51.0			1.5		2.33	1.83					
51x1.6	Труба круглая	51.0			1.6		2.48	1.95					
51x1.8	Труба круглая	51.0			1.8		2.78	2.18					
51x2	Труба круглая	51.0			2.0		3.08	2.42					
51x2.2	Труба круглая	51.0			2.2		3.37	2.65					
51x2.5	Труба круглая	51.0			2.5		3.81	2.99					
51x2.8	Труба круглая	51.0			2.8		4.24	3.33					
51x3	Труба круглая	51.0			3.0		4.52	3.55					
51x3.2	Труба круглая	51.0			3.2		4.81	3.77					
51x3.5	Труба круглая	51.0			3.5		5.22	4.1					
53x1.4	Труба круглая	53.0			1.4		2.27	1.78					
53x1.5	Труба круглая	53.0			1.5		2.43	1.91					
53x1.6	Труба круглая	53.0			1.6		2.58	2.03					
53x1.8	Труба круглая	53.0			1.8		2.9	2.27					
53x2	Труба круглая	53.0			2.0		3.2	2.52					
53x2.2	Труба круглая	53.0			2.2		3.51	2.76					
53x2.5	Труба круглая	53.0			2.5		3.97	3.11					
53x2.8	Труба круглая	53.0			2.8		4.42	3.47					
53x3	Труба круглая	53.0			3.0		4.71	3.7					
53x3.2	Труба круглая	53.0			3.2		5.01	3.93					
53x3.5	Труба круглая	53.0			3.5		5.44	4.27					
54x1.4	Труба круглая	54.0			1.4		2.31	1.82					
54x1.5	Труба круглая	54.0			1.5		2.47	1.94					
54x1.6	Труба круглая	54.0			1.6		2.63	2.07					
54x1.8	Труба круглая	54.0			1.8		2.95	2.32					
54x2	Труба круглая	54.0			2.0		3.27	2.56					
54x2.2	Труба круглая	54.0			2.2		3.58	2.81					
54x2.5	Труба круглая	54.0			2.5		4.04	3.18					
54x2.8	Труба круглая	54.0			2.8		4.5	3.54					
54x3	Труба круглая	54.0			3.0		4.81	3.77					
54x3.2	Труба круглая	54.0			3.2		5.11	4.01					
54x3.5	Труба круглая	54.0			3.5		5.55	4.36					
57x1.4	Труба круглая	57.0			1.4		2.45	1.92					
57x1.5	Труба круглая	57.0			1.5		2.62	2.05					
57x1.6	Труба круглая	57.0			1.6		2.78	2.19					
57x1.8	Труба круглая	57.0			1.8		3.12	2.45					
57x2	Труба круглая	57.0			2.0		3.46	2.71					
57x2.2	Труба круглая	57.0			2.2		3.79	2.97					
57x2.5	Труба круглая	57.0			2.5		4.28	3.36					
57x2.8	Труба круглая	57.0			2.8		4.77	3.74					
57x3	Труба круглая	57.0			3.0		5.09	4.0					
57x3.2	Труба круглая	57.0			3.2		5.41	4.25					
57x3.5	Труба круглая	57.0			3.5		5.88	4.62					
60x1.4	Труба круглая	60.0			1.4		2.58	2.02					
60x1.5	Труба круглая	60.0			1.5		2.76	2.16					
60x1.6	Труба круглая	60.0			1.6		2.94	2.3					
60x1.8	Труба круглая	60.0			1.8		3.29	2.58					
60x2	Труба круглая	60.0			2.0		3.64	2.86					
60x2.2	Труба круглая	60.0			2.2		3.99	3.14					
60x2.5	Труба круглая	60.0			2.5		4.52	3.54					
60x2.8	Труба круглая	60.0			2.8		5.03	3.95					
60x3	Труба круглая	60.0			3.0		5.37	4.22					
60x3.2	Труба круглая	60.0			3.2		5.71	4.48					
60x3.5	Труба круглая	60.0			3.5		6.21	4.88					
60x3.8	Труба круглая	60.0			3.8		6.71	5.27					
63.5x1.4	Труба круглая	63.5			1.4		2.73	2.14					
63.5x1.5	Труба круглая	63.5			1.5		2.92	2.29					
63.5x1.6	Труба круглая	63.5			1.6		3.11	2.44					
63.5x1.8	Труба круглая	63.5			1.8		3.49	2.74					
63.5x2	Труба круглая	63.5			2.0		3.86	3.03					
63.5x2.2	Труба круглая	63.5			2.2		4.24	3.33					
63.5x2.5	Труба круглая	63.5			2.5		4.79	3.76					
63.5x2.8	Труба круглая	63.5			2.8		5.34	4.19					
63.5x3	Труба круглая	63.5			3.0		5.7	4.48					
63.5x3.2	Труба круглая	63.5			3.2		6.06	4.76					
63.5x3.5	Труба круглая	63.5			3.5		6.6	5.18					
63.5x3.8	Труба круглая	63.5			3.8		7.13	5.59					
70x1.4	Труба круглая	70.0			1.4		3.02	2.37					
70x1.5	Труба круглая	70.0			1.5		3.23	2.53					
70x1.6	Труба круглая	70.0			1.6		3.44	2.7					
70x1.8	Труба круглая	70.0			1.8		3.86	3.03					
70x2	Труба круглая	70.0			2.0		4.27	3.35					
70x2.2	Труба круглая	70.0			2.2		4.69	3.68					
70x2.5	Труба круглая	70.0			2.5		5.3	4.16					
70x2.8	Труба круглая	70.0			2.8		5.91	4.64					
70x3	Труба круглая	70.0			3.0		6.31	4.96					
70x3.2	Труба круглая	70.0			3.2		6.72	5.27					
70x3.5	Труба круглая	70.0			3.5		7.31	5.74					
70x3.8	Труба круглая	70.0			3.8		7.9	6.2					
70x4	Труба круглая	70.0			4.0		8.29	6.51					
73x1.4	Труба круглая	73.0			1.4		3.15	2.47					
73x1.5	Труба круглая	73.0			1.5		3.37	2.64					
73x1.6	Труба круглая	73.0			1.6		3.59	2.82					
73x1.8	Труба круглая	73.0			1.8		4.03	3.16					
73x2	Труба круглая	73.0			2.0		4.46	3.5					
73x2.2	Труба круглая	73.0			2.2		4.89	3.84					
73x2.5	Труба круглая	73.0			2.5		5.54	4.35					
73x2.8	Труба круглая	73.0			2.8		6.17	4.85					
73x3	Труба круглая	73.0			3.0		6.6	5.18					
73x3.2	Труба круглая	73.0			3.2		7.02	5.51					
73x3.5	Труба круглая	73.0			3.5		7.64	6.0					
73x3.8	Труба круглая	73.0			3.8		8.26	6.48					
73x4	Труба круглая	73.0			4.0		8.67	6.81					
76x1.4	Труба круглая	76.0			1.4		3.28	2.58					
76x1.5	Труба круглая	76.0			1.5		3.51	2.76					
76x1.6	Труба круглая	76.0			1.6		3.74	2.94					
76x1.8	Труба круглая	76.0			1.8		4.2	3.29					
76x2	Труба круглая	76.0			2.0		4.65	3.65					
76x2.2	Труба круглая	76.0			2.2		5.1	4.0					
76x2.5	Труба круглая	76.0			2.5		5.77	4.53					
76x2.8	Труба круглая	76.0			2.8		6.44	5.05					
76x3	Труба круглая	76.0			3.0		6.88	5.4					
76x3.2	Труба круглая	76.0			3.2		7.32	5.74					
76x3.5	Труба круглая	76.0			3.5		7.97	6.26					
76x3.8	Труба круглая	76.0			3.8		8.62	6.77					
76x4	Труба круглая	76.0			4.0		9.05	7.1					
76x4.5	Труба круглая	76.0			4.5		10.11	7.93					
76x5	Труба круглая	76.0			5.0		11.15	8.75					
76x5.5	Труба круглая	76.0			5.5		12.18	9.56					
83x1.6	Труба круглая	83.0			1.6		4.09	3.21					
83x1.8	Труба круглая	83.0			1.8		4.59	3.6					
83x2	Труба круглая	83.0			2.0		5.09	4.0					
83x2.2	Труба круглая	83.0			2.2		5.58	4.38					
83x2.5	Труба круглая	83.0			2.5		6.32	4.96					
83x2.8	Труба круглая	83.0			2.8		7.05	5.54					
83x3	Труба круглая	83.0			3.0		7.54	5.92					
83x3.2	Труба круглая	83.0			3.2		8.02	6.3					
83x3.5	Труба круглая	83.0			3.5		8.74	6.86					
83x3.8	Труба круглая	83.0			3.8		9.45	7.42					
83x4	Труба круглая	83.0			4.0		9.93	7.79					
83x4.5	Труба круглая	83.0			4.5		11.1	8.71					
83x5	Труба круглая	83.0			5.0		12.25	9.62					
83x5.5	Труба круглая	83.0			5.5		13.39	10.51					
89x1.6	Труба круглая	89.0			1.6		4.39	3.45					
89x1.8	Труба круглая	89.0			1.8		4.93	3.87					
89x2	Труба круглая	89.0			2.0		5.47	4.29					
89x2.2	Труба круглая	89.0			2.2		6.0	4.71					
89x2.5	Труба круглая	89.0			2.5		6.79	5.33					
89x2.8	Труба круглая	89.0			2.8		7.58	5.95					
89x3	Труба круглая	89.0			3.0		8.11	6.36					
89x3.2	Труба круглая	89.0			3.2		8.63	6.77					
89x3.5	Труба круглая	89.0			3.5		9.4	7.38					
89x3.8	Труба круглая	89.0			3.8		10.17	7.98					
89x4	Труба круглая	89.0			4.0		10.68	8.38					
89x4.5	Труба круглая	89.0			4.5		11.95	9.38					
89x5	Труба круглая	89.0			5.0		13.19	10.36					
89x5.5	Труба круглая	89.0			5.5		14.43	11.33					
95x2	Труба круглая	95.0			2.0		5.84	4.59					
95x2.5	Труба круглая	95.0			2.5		7.26	5.7					
95x3.2	Труба круглая	95.0			3.2		9.23	7.24					
95x5	Труба круглая	95.0			5.0		14.14	11.1					
102x1.8	Труба круглая	102.0			1.8		5.67	4.45					
102x2	Труба круглая	102.0			2.0		6.28	4.93					
102x2.2	Труба круглая	102.0			2.2		6.9	5.41					
102x2.5	Труба круглая	102.0			2.5		7.81	6.13					
102x2.8	Труба круглая	102.0			2.8		8.73	6.85					
102x3	Труба круглая	102.0			3.0		9.33	7.32					
102x3.2	Труба круглая	102.0			3.2		9.93	7.8					
102x3.5	Труба круглая	102.0			3.5		10.83	8.5					
102x3.8	Труба круглая	102.0			3.8		11.72	9.2					
102x4	Труба круглая	102.0			4.0		12.31	9.67					
102x4.5	Труба круглая	102.0			4.5		13.78	10.82					
102x5	Труба круглая	102.0			5.0		15.24	11.96					
102x5.5	Труба круглая	102.0			5.5		16.67	13.09					
108x1.8	Труба круглая	108.0			1.8		6.01	4.71					
108x2	Труба круглая	108.0			2.0		6.66	5.23					
108x2.2	Труба круглая	108.0			2.2		7.31	5.74					
108x2.5	Труба круглая	108.0			2.5		8.29	6.5					
108x2.8	Труба круглая	108.0			2.8		9.25	7.26					
108x3	Труба круглая	108.0			3.0		9.9	7.77					
108x3.2	Труба круглая	108.0			3.2		10.54	8.27					
108x3.5	Труба круглая	108.0			3.5		11.49	9.02					
108x3.8	Труба круглая	108.0			3.8		12.44	9.76					
108x4	Труба круглая	108.0			4.0		13.07	10.26					
108x4.5	Труба круглая	108.0			4.5		14.63	11.49					
108x5	Труба круглая	108.0			5.0		16.18	12.7					
108x5.5	Труба круглая	108.0			5.5		17.71	13.9					
114x1.8	Труба круглая	114.0			1.8		6.34	4.98					
114x2	Труба круглая	114.0			2.0		7.04	5.52					
114x2.2	Труба круглая	114.0			2.2		7.73	6.07					
114x2.5	Труба круглая	114.0			2.5		8.76	6.87					
114x2.8	Труба круглая	114.0			2.8		9.78	7.68					
114x3	Труба круглая	114.0			3.0		10.46	8.21					
114x3.2	Труба круглая	114.0			3.2		11.14	8.74					
114x3.5	Труба круглая	114.0			3.5		12.15	9.54					
114x3.8	Труба круглая	114.0			3.8		13.16	10.33					
114x4	Труба круглая	114.0			4.0		13.82	10.85					
114x4.5	Труба круглая	114.0			4.5		15.48	12.15					
114x5	Труба круглая	114.0			5.0		17.12	13.44					
114x5.5	Труба круглая	114.0			5.5		18.75	14.72					
127x1.8	Труба круглая	127.0			1.8		7.08	5.56					
127x2	Труба круглая	127.0			2.0		7.85	6.17					
127x2.2	Труба круглая	127.0			2.2		8.63	6.77					
127x2.5	Труба круглая	127.0			2.5		9.78	7.68					
127x2.8	Труба круглая	127.0			2.8		10.92	8.58					
127x3	Труба круглая	127.0			3.0		11.69	9.17					
127x3.2	Труба круглая	127.0			3.2		12.45	9.77					
127x3.5	Труба круглая	127.0			3.5		13.58	10.66					
127x3.8	Труба круглая	127.0			3.8		14.71	11.55					
127x4	Труба круглая	127.0			4.0		15.46	12.13					
127x4.5	Труба круглая	127.0			4.5		17.32	13.59					
127x5	Труба круглая	127.0			5.0		19.16	15.04					
127x5.5	Труба круглая	127.0			5.5		20.99	16.48					
133x1.8	Труба круглая	133.0			1.8		7.42	5.82					
133x2	Труба круглая	133.0			2.0		8.23	6.46					
133x2.2	Труба круглая	133.0			2.2		9.04	7.1					
133x2.5	Труба круглая	133.0			2.5		10.25	8.05					
133x2.8	Труба круглая	133.0			2.8		11.45	8.99					
133x3	Труба круглая	133.0			3.0		12.25	9.62					
133x3.2	Труба круглая	133.0			3.2		13.05	10.24					
133x3.5	Труба круглая	133.0			3.5		14.24	11.18					
133x3.8	Труба круглая	133.0			3.8		15.42	12.11					
133x4	Труба круглая	133.0			4.0		16.21	12.72					
133x4.5	Труба круглая	133.0			4.5		18.17	14.26					
133x5	Труба круглая	133.0			5.0		20.11	15.78					
133x5.5	Труба круглая	133.0			5.5		22.03	17.29					
140x1.8	Труба круглая	140.0			1.8		7.81	6.13					
140x2	Труба круглая	140.0			2.0		8.67	6.81					
140x2.2	Труба круглая	140.0			2.2		9.52	7.48					
140x2.5	Труба круглая	140.0			2.5		10.8	8.48					
140x2.8	Труба круглая	140.0			2.8		12.07	9.47					
140x3	Труба круглая	140.0			3.0		12.91	10.14					
140x3.2	Труба круглая	140.0			3.2		13.75	10.8					
140x3.5	Труба круглая	140.0			3.5		15.01	11.78					
140x3.8	Труба круглая	140.0			3.8		16.26	12.76					
140x4	Труба круглая	140.0			4.0		17.09	13.42					
140x4.5	Труба круглая	140.0			4.5		19.16	15.04					
140x5	Труба круглая	140.0			5.0		21.21	16.65					
140x5.5	Труба круглая	140.0			5.5		23.24	18.24					
152x1.8	Труба круглая	152.0			1.8		8.49	6.67					
152x2	Труба круглая	152.0			2.0		9.42	7.4					
152x2.2	Труба круглая	152.0			2.2		10.35	8.13					
152x2.5	Труба круглая	152.0			2.5		11.74	9.22					
152x2.8	Труба круглая	152.0			2.8		13.12	10.3					
152x3	Труба круглая	152.0			3.0		14.04	11.02					
152x3.2	Труба круглая	152.0			3.2		14.96	11.74					
152x3.5	Труба круглая	152.0			3.5		16.33	12.82					
152x3.8	Труба круглая	152.0			3.8		17.69	13.89					
152x4	Труба круглая	152.0			4.0		18.6	14.6					
152x4.5	Труба круглая	152.0			4.5		20.85	16.37					
152x5	Труба круглая	152.0			5.0		23.09	18.13					
152x5.5	Труба круглая	152.0			5.5		25.31	19.87					
159x1.8	Труба круглая	159.0			1.8		8.89	6.98					
159x2	Труба круглая	159.0			2.0		9.86	7.74					
159x2.2	Труба круглая	159.0			2.2		10.84	8.51					
159x2.5	Труба круглая	159.0			2.5		12.29	9.65					
159x2.8	Труба круглая	159.0			2.8		13.74	10.79					
159x3	Труба круглая	159.0			3.0		14.7	11.54					
159x3.2	Труба круглая	159.0			3.2		15.66	12.29					
159x3.5	Труба круглая	159.0			3.5		17.1	13.42					
159x3.8	Труба круглая	159.0			3.8		18.53	14.54					
159x4	Труба круглая	159.0			4.0		19.48	15.29					
159x4.5	Труба круглая	159.0			4.5		21.84	17.15					
159x5	Труба круглая	159.0			5.0		24.19	18.99					
159x5.5	Труба круглая	159.0			5.5		26.52	20.82					
159x6	Труба круглая	159.0			6.0		28.84	22.64					
159x7	Труба круглая	159.0			7.0		33.43	26.24					
159x8	Труба круглая	159.0			8.0		37.95	29.79					
168x1.8	Труба круглая	168.0			1.8		9.4	7.38					
168x2	Труба круглая	168.0			2.0		10.43	8.19					
168x2.2	Труба круглая	168.0			2.2		11.46	9.0					
168x2.5	Труба круглая	168.0			2.5		13.0	10.2					
168x2.8	Труба круглая	168.0			2.8		14.53	11.41					
168x3	Труба круглая	168.0			3.0		15.55	12.21					
168x3.2	Труба круглая	168.0			3.2		16.57	13.01					
168x3.5	Труба круглая	168.0			3.5		18.09	14.2					
168x3.8	Труба круглая	168.0			3.8		19.6	15.39					
168x4	Труба круглая	168.0			4.0		20.61	16.18					
168x4.5	Труба круглая	168.0			4.5		23.11	18.14					
168x5	Труба круглая	168.0			5.0		25.6	20.1					
168x5.5	Труба круглая	168.0			5.5		28.08	22.04					
168x6	Труба круглая	168.0			6.0		30.54	23.97					
168x7	Труба круглая	168.0			7.0		35.4	27.79					
168x8	Труба круглая	168.0			8.0		40.21	31.57					
177.8x1.8	Труба круглая	177.8			1.8		9.95	7.81					
177.8x2	Труба круглая	177.8			2.0		11.05	8.67					
177.8x2.2	Труба круглая	177.8			2.2		12.14	9.53					
177.8x2.5	Труба круглая	177.8			2.5		13.77	10.81					
177.8x2.8	Труба круглая	177.8			2.8		15.39	12.08					
177.8x3	Труба круглая	177.8			3.0		16.47	12.93					
177.8x3.2	Труба круглая	177.8			3.2		17.55	13.78					
177.8x3.5	Труба круглая	177.8			3.5		19.16	15.04					
177.8x3.8	Труба круглая	177.8			3.8		20.77	16.31					
177.8x4	Труба круглая	177.8			4.0		21.84	17.14					
177.8x4.5	Труба круглая	177.8			4.5		24.5	19.23					
177.8x5	Труба круглая	177.8			5.0		27.14	21.31					
177.8x5.5	Труба круглая	177.8			5.5		29.77	23.37					
177.8x6	Труба круглая	177.8			6.0		32.38	25.42					
177.8x7	Труба круглая	177.8			7.0		37.56	29.48					
177.8x8	Труба круглая	177.8			8.0		42.67	33.5					
180x4	Труба круглая	180.0			4.0		22.12	17.36					
180x5	Труба круглая	180.0			5.0		27.49	21.58					
193.7x2	Труба круглая	193.7			2.0		12.04	9.45					
193.7x2.2	Труба круглая	193.7			2.2		13.24	10.39					
193.7x2.5	Труба круглая	193.7			2.5		15.02	11.79					
193.7x2.8	Труба круглая	193.7			2.8		16.79	13.18					
193.7x3	Труба круглая	193.7			3.0		17.97	14.11					
193.7x3.2	Труба круглая	193.7			3.2		19.15	15.03					
193.7x3.5	Труба круглая	193.7			3.5		20.91	16.42					
193.7x3.8	Труба круглая	193.7			3.8		22.67	17.8					
193.7x4	Труба круглая	193.7			4.0		23.84	18.71					
193.7x4.5	Труба круглая	193.7			4.5		26.75	21.0					
193.7x5	Труба круглая	193.7			5.0		29.64	23.27					
193.7x5.5	Труба круглая	193.7			5.5		32.52	25.53					
193.7x6	Труба круглая	193.7			6.0		35.38	27.77					
193.7x7	Труба круглая	193.7			7.0		41.06	32.23					
193.7x8	Труба круглая	193.7			8.0		46.67	36.64					
219x2.5	Труба круглая	219.0			2.5		17.0	13.35					
219x2.8	Труба круглая	219.0			2.8		19.02	14.93					
219x3	Труба круглая	219.0			3.0		20.36	15.98					
219x3.2	Труба круглая	219.0			3.2		21.69	17.03					
219x3.5	Труба круглая	219.0			3.5		23.69	18.6					
219x3.8	Труба круглая	219.0			3.8		25.69	20.17					
219x4	Труба круглая	219.0			4.0		27.02	21.21					
219x4.5	Труба круглая	219.0			4.5		30.32	23.8					
219x5	Труба круглая	219.0			5.0		33.61	26.39					
219x5.5	Труба круглая	219.0			5.5		36.89	28.96					
219x6	Труба круглая	219.0			6.0		40.15	31.52					
219x7	Труба круглая	219.0			7.0		46.62	36.6					
219x8	Труба круглая	219.0			8.0		53.03	41.63					
219x9	Труба круглая	219.0			9.0		59.37	46.61					
244.5x3	Труба круглая	244.5			3.0		22.76	17.87					
244.5x3.2	Труба круглая	244.5			3.2		24.26	19.04					
244.5x3.5	Труба круглая	244.5			3.5		26.5	20.8					
244.5x3.8	Труба круглая	244.5			3.8		28.73	22.56					
244.5x4	Труба круглая	244.5			4.0		30.22	23.72					
244.5x4.5	Труба круглая	244.5			4.5		33.93	26.63					
244.5x5	Труба круглая	244.5			5.0		37.62	29.53					
244.5x5.5	Труба круглая	244.5			5.5		41.3	32.42					
244.5x6	Труба круглая	244.5			6.0		44.95	35.29					
244.5x7	Труба круглая	244.5			7.0		52.23	41.0					
244.5x8	Труба круглая	244.5			8.0		59.44	46.66					
244.5x9	Труба круглая	244.5			9.0		66.58	52.27					
273x3.5	Труба круглая	273.0			3.5		29.63	23.26					
273x3.8	Труба круглая	273.0			3.8		32.14	25.23					
273x4	Труба круглая	273.0			4.0		33.8	26.53					
273x4.5	Труба круглая	273.0			4.5		37.96	29.8					
273x5	Труба круглая	273.0			5.0		42.1	33.05					
273x5.5	Труба круглая	273.0			5.5		46.22	36.28					
273x6	Труба круглая	273.0			6.0		50.33	39.51					
273x7	Труба круглая	273.0			7.0		58.49	45.92					
273x8	Труба круглая	273.0			8.0		66.6	52.28					
273x9	Труба круглая	273.0			9.0		74.64	58.59					
325x4	Труба круглая	325.0			4.0		40.34	31.66					
325x4.5	Труба круглая	325.0			4.5		45.31	35.57					
325x5	Труба круглая	325.0			5.0		50.26	39.46					
325x5.5	Труба круглая	325.0			5.5		55.2	43.34					
325x6	Труба круглая	325.0			6.0		60.13	47.2					
325x7	Труба круглая	325.0			7.0		69.93	54.89					
325x8	Труба круглая	325.0			8.0		79.67	62.54					
325x9	Труба круглая	325.0			9.0		89.34	70.14					
355.6x4	Труба круглая	355.6			4.0		44.18	34.68					
355.6x4.5	Труба круглая	355.6			4.5		49.63	38.96					
355.6x5	Труба круглая	355.6			5.0		55.07	43.23					
355.6x5.5	Труба круглая	355.6			5.5		60.49	47.49					
355.6x6	Труба круглая	355.6			6.0		65.9	51.73					
355.6x7	Труба круглая	355.6			7.0		76.66	60.18					
355.6x8	Труба круглая	355.6			8.0		87.36	68.58					
355.6x9	Труба круглая	355.6			9.0		98.0	76.93					
355.6x10	Труба круглая	355.6			10.0		108.57	85.23					
377x4	Труба круглая	377.0			4.0		46.87	36.79					
377x4.5	Труба круглая	377.0			4.5		52.66	41.34					
377x5	Труба круглая	377.0			5.0		58.43	45.87					
377x5.5	Труба круглая	377.0			5.5		64.19	50.39					
377x6	Труба круглая	377.0			6.0		69.93	54.89					
377x7	Труба круглая	377.0			7.0		81.36	63.87					
377x8	Труба круглая	377.0			8.0		92.74	72.8					
377x9	Труба круглая	377.0			9.0		104.05	81.68					
377x10	Труба круглая	377.0			10.0		115.29	90.51					
406.4x4	Труба круглая	406.4			4.0		50.57	39.69					
406.4x4.5	Труба круглая	406.4			4.5		56.82	44.6					
406.4x5	Труба круглая	406.4			5.0		63.05	49.49					
406.4x5.5	Труба круглая	406.4			5.5		69.27	54.38					
406.4x6	Труба круглая	406.4			6.0		75.47	59.25					
406.4x7	Труба круглая	406.4			7.0		87.83	68.95					
406.4x8	Труба круглая	406.4			8.0		100.13	78.6					
406.4x9	Труба круглая	406.4			9.0		112.36	88.2					
406.4x10	Труба круглая	406.4			10.0		124.53	97.76					
406.4x11	Труба круглая	406.4			11.0		136.64	107.26					
406.4x12	Труба круглая	406.4			12.0		148.68	116.71					
426x4	Труба круглая	426.0			4.0		53.03	41.63					
426x4.5	Труба круглая	426.0			4.5		59.59	46.78					
426x5	Труба круглая	426.0			5.0		66.13	51.91					
426x5.5	Труба круглая	426.0			5.5		72.66	57.03					
426x6	Труба круглая	426.0			6.0		79.17	62.15					
426x7	Труба круглая	426.0			7.0		92.14	72.33					
426x8	Труба круглая	426.0			8.0		105.05	82.47					
426x9	Труба круглая	426.0			9.0		117.9	92.55					
426x10	Труба круглая	426.0			10.0		130.69	102.59					
426x11	Труба круглая	426.0			11.0		143.41	112.58					
426x12	Труба круглая	426.0			12.0		156.07	122.51					
478x5	Труба круглая	478.0			5.0		74.3	58.32					
478x5.5	Труба круглая	478.0			5.5		81.64	64.09					
478x6	Труба круглая	478.0			6.0		88.97	69.84					
478x7	Труба круглая	478.0			7.0		103.58	81.31					
478x8	Труба круглая	478.0			8.0		118.12	92.72					
478x9	Труба круглая	478.0			9.0		132.6	104.09					
478x10	Труба круглая	478.0			10.0		147.02	115.41					
478x11	Труба круглая	478.0			11.0		161.38	126.68					
478x12	Труба круглая	478.0			12.0		175.67	137.9					
530x5	Труба круглая	530.0			5.0		82.46	64.73					
530x5.5	Труба круглая	530.0			5.5		90.62	71.14					
530x6	Труба круглая	530.0			6.0		98.77	77.53					
530x7	Труба круглая	530.0			7.0		115.01	90.28					
530x8	Труба круглая	530.0			8.0		131.19	102.98					
530x9	Труба круглая	530.0			9.0		147.3	115.63					
530x10	Труба круглая	530.0			10.0		163.36	128.24					
530x11	Труба круглая	530.0			11.0		179.35	140.79					
530x12	Труба круглая	530.0			12.0		195.28	153.29					
530x13	Труба круглая	530.0			13.0		211.14	165.75					
530x14	Труба круглая	530.0			14.0		226.94	178.15					
530x16	Труба круглая	530.0			16.0		258.36	202.81					
530x17	Труба круглая	530.0			17.0		273.97	215.07					
530x17.5	Труба круглая	530.0			17.5		281.75	221.18					
530x18	Труба круглая	530.0			18.0		289.52	227.27					
530x19	Труба круглая	530.0			19.0		305.01	239.43					
530x20	Труба круглая	530.0			20.0		320.43	251.54					
530x21	Труба круглая	530.0			21.0		335.79	263.6					
530x22	Труба круглая	530.0			22.0		351.09	275.61					
530x23	Труба круглая	530.0			23.0		366.33	287.57					
530x24	Труба круглая	530.0			24.0		381.5	299.48					
630x7	Труба круглая	630.0			7.0		137.0	107.55					
630x8	Труба круглая	630.0			8.0		156.32	122.71					
630x9	Труба круглая	630.0			9.0		175.58	137.83					
630x10	Труба круглая	630.0			10.0		194.77	152.9					
630x11	Труба круглая	630.0			11.0		213.9	167.92					
630x12	Труба круглая	630.0			12.0		232.97	182.88					
630x13	Труба круглая	630.0			13.0		251.98	197.8					
630x14	Труба круглая	630.0			14.0		270.92	212.67					
630x16	Труба круглая	630.0			16.0		308.62	242.27					
630x17	Труба круглая	630.0			17.0		327.38	256.99					
630x17.5	Труба круглая	630.0			17.5		336.73	264.33					
630x18	Труба круглая	630.0			18.0		346.07	271.66					
630x19	Труба круглая	630.0			19.0		364.7	286.29					
630x20	Труба круглая	630.0			20.0		383.26	300.86					
720x7	Труба круглая	720.0			7.0		156.79	123.08					
720x8	Труба круглая	720.0			8.0		178.94	140.47					
720x9	Труба круглая	720.0			9.0		201.02	157.8					
720x10	Труба круглая	720.0			10.0		223.05	175.09					
720x11	Труба круглая	720.0			11.0		245.01	192.33					
720x12	Труба круглая	720.0			12.0		266.9	209.52					
720x13	Труба круглая	720.0			13.0		288.74	226.66					
720x14	Труба круглая	720.0			14.0		310.51	243.75					
720x16	Труба круглая	720.0			16.0		353.86	277.78					
720x17	Труба круглая	720.0			17.0		375.44	294.72					
720x17.5	Труба круглая	720.0			17.5		386.21	303.17					
720x18	Труба круглая	720.0			18.0		396.96	311.61					
720x19	Труба круглая	720.0			19.0		418.42	328.46					
720x20	Труба круглая	720.0			20.0		439.81	345.25					
720x21	Труба круглая	720.0			21.0		461.14	362.0					
720x22	Труба круглая	720.0			22.0		482.41	378.69					
720x23	Труба круглая	720.0			23.0		503.61	395.34					
720x24	Труба круглая	720.0			24.0		524.76	411.93					
720x25	Труба круглая	720.0			25.0		545.84	428.48					
720x26	Труба круглая	720.0			26.0		566.85	444.98					
720x27	Труба круглая	720.0			27.0		587.81	461.43					
720x28	Труба круглая	720.0			28.0		608.7	477.83					
720x29	Труба круглая	720.0			29.0		629.53	494.18					
720x30	Труба круглая	720.0			30.0		650.29	510.48					
820x7	Труба круглая	820.0			7.0		178.78	140.34					
820x8	Труба круглая	820.0			8.0		204.07	160.2					
820x9	Труба круглая	820.0			9.0		229.3	180.0					
820x10	Труба круглая	820.0			10.0		254.46	199.75					
820x11	Труба круглая	820.0			11.0		279.56	219.46					
820x12	Труба круглая	820.0			12.0		304.6	239.11					
820x13	Труба круглая	820.0			13.0		329.57	258.72					
820x14	Труба круглая	820.0			14.0		354.49	278.27					
820x16	Труба круглая	820.0			16.0		404.12	317.24					
820x17	Труба круглая	820.0			17.0		428.85	336.64					
820x17.5	Труба круглая	820.0			17.5		441.18	346.33					
820x18	Труба круглая	820.0			18.0		453.51	356.0					
820x19	Труба круглая	820.0			19.0		478.1	375.31					
820x20	Труба круглая	820.0			20.0		502.64	394.57					
820x21	Труба круглая	820.0			21.0		527.11	413.78					
820x22	Труба круглая	820.0			22.0		551.52	432.94					
820x23	Труба круглая	820.0			23.0		575.87	452.06					
820x24	Труба круглая	820.0			24.0		600.15	471.12					
820x25	Труба круглая	820.0			25.0		624.37	490.13					
820x26	Труба круглая	820.0			26.0		648.53	509.1					
820x27	Труба круглая	820.0			27.0		672.63	528.01					
820x28	Труба круглая	820.0			28.0		696.66	546.88					
820x29	Труба круглая	820.0			29.0		720.63	565.69					
820x30	Труба круглая	820.0			30.0		744.54	584.46					
920x7	Труба круглая	920.0			7.0		200.77	157.61					
920x8	Труба круглая	920.0			8.0		229.2	179.93					
920x9	Труба круглая	920.0			9.0		257.57	202.19					
920x10	Труба круглая	920.0			10.0		285.88	224.41					
920x11	Труба круглая	920.0			11.0		314.12	246.58					
920x12	Труба круглая	920.0			12.0		342.3	268.7					
920x13	Труба круглая	920.0			13.0		370.41	290.78					
920x14	Труба круглая	920.0			14.0		398.47	312.8					
920x16	Труба круглая	920.0			16.0		454.39	356.69					
920x17	Труба круглая	920.0			17.0		482.25	378.57					
920x17.5	Труба круглая	920.0			17.5		496.16	389.49					
920x18	Труба круглая	920.0			18.0		510.05	400.39					
920x19	Труба круглая	920.0			19.0		537.79	422.17					
920x20	Труба круглая	920.0			20.0		565.47	443.89					
1020x8	Труба круглая	1020.0			8.0		254.34	199.65					
1020x9	Труба круглая	1020.0			9.0		285.85	224.39					
1020x10	Труба круглая	1020.0			10.0		317.29	249.07					
1020x11	Труба круглая	1020.0			11.0		348.68	273.71					
1020x12	Труба круглая	1020.0			12.0		380.0	298.3					
1020x13	Труба круглая	1020.0			13.0		411.25	322.83					
1020x14	Труба круглая	1020.0			14.0		442.45	347.32					
1020x16	Труба круглая	1020.0			16.0		504.65	396.15					
1020x17	Труба круглая	1020.0			17.0		535.66	420.49					
1020x17.5	Труба круглая	1020.0			17.5		551.14	432.64					
1020x18	Труба круглая	1020.0			18.0		566.6	444.78					
1020x19	Труба круглая	1020.0			19.0		597.48	469.02					
1020x20	Труба круглая	1020.0			20.0		628.3	493.22					
1020x21	Труба круглая	1020.0			21.0		659.06	517.36					
1020x22	Труба круглая	1020.0			22.0		689.75	541.45					
1020x23	Труба круглая	1020.0			23.0		720.38	565.5					
1020x24	Труба круглая	1020.0			24.0		750.94	589.49					
1020x25	Труба круглая	1020.0			25.0		781.45	613.44					
1020x26	Труба круглая	1020.0			26.0		811.89	637.33					
1020x27	Труба круглая	1020.0			27.0		842.27	661.18					
1020x28	Труба круглая	1020.0			28.0		872.58	684.98					
1020x29	Труба круглая	1020.0			29.0		902.84	708.73					
1020x30	Труба круглая	1020.0			30.0		933.03	732.43					
1020x31	Труба круглая	1020.0			31.0		963.15	756.07					
1020x32	Труба круглая	1020.0			32.0		993.22	779.68					
1120x8	Труба круглая	1120.0			8.0		279.47	219.38					
1120x9	Труба круглая	1120.0			9.0		314.12	246.58					
1120x10	Труба круглая	1120.0			10.0		348.71	273.73					
1120x11	Труба круглая	1120.0			11.0		383.23	300.84					
1120x12	Труба круглая	1120.0			12.0		417.69	327.89					
1120x13	Труба круглая	1120.0			13.0		452.09	354.89					
1120x14	Труба круглая	1120.0			14.0		486.43	381.85					
1120x16	Труба круглая	1120.0			16.0		554.91	435.61					
1120x17	Труба круглая	1120.0			17.0		589.06	462.41					
1120x17.5	Труба круглая	1120.0			17.5		606.11	475.8					
1120x18	Труба круглая	1120.0			18.0		623.15	489.17					
1120x19	Труба круглая	1120.0			19.0		657.17	515.88					
1120x20	Труба круглая	1120.0			20.0		691.13	542.54					
1220x9	Труба круглая	1220.0			9.0		342.39	268.78					
1220x10	Труба круглая	1220.0			10.0		380.12	298.4					
1220x11	Труба круглая	1220.0			11.0		417.79	327.96					
1220x12	Труба круглая	1220.0			12.0		455.39	357.48					
1220x13	Труба круглая	1220.0			13.0		492.93	386.95					
1220x14	Труба круглая	1220.0			14.0		530.41	416.37					
1220x16	Труба круглая	1220.0			16.0		605.18	475.07					
1220x17	Труба круглая	1220.0			17.0		642.47	504.34					
1220x17.5	Труба круглая	1220.0			17.5		661.09	518.96					
1220x18	Труба круглая	1220.0			18.0		679.69	533.56					
1220x19	Труба круглая	1220.0			19.0		716.86	562.73					
1220x20	Труба круглая	1220.0			20.0		753.96	591.86					
1420x10	Труба круглая	1420.0			10.0		442.95	347.72					
1420x11	Труба круглая	1420.0			11.0		486.9	382.22					
1420x12	Труба круглая	1420.0			12.0		530.79	416.67					
1420x13	Труба круглая	1420.0			13.0		574.61	451.07					
1420x14	Труба круглая	1420.0			14.0		618.37	485.42					
1420x16	Труба круглая	1420.0			16.0		705.71	553.98					
1420x17	Труба круглая	1420.0			17.0		749.28	588.18					
1420x17.5	Труба круглая	1420.0			17.5		771.04	605.27					
1420x18	Труба круглая	1420.0			18.0		792.79	622.34					
1420x19	Труба круглая	1420.0			19.0		836.24	656.45					
1420x20	Труба круглая	1420.0			20.0		879.62	690.5					
